season,week,team,opponent,is_home,spread_line,total_line,implied_total
1999,1,ARI,PHI,0,-3.0,37.0,20.0
1999,1,ATL,MIN,1,-4.0,49.0,22.5
1999,1,BAL,STL,0,0.0,39.0,19.5
1999,1,BUF,IND,0,-3.0,45.5,24.25
1999,1,CAR,NO,0,3.5,38.0,17.25
1999,1,CHI,KC,1,-3.0,38.0,17.5
1999,1,CIN,TEN,0,9.0,42.0,16.5
1999,1,CLE,PIT,1,-6.0,37.0,15.5
1999,1,DAL,WAS,0,2.5,42.0,19.75
1999,1,DEN,MIA,1,6.0,43.0,24.5
1999,1,DET,SEA,0,9.5,42.0,16.25
1999,1,GB,OAK,1,9.0,43.0,26.0
1999,1,IND,BUF,1,-3.0,45.5,21.25
1999,1,JAX,SF,1,5.5,49.0,27.25
1999,1,KC,CHI,0,-3.0,38.0,20.5
1999,1,MIA,DEN,0,6.0,43.0,18.5
1999,1,MIN,ATL,0,-4.0,49.0,26.5
1999,1,NE,NYJ,0,7.0,44.5,18.75
1999,1,NO,CAR,1,3.5,38.0,20.75
1999,1,NYG,TB,0,5.5,37.5,16.0
1999,1,NYJ,NE,1,7.0,44.5,25.75
1999,1,OAK,GB,0,9.0,43.0,17.0
1999,1,PHI,ARI,1,-3.0,37.0,17.0
1999,1,PIT,CLE,0,-6.0,37.0,21.5
1999,1,SEA,DET,1,9.5,42.0,25.75
1999,1,SF,JAX,0,5.5,49.0,21.75
1999,1,STL,BAL,1,0.0,39.0,19.5
1999,1,TB,NYG,1,5.5,37.5,21.5
1999,1,TEN,CIN,1,9.0,42.0,25.5
1999,1,WAS,DAL,1,2.5,42.0,22.25
1999,2,ARI,MIA,0,9.0,41.0,16.0
1999,2,ATL,DAL,0,6.5,42.0,17.75
1999,2,BAL,PIT,1,-2.5,38.0,17.75
1999,2,BUF,NYJ,1,4.0,42.0,23.0
1999,2,CAR,JAX,1,-9.5,44.0,17.25
1999,2,CHI,SEA,1,-3.5,39.0,17.75
1999,2,CIN,SD,1,1.0,40.5,20.75
1999,2,CLE,TEN,0,16.0,40.0,12.0
1999,2,DAL,ATL,1,6.5,42.0,24.25
1999,2,DEN,KC,0,-3.5,40.5,22.0
1999,2,DET,GB,1,-6.5,43.0,18.25
1999,2,GB,DET,0,-6.5,43.0,24.75
1999,2,IND,NE,0,4.5,45.0,20.25
1999,2,JAX,CAR,0,-9.5,44.0,26.75
1999,2,KC,DEN,1,-3.5,40.5,18.5
1999,2,MIA,ARI,1,9.0,41.0,25.0
1999,2,MIN,OAK,1,11.0,47.5,29.25
1999,2,NE,IND,1,4.5,45.0,24.75
1999,2,NO,SF,0,11.0,42.5,15.75
1999,2,NYG,WAS,1,2.5,41.0,21.75
1999,2,NYJ,BUF,0,4.0,42.0,19.0
1999,2,OAK,MIN,0,11.0,47.5,18.25
1999,2,PHI,TB,1,-6.5,36.5,15.0
1999,2,PIT,BAL,0,-2.5,38.0,20.25
1999,2,SD,CIN,0,1.0,40.5,19.75
1999,2,SEA,CHI,0,-3.5,39.0,21.25
1999,2,SF,NO,1,11.0,42.5,26.75
1999,2,TB,PHI,0,-6.5,36.5,21.5
1999,2,TEN,CLE,1,16.0,40.0,28.0
1999,2,WAS,NYG,0,2.5,41.0,19.25
1999,3,ARI,SF,1,-2.5,45.5,21.5
1999,3,ATL,STL,0,-1.5,40.5,21.0
1999,3,BAL,CLE,1,12.0,36.5,24.25
1999,3,BUF,PHI,1,11.5,38.0,24.75
1999,3,CAR,CIN,1,7.0,39.5,23.25
1999,3,CHI,OAK,0,7.0,38.0,15.5
1999,3,CIN,CAR,0,7.0,39.5,16.25
1999,3,CLE,BAL,0,12.0,36.5,12.25
1999,3,DEN,TB,0,2.5,38.0,17.75
1999,3,DET,KC,0,3.5,39.5,18.0
1999,3,GB,MIN,1,0.0,47.5,23.75
1999,3,IND,SD,0,-1.0,44.0,22.5
1999,3,JAX,TEN,1,9.5,45.0,27.25
1999,3,KC,DET,1,3.5,39.5,21.5
1999,3,MIN,GB,0,0.0,47.5,23.75
1999,3,NE,NYG,1,6.0,43.5,24.75
1999,3,NYG,NE,0,6.0,43.5,18.75
1999,3,NYJ,WAS,1,-1.0,43.5,21.25
1999,3,OAK,CHI,1,7.0,38.0,22.5
1999,3,PHI,BUF,0,11.5,38.0,13.25
1999,3,PIT,SEA,1,4.0,38.0,21.0
1999,3,SD,IND,1,-1.0,44.0,21.5
1999,3,SEA,PIT,0,4.0,38.0,17.0
1999,3,SF,ARI,0,-2.5,45.5,24.0
1999,3,STL,ATL,1,-1.5,40.5,19.5
1999,3,TB,DEN,1,2.5,38.0,20.25
1999,3,TEN,JAX,0,9.5,45.0,17.75
1999,3,WAS,NYJ,0,-1.0,43.5,22.25
1999,4,ARI,DAL,0,7.0,42.5,17.75
1999,4,ATL,BAL,1,2.5,36.5,19.5
1999,4,BAL,ATL,0,2.5,36.5,17.0
1999,4,BUF,MIA,0,4.5,40.5,18.0
1999,4,CAR,WAS,0,8.5,45.5,18.5
1999,4,CHI,NO,1,-1.0,37.0,18.0
1999,4,CIN,STL,1,-3.5,44.0,20.25
1999,4,CLE,NE,1,-12.0,38.0,13.0
1999,4,DAL,ARI,1,7.0,42.5,24.75
1999,4,DEN,NYJ,1,5.5,40.0,22.75
1999,4,JAX,PIT,0,-3.0,42.0,22.5
1999,4,KC,SD,0,1.0,38.5,18.75
1999,4,MIA,BUF,1,4.5,40.5,22.5
1999,4,MIN,TB,1,7.0,40.5,23.75
1999,4,NE,CLE,0,-12.0,38.0,25.0
1999,4,NO,CHI,0,-1.0,37.0,19.0
1999,4,NYG,PHI,1,9.5,35.5,22.5
1999,4,NYJ,DEN,0,5.5,40.0,17.25
1999,4,OAK,SEA,0,3.5,40.5,18.5
1999,4,PHI,NYG,0,9.5,35.5,13.0
1999,4,PIT,JAX,1,-3.0,42.0,19.5
1999,4,SD,KC,1,1.0,38.5,19.75
1999,4,SEA,OAK,1,3.5,40.5,22.0
1999,4,SF,TEN,1,1.5,40.5,21.0
1999,4,STL,CIN,0,-3.5,44.0,23.75
1999,4,TB,MIN,0,7.0,40.5,16.75
1999,4,TEN,SF,0,1.5,40.5,19.5
1999,4,WAS,CAR,1,8.5,45.5,27.0
1999,5,ARI,NYG,1,3.0,37.5,20.25
1999,5,ATL,NO,0,3.0,35.5,16.25
1999,5,BAL,TEN,0,7.0,38.5,15.75
1999,5,BUF,PIT,1,6.5,38.0,22.25
1999,5,CHI,MIN,0,13.0,43.5,15.25
1999,5,CIN,CLE,0,-3.0,36.0,19.5
1999,5,CLE,CIN,1,-3.0,36.0,16.5
1999,5,DAL,PHI,0,-9.5,37.0,23.25
1999,5,DEN,OAK,0,7.0,38.0,15.5
1999,5,DET,SD,1,3.5,40.0,21.75
1999,5,GB,TB,1,6.0,40.5,23.25
1999,5,IND,MIA,1,-1.5,44.5,21.5
1999,5,JAX,NYJ,0,-3.0,40.0,21.5
1999,5,KC,NE,1,2.5,41.0,21.75
1999,5,MIA,IND,0,-1.5,44.5,23.0
1999,5,MIN,CHI,1,13.0,43.5,28.25
1999,5,NE,KC,0,2.5,41.0,19.25
1999,5,NO,ATL,1,3.0,35.5,19.25
1999,5,NYG,ARI,0,3.0,37.5,17.25
1999,5,NYJ,JAX,1,-3.0,40.0,18.5
1999,5,OAK,DEN,1,7.0,38.0,22.5
1999,5,PHI,DAL,1,-9.5,37.0,13.75
1999,5,PIT,BUF,0,6.5,38.0,15.75
1999,5,SD,DET,0,3.5,40.0,18.25
1999,5,SF,STL,0,3.0,45.5,21.25
1999,5,STL,SF,1,3.0,45.5,24.25
1999,5,TB,GB,0,6.0,40.5,17.25
1999,5,TEN,BAL,1,7.0,38.5,22.75
1999,6,ARI,WAS,1,-3.5,45.5,21.0
1999,6,ATL,STL,1,-6.0,45.0,19.5
1999,6,BUF,OAK,1,3.5,40.5,22.0
1999,6,CAR,SF,0,5.0,44.0,19.5
1999,6,CHI,PHI,1,6.5,35.0,20.75
1999,6,CIN,PIT,1,-5.0,37.5,16.25
1999,6,CLE,JAX,0,17.5,37.5,10.0
1999,6,DAL,NYG,0,-3.0,37.0,20.0
1999,6,DEN,GB,1,-3.5,40.0,18.25
1999,6,DET,MIN,1,-3.5,45.0,20.75
1999,6,GB,DEN,0,-3.5,40.0,21.75
1999,6,IND,NYJ,0,-2.5,42.5,22.5
1999,6,JAX,CLE,1,17.5,37.5,27.5
1999,6,MIA,NE,0,2.5,42.5,20.0
1999,6,MIN,DET,0,-3.5,45.0,24.25
1999,6,NE,MIA,1,2.5,42.5,22.5
1999,6,NO,TEN,1,-3.0,36.5,16.75
1999,6,NYG,DAL,1,-3.0,37.0,17.0
1999,6,NYJ,IND,1,-2.5,42.5,20.0
1999,6,OAK,BUF,0,3.5,40.5,18.5
1999,6,PHI,CHI,0,6.5,35.0,14.25
1999,6,PIT,CIN,0,-5.0,37.5,21.25
1999,6,SD,SEA,1,-1.5,37.5,18.0
1999,6,SEA,SD,0,-1.5,37.5,19.5
1999,6,SF,CAR,1,5.0,44.0,24.5
1999,6,STL,ATL,0,-6.0,45.0,25.5
1999,6,TEN,NO,0,-3.0,36.5,19.75
1999,6,WAS,ARI,0,-3.5,45.5,24.5
1999,7,ATL,PIT,0,5.5,37.0,15.75
1999,7,BAL,KC,1,-1.0,36.0,17.5
1999,7,BUF,SEA,0,2.5,38.0,17.75
1999,7,CAR,DET,1,4.5,43.5,24.0
1999,7,CHI,TB,0,8.0,36.5,14.25
1999,7,CIN,IND,0,11.0,44.0,16.5
1999,7,CLE,STL,0,18.5,43.5,12.5
1999,7,DAL,WAS,1,2.0,44.0,23.0
1999,7,DEN,NE,0,3.5,40.5,18.5
1999,7,DET,CAR,0,4.5,43.5,19.5
1999,7,GB,SD,0,-3.0,37.5,20.25
1999,7,IND,CIN,1,11.0,44.0,27.5
1999,7,KC,BAL,0,-1.0,36.0,18.5
1999,7,MIA,PHI,1,9.0,34.0,21.5
1999,7,MIN,SF,1,7.0,48.5,27.75
1999,7,NE,DEN,1,3.5,40.5,22.0
1999,7,NO,NYG,0,3.0,34.0,15.5
1999,7,NYG,NO,1,3.0,34.0,18.5
1999,7,NYJ,OAK,0,6.5,37.0,15.25
1999,7,OAK,NYJ,1,6.5,37.0,21.75
1999,7,PHI,MIA,0,9.0,34.0,12.5
1999,7,PIT,ATL,1,5.5,37.0,21.25
1999,7,SD,GB,1,-3.0,37.5,17.25
1999,7,SEA,BUF,1,2.5,38.0,20.25
1999,7,SF,MIN,0,7.0,48.5,20.75
1999,7,STL,CLE,1,18.5,43.5,31.0
1999,7,TB,CHI,1,8.0,36.5,22.25
1999,7,WAS,DAL,0,2.0,44.0,21.0
1999,8,ARI,NE,1,-3.0,40.5,18.75
1999,8,ATL,CAR,1,2.0,40.0,21.0
1999,8,BAL,BUF,1,-3.5,36.5,16.5
1999,8,BUF,BAL,0,-3.5,36.5,20.0
1999,8,CAR,ATL,0,2.0,40.0,19.0
1999,8,CHI,WAS,0,8.5,44.0,17.75
1999,8,CIN,JAX,1,-12.5,38.0,12.75
1999,8,CLE,NO,0,9.5,33.5,12.0
1999,8,DAL,IND,0,3.0,46.0,21.5
1999,8,DEN,MIN,1,-2.5,45.0,21.25
1999,8,DET,TB,1,-2.5,35.0,16.25
1999,8,GB,SEA,1,5.5,42.5,24.0
1999,8,IND,DAL,1,3.0,46.0,24.5
1999,8,JAX,CIN,0,-12.5,38.0,25.25
1999,8,KC,SD,1,6.0,35.0,20.5
1999,8,MIA,OAK,0,3.0,37.0,17.0
1999,8,MIN,DEN,0,-2.5,45.0,23.75
1999,8,NE,ARI,0,-3.0,40.5,21.75
1999,8,NO,CLE,1,9.5,33.5,21.5
1999,8,NYG,PHI,0,-2.5,33.5,18.0
1999,8,OAK,MIA,1,3.0,37.0,20.0
1999,8,PHI,NYG,1,-2.5,33.5,15.5
1999,8,SD,KC,0,6.0,35.0,14.5
1999,8,SEA,GB,0,5.5,42.5,18.5
1999,8,STL,TEN,0,-3.0,44.5,23.75
1999,8,TB,DET,0,-2.5,35.0,18.75
1999,8,TEN,STL,1,-3.0,44.5,20.75
1999,8,WAS,CHI,1,8.5,44.0,26.25
1999,9,ARI,NYJ,0,7.0,35.0,14.0
1999,9,ATL,JAX,1,-6.0,41.0,17.5
1999,9,BAL,CLE,0,-3.5,32.5,18.0
1999,9,BUF,WAS,0,4.0,47.0,21.5
1999,9,CAR,PHI,1,5.0,36.0,20.5
1999,9,CHI,GB,0,9.0,40.5,15.75
1999,9,CIN,SEA,0,14.0,40.0,13.0
1999,9,CLE,BAL,1,-3.5,32.5,14.5
1999,9,DAL,MIN,0,6.5,47.5,20.5
1999,9,DEN,SD,0,0.0,35.5,17.75
1999,9,DET,STL,1,-4.0,45.0,20.5
1999,9,GB,CHI,1,9.0,40.5,24.75
1999,9,IND,KC,1,4.0,45.0,24.5
1999,9,JAX,ATL,0,-6.0,41.0,23.5
1999,9,KC,IND,0,4.0,45.0,20.5
1999,9,MIA,TEN,1,3.0,37.0,20.0
1999,9,MIN,DAL,1,6.5,47.5,27.0
1999,9,NO,TB,1,-3.5,33.5,15.0
1999,9,NYJ,ARI,1,7.0,35.0,21.0
1999,9,PHI,CAR,0,5.0,36.0,15.5
1999,9,PIT,SF,0,2.5,41.5,19.5
1999,9,SD,DEN,1,0.0,35.5,17.75
1999,9,SEA,CIN,1,14.0,40.0,27.0
1999,9,SF,PIT,1,2.5,41.5,22.0
1999,9,STL,DET,0,-4.0,45.0,24.5
1999,9,TB,NO,0,-3.5,33.5,18.5
1999,9,TEN,MIA,0,3.0,37.0,17.0
1999,9,WAS,BUF,1,4.0,47.0,25.5
1999,10,ARI,DET,1,-5.5,35.5,15.0
1999,10,BAL,JAX,0,13.0,37.0,12.0
1999,10,BUF,MIA,1,3.0,37.0,20.0
1999,10,CAR,STL,0,10.0,48.0,19.0
1999,10,CHI,MIN,1,-6.5,43.0,18.25
1999,10,CIN,TEN,1,-10.0,41.0,15.5
1999,10,CLE,PIT,0,14.5,34.5,10.0
1999,10,DAL,GB,1,-3.0,38.0,17.5
1999,10,DEN,SEA,0,5.5,41.0,17.75
1999,10,DET,ARI,0,-5.5,35.5,20.5
1999,10,GB,DAL,0,-3.0,38.0,20.5
1999,10,IND,NYG,0,-3.0,41.5,22.25
1999,10,JAX,BAL,1,13.0,37.0,25.0
1999,10,KC,TB,0,3.0,34.5,15.75
1999,10,MIA,BUF,0,3.0,37.0,17.0
1999,10,MIN,CHI,0,-6.5,43.0,24.75
1999,10,NE,NYJ,1,6.0,37.0,21.5
1999,10,NO,SF,1,-1.0,38.5,18.75
1999,10,NYG,IND,1,-3.0,41.5,19.25
1999,10,NYJ,NE,0,6.0,37.0,15.5
1999,10,OAK,SD,1,7.0,36.0,21.5
1999,10,PHI,WAS,1,-6.0,42.0,18.0
1999,10,PIT,CLE,1,14.5,34.5,24.5
1999,10,SD,OAK,0,7.0,36.0,14.5
1999,10,SEA,DEN,1,5.5,41.0,23.25
1999,10,SF,NO,0,-1.0,38.5,19.75
1999,10,STL,CAR,1,10.0,48.0,29.0
1999,10,TB,KC,1,3.0,34.5,18.75
1999,10,TEN,CIN,0,-10.0,41.0,25.5
1999,10,WAS,PHI,0,-6.0,42.0,24.0
1999,11,ARI,DAL,1,-1.5,35.0,16.75
1999,11,ATL,TB,0,7.0,34.5,13.75
1999,11,BAL,CIN,0,-5.0,34.5,19.75
1999,11,BUF,NYJ,0,-2.5,36.0,19.25
1999,11,CAR,CLE,0,-5.5,35.5,20.5
1999,11,CHI,SD,0,0.0,36.0,18.0
1999,11,CIN,BAL,1,-5.0,34.5,14.75
1999,11,CLE,CAR,1,-5.5,35.5,15.0
1999,11,DAL,ARI,0,-1.5,35.0,18.25
1999,11,DEN,OAK,1,1.5,37.0,19.25
1999,11,DET,GB,0,4.0,39.0,17.5
1999,11,GB,DET,1,4.0,39.0,21.5
1999,11,IND,PHI,0,-7.0,41.0,24.0
1999,11,JAX,NO,1,12.5,35.0,23.75
1999,11,KC,SEA,1,3.0,37.5,20.25
1999,11,MIA,NE,1,3.5,37.5,20.5
1999,11,NE,MIA,0,3.5,37.5,17.0
1999,11,NO,JAX,0,12.5,35.0,11.25
1999,11,NYG,WAS,0,5.5,44.5,19.5
1999,11,NYJ,BUF,1,-2.5,36.0,16.75
1999,11,OAK,DEN,0,1.5,37.0,17.75
1999,11,PHI,IND,1,-7.0,41.0,17.0
1999,11,PIT,TEN,0,5.5,36.5,15.5
1999,11,SD,CHI,1,0.0,36.0,18.0
1999,11,SEA,KC,0,3.0,37.5,17.25
1999,11,SF,STL,1,-7.5,47.5,20.0
1999,11,STL,SF,0,-7.5,47.5,27.5
1999,11,TB,ATL,1,7.0,34.5,20.75
1999,11,TEN,PIT,1,5.5,36.5,21.0
1999,11,WAS,NYG,1,5.5,44.5,25.0
1999,12,ARI,NYG,0,4.5,34.5,15.0
1999,12,ATL,CAR,0,4.5,40.0,17.75
1999,12,BAL,JAX,1,-7.0,36.5,14.75
1999,12,BUF,NE,1,4.0,38.0,21.0
1999,12,CAR,ATL,1,4.5,40.0,22.25
1999,12,CHI,DET,0,6.0,44.0,19.0
1999,12,CIN,PIT,0,11.0,36.0,12.5
1999,12,CLE,TEN,1,-10.5,35.5,12.5
1999,12,DAL,MIA,1,1.5,38.0,19.75
1999,12,DET,CHI,1,6.0,44.0,25.0
1999,12,GB,SF,0,-6.0,40.5,23.25
1999,12,IND,NYJ,1,7.0,44.0,25.5
1999,12,JAX,BAL,0,-7.0,36.5,21.75
1999,12,KC,OAK,0,3.5,37.0,16.75
1999,12,MIA,DAL,0,1.5,38.0,18.25
1999,12,MIN,SD,1,13.5,43.5,28.5
1999,12,NE,BUF,0,4.0,38.0,17.0
1999,12,NO,STL,0,14.0,47.0,16.5
1999,12,NYG,ARI,1,4.5,34.5,19.5
1999,12,NYJ,IND,0,7.0,44.0,18.5
1999,12,OAK,KC,1,3.5,37.0,20.25
1999,12,PHI,WAS,0,10.0,42.5,16.25
1999,12,PIT,CIN,1,11.0,36.0,23.5
1999,12,SD,MIN,0,13.5,43.5,15.0
1999,12,SEA,TB,1,6.0,37.0,21.5
1999,12,SF,GB,1,-6.0,40.5,17.25
1999,12,STL,NO,1,14.0,47.0,30.5
1999,12,TB,SEA,0,6.0,37.0,15.5
1999,12,TEN,CLE,0,-10.5,35.5,23.0
1999,12,WAS,PHI,1,10.0,42.5,26.25
1999,13,ARI,PHI,1,7.0,37.0,22.0
1999,13,ATL,NO,1,4.0,39.5,21.75
1999,13,BAL,TEN,1,-3.5,36.5,16.5
1999,13,CAR,STL,1,-7.0,49.0,21.0
1999,13,CHI,GB,1,-3.5,39.0,17.75
1999,13,CIN,SF,1,3.0,39.0,21.0
1999,13,CLE,SD,0,7.5,36.0,14.25
1999,13,DAL,NE,0,2.0,38.0,18.0
1999,13,DEN,KC,1,3.5,38.5,21.0
1999,13,DET,WAS,1,3.5,49.5,26.5
1999,13,GB,CHI,0,-3.5,39.0,21.25
1999,13,IND,MIA,0,2.0,43.0,20.5
1999,13,JAX,PIT,1,10.5,37.0,23.75
1999,13,KC,DEN,0,3.5,38.5,17.5
1999,13,MIA,IND,1,2.0,43.0,22.5
1999,13,MIN,TB,0,-2.5,39.0,20.75
1999,13,NE,DAL,1,2.0,38.0,20.0
1999,13,NO,ATL,0,4.0,39.5,17.75
1999,13,NYG,NYJ,1,-2.5,34.0,15.75
1999,13,NYJ,NYG,0,-2.5,34.0,18.25
1999,13,OAK,SEA,1,1.0,41.0,21.0
1999,13,PHI,ARI,0,7.0,37.0,15.0
1999,13,PIT,JAX,0,10.5,37.0,13.25
1999,13,SD,CLE,1,7.5,36.0,21.75
1999,13,SEA,OAK,0,1.0,41.0,20.0
1999,13,SF,CIN,0,3.0,39.0,18.0
1999,13,STL,CAR,0,-7.0,49.0,28.0
1999,13,TB,MIN,1,-2.5,39.0,18.25
1999,13,TEN,BAL,0,-3.5,36.5,20.0
1999,13,WAS,DET,0,3.5,49.5,23.0
1999,14,ARI,WAS,0,5.5,46.5,20.5
1999,14,ATL,SF,0,-3.0,41.0,22.0
1999,14,BAL,PIT,0,1.5,36.0,17.25
1999,14,BUF,NYG,1,8.0,36.5,22.25
1999,14,CAR,GB,0,8.0,42.0,17.0
1999,14,CIN,CLE,1,7.0,41.0,24.0
1999,14,CLE,CIN,0,7.0,41.0,17.0
1999,14,DAL,PHI,1,9.0,36.5,22.75
1999,14,DEN,JAX,0,9.0,37.5,14.25
1999,14,DET,TB,0,4.0,36.0,16.0
1999,14,GB,CAR,1,8.0,42.0,25.0
1999,14,IND,NE,1,7.0,46.5,26.75
1999,14,JAX,DEN,1,9.0,37.5,23.25
1999,14,KC,MIN,1,1.0,42.0,21.5
1999,14,MIA,NYJ,0,-3.0,37.0,20.0
1999,14,MIN,KC,0,1.0,42.0,20.5
1999,14,NE,IND,0,7.0,46.5,19.75
1999,14,NO,STL,1,-10.5,49.0,19.25
1999,14,NYG,BUF,0,8.0,36.5,14.25
1999,14,NYJ,MIA,1,-3.0,37.0,17.0
1999,14,OAK,TEN,0,3.0,40.0,18.5
1999,14,PHI,DAL,0,9.0,36.5,13.75
1999,14,PIT,BAL,1,1.5,36.0,18.75
1999,14,SD,SEA,0,9.5,42.5,16.5
1999,14,SEA,SD,1,9.5,42.5,26.0
1999,14,SF,ATL,1,-3.0,41.0,19.0
1999,14,STL,NO,0,-10.5,49.0,29.75
1999,14,TB,DET,1,4.0,36.0,20.0
1999,14,TEN,OAK,1,3.0,40.0,21.5
1999,14,WAS,ARI,1,5.5,46.5,26.0
1999,15,ARI,BUF,1,-3.0,37.5,17.25
1999,15,ATL,TEN,0,10.0,37.0,13.5
1999,15,BAL,NO,1,8.5,41.5,25.0
1999,15,BUF,ARI,0,-3.0,37.5,20.25
1999,15,CAR,SF,1,7.5,46.0,26.75
1999,15,CHI,DET,1,-3.0,37.0,17.0
1999,15,CLE,JAX,1,-14.5,39.0,12.25
1999,15,DAL,NYJ,1,6.0,35.5,20.75
1999,15,DEN,SEA,1,1.5,39.0,20.25
1999,15,DET,CHI,0,-3.0,37.0,20.0
1999,15,GB,MIN,0,4.5,49.0,22.25
1999,15,IND,WAS,1,6.5,51.0,28.75
1999,15,JAX,CLE,0,-14.5,39.0,26.75
1999,15,KC,PIT,1,8.5,37.0,22.75
1999,15,MIA,SD,1,7.5,37.0,22.25
1999,15,MIN,GB,1,4.5,49.0,26.75
1999,15,NE,PHI,0,-3.5,37.0,20.25
1999,15,NO,BAL,0,8.5,41.5,16.5
1999,15,NYG,STL,0,10.5,46.5,18.0
1999,15,NYJ,DAL,0,6.0,35.5,14.75
1999,15,OAK,TB,1,-1.0,36.0,17.5
1999,15,PHI,NE,1,-3.5,37.0,16.75
1999,15,PIT,KC,0,8.5,37.0,14.25
1999,15,SD,MIA,0,7.5,37.0,14.75
1999,15,SEA,DEN,0,1.5,39.0,18.75
1999,15,SF,CAR,0,7.5,46.0,19.25
1999,15,STL,NYG,1,10.5,46.5,28.5
1999,15,TB,OAK,0,-1.0,36.0,18.5
1999,15,TEN,ATL,1,10.0,37.0,23.5
1999,15,WAS,IND,0,6.5,51.0,22.25
1999,16,ARI,ATL,0,2.0,38.0,18.0
1999,16,ATL,ARI,1,2.0,38.0,20.0
1999,16,BAL,CIN,1,7.0,45.5,26.25
1999,16,BUF,NE,0,-3.0,37.5,20.25
1999,16,CAR,PIT,0,-3.5,42.5,23.0
1999,16,CHI,STL,0,10.0,46.5,18.25
1999,16,CIN,BAL,0,7.0,45.5,19.25
1999,16,CLE,IND,1,-13.5,41.5,14.0
1999,16,DAL,NO,0,-8.5,38.5,23.5
1999,16,DEN,DET,0,4.5,43.5,19.5
1999,16,DET,DEN,1,4.5,43.5,24.0
1999,16,GB,TB,0,3.5,37.0,16.75
1999,16,IND,CLE,0,-13.5,41.5,27.5
1999,16,JAX,TEN,0,-3.0,39.0,21.0
1999,16,KC,SEA,0,3.0,43.0,20.0
1999,16,MIA,NYJ,1,3.5,37.0,20.25
1999,16,MIN,NYG,0,-2.5,43.0,22.75
1999,16,NE,BUF,1,-3.0,37.5,17.25
1999,16,NO,DAL,1,-8.5,38.5,15.0
1999,16,NYG,MIN,1,-2.5,43.0,20.25
1999,16,NYJ,MIA,0,3.5,37.0,16.75
1999,16,OAK,SD,0,-3.0,38.0,20.5
1999,16,PIT,CAR,1,-3.5,42.5,19.5
1999,16,SD,OAK,1,-3.0,38.0,17.5
1999,16,SEA,KC,1,3.0,43.0,23.0
1999,16,SF,WAS,1,-7.0,47.5,20.25
1999,16,STL,CHI,1,10.0,46.5,28.25
1999,16,TB,GB,1,3.5,37.0,20.25
1999,16,TEN,JAX,1,-3.0,39.0,18.0
1999,16,WAS,SF,0,-7.0,47.5,27.25
1999,17,ARI,GB,0,7.5,38.0,15.25
1999,17,ATL,SF,1,6.5,46.5,26.5
1999,17,BAL,NE,0,-1.0,37.5,19.25
1999,17,BUF,IND,1,-1.5,42.0,20.25
1999,17,CAR,NO,1,8.5,46.5,27.5
1999,17,CHI,TB,1,-3.5,34.0,15.25
1999,17,CIN,JAX,0,9.0,39.5,15.25
1999,17,DAL,NYG,1,6.5,37.5,22.0
1999,17,DEN,SD,1,7.0,37.5,22.25
1999,17,DET,MIN,0,7.0,48.5,20.75
1999,17,GB,ARI,1,7.5,38.0,22.75
1999,17,IND,BUF,0,-1.5,42.0,21.75
1999,17,JAX,CIN,1,9.0,39.5,24.25
1999,17,KC,OAK,1,5.0,39.0,22.0
1999,17,MIA,WAS,0,3.0,44.0,20.5
1999,17,MIN,DET,1,7.0,48.5,27.75
1999,17,NE,BAL,1,-1.0,37.5,18.25
1999,17,NO,CAR,0,8.5,46.5,19.0
1999,17,NYG,DAL,0,6.5,37.5,15.5
1999,17,NYJ,SEA,1,1.0,38.0,19.5
1999,17,OAK,KC,0,5.0,39.0,17.0
1999,17,PHI,STL,1,-8.0,42.0,17.0
1999,17,PIT,TEN,1,-4.0,38.0,17.0
1999,17,SD,DEN,0,7.0,37.5,15.25
1999,17,SEA,NYJ,0,1.0,38.0,18.5
1999,17,SF,ATL,0,6.5,46.5,20.0
1999,17,STL,PHI,0,-8.0,42.0,25.0
1999,17,TB,CHI,0,-3.5,34.0,18.75
1999,17,TEN,PIT,0,-4.0,38.0,21.0
1999,17,WAS,MIA,1,3.0,44.0,23.5
1999,18,BUF,TEN,0,5.0,39.0,17.0
1999,18,DAL,MIN,0,7.0,46.5,19.75
1999,18,DET,WAS,0,6.0,46.0,20.0
1999,18,MIA,SEA,0,3.5,39.0,17.75
1999,18,MIN,DAL,1,7.0,46.5,26.75
1999,18,SEA,MIA,1,3.5,39.0,21.25
1999,18,TEN,BUF,1,5.0,39.0,22.0
1999,18,WAS,DET,1,6.0,46.0,26.0
1999,19,IND,TEN,1,5.5,46.5,26.0
1999,19,JAX,MIA,1,8.0,37.5,22.75
1999,19,MIA,JAX,0,8.0,37.5,14.75
1999,19,MIN,STL,0,7.0,52.0,22.5
1999,19,STL,MIN,1,7.0,52.0,29.5
1999,19,TB,WAS,1,4.5,38.0,21.25
1999,19,TEN,IND,0,5.5,46.5,20.5
1999,19,WAS,TB,0,4.5,38.0,16.75
1999,20,JAX,TEN,1,7.0,39.5,23.25
1999,20,STL,TB,1,14.0,46.0,30.0
1999,20,TB,STL,0,14.0,46.0,16.0
1999,20,TEN,JAX,0,7.0,39.5,16.25
1999,21,STL,TEN,0,-7.0,48.0,27.5
1999,21,TEN,STL,1,-7.0,48.0,20.5
2000,1,ARI,NYG,0,6.5,40.0,16.75
2000,1,ATL,SF,1,6.5,46.5,26.5
2000,1,BAL,PIT,0,-2.5,37.0,19.75
2000,1,BUF,TEN,1,1.0,40.0,20.5
2000,1,CAR,WAS,0,10.5,47.5,18.5
2000,1,CHI,MIN,0,4.5,46.5,21.0
2000,1,CLE,JAX,1,-10.5,38.5,14.0
2000,1,DAL,PHI,1,6.0,39.5,22.75
2000,1,DEN,STL,0,6.5,48.5,21.0
2000,1,DET,NO,0,0.0,40.5,20.25
2000,1,GB,NYJ,1,2.5,44.0,23.25
2000,1,IND,KC,0,-3.5,44.0,23.75
2000,1,JAX,CLE,0,-10.5,38.5,24.5
2000,1,KC,IND,1,-3.5,44.0,20.25
2000,1,MIA,SEA,1,2.0,36.0,19.0
2000,1,MIN,CHI,1,4.5,46.5,25.5
2000,1,NE,TB,1,-3.0,36.0,16.5
2000,1,NO,DET,1,0.0,40.5,20.25
2000,1,NYG,ARI,1,6.5,40.0,23.25
2000,1,NYJ,GB,0,2.5,44.0,20.75
2000,1,OAK,SD,1,6.5,39.5,23.0
2000,1,PHI,DAL,0,6.0,39.5,16.75
2000,1,PIT,BAL,1,-2.5,37.0,17.25
2000,1,SD,OAK,0,6.5,39.5,16.5
2000,1,SEA,MIA,0,2.0,36.0,17.0
2000,1,SF,ATL,0,6.5,46.5,20.0
2000,1,STL,DEN,1,6.5,48.5,27.5
2000,1,TB,NE,0,-3.0,36.0,19.5
2000,1,TEN,BUF,0,1.0,40.0,19.5
2000,1,WAS,CAR,1,10.5,47.5,29.0
2000,2,ARI,DAL,1,3.0,38.5,20.75
2000,2,ATL,DEN,0,4.5,47.0,21.25
2000,2,BAL,JAX,1,3.0,36.5,19.75
2000,2,BUF,GB,1,6.0,38.5,22.25
2000,2,CAR,SF,0,-3.0,48.0,25.5
2000,2,CHI,TB,0,7.0,36.5,14.75
2000,2,CIN,CLE,1,6.0,40.5,23.25
2000,2,CLE,CIN,0,6.0,40.5,17.25
2000,2,DAL,ARI,0,3.0,38.5,17.75
2000,2,DEN,ATL,1,4.5,47.0,25.75
2000,2,DET,WAS,1,-5.5,43.0,18.75
2000,2,GB,BUF,0,6.0,38.5,16.25
2000,2,IND,OAK,1,6.5,44.0,25.25
2000,2,JAX,BAL,0,3.0,36.5,16.75
2000,2,KC,TEN,0,8.5,38.5,15.0
2000,2,MIA,MIN,0,3.0,42.5,19.75
2000,2,MIN,MIA,1,3.0,42.5,22.75
2000,2,NE,NYJ,0,6.5,39.5,16.5
2000,2,NO,SD,0,5.5,35.5,15.0
2000,2,NYG,PHI,0,3.0,39.5,18.25
2000,2,NYJ,NE,1,6.5,39.5,23.0
2000,2,OAK,IND,0,6.5,44.0,18.75
2000,2,PHI,NYG,1,3.0,39.5,21.25
2000,2,SD,NO,1,5.5,35.5,20.5
2000,2,SEA,STL,1,-7.5,46.0,19.25
2000,2,SF,CAR,1,-3.0,48.0,22.5
2000,2,STL,SEA,0,-7.5,46.0,26.75
2000,2,TB,CHI,1,7.0,36.5,21.75
2000,2,TEN,KC,1,8.5,38.5,23.5
2000,2,WAS,DET,0,-5.5,43.0,24.25
2000,3,ATL,CAR,0,6.0,48.5,21.25
2000,3,BAL,MIA,0,-1.5,34.5,18.0
2000,3,BUF,NYJ,0,1.0,38.5,18.75
2000,3,CAR,ATL,1,6.0,48.5,27.25
2000,3,CHI,NYG,1,2.0,42.0,22.0
2000,3,CIN,JAX,0,13.0,41.0,14.0
2000,3,CLE,PIT,1,-2.5,35.5,16.5
2000,3,DAL,WAS,0,10.5,44.0,16.75
2000,3,DEN,OAK,0,3.0,44.0,20.5
2000,3,DET,TB,1,-3.0,34.5,15.75
2000,3,GB,PHI,1,4.0,42.5,23.25
2000,3,JAX,CIN,1,13.0,41.0,27.0
2000,3,KC,SD,1,4.5,35.5,20.0
2000,3,MIA,BAL,1,-1.5,34.5,16.5
2000,3,MIN,NE,0,1.5,42.5,20.5
2000,3,NE,MIN,1,1.5,42.5,22.0
2000,3,NO,SEA,0,6.0,40.0,17.0
2000,3,NYG,CHI,0,2.0,42.0,20.0
2000,3,NYJ,BUF,1,1.0,38.5,19.75
2000,3,OAK,DEN,1,3.0,44.0,23.5
2000,3,PHI,GB,0,4.0,42.5,19.25
2000,3,PIT,CLE,0,-2.5,35.5,19.0
2000,3,SD,KC,0,4.5,35.5,15.5
2000,3,SEA,NO,1,6.0,40.0,23.0
2000,3,SF,STL,0,17.0,55.5,19.25
2000,3,STL,SF,1,17.0,55.5,36.25
2000,3,TB,DET,0,-3.0,34.5,18.75
2000,3,WAS,DAL,1,10.5,44.0,27.25
2000,4,ARI,GB,1,1.0,42.0,21.5
2000,4,ATL,STL,1,-6.5,55.0,24.25
2000,4,BAL,CIN,1,11.5,38.0,24.75
2000,4,CHI,DET,1,1.0,37.5,19.25
2000,4,CIN,BAL,0,11.5,38.0,13.25
2000,4,CLE,OAK,0,10.5,40.5,15.0
2000,4,DAL,SF,1,6.5,47.0,26.75
2000,4,DEN,KC,1,7.0,43.0,25.0
2000,4,DET,CHI,0,1.0,37.5,18.25
2000,4,GB,ARI,0,1.0,42.0,20.5
2000,4,IND,JAX,1,3.5,45.0,24.25
2000,4,JAX,IND,0,3.5,45.0,20.75
2000,4,KC,DEN,0,7.0,43.0,18.0
2000,4,MIA,NE,1,4.5,34.5,19.5
2000,4,NE,MIA,0,4.5,34.5,15.0
2000,4,NO,PHI,1,1.5,38.0,19.75
2000,4,NYG,WAS,1,1.0,42.0,21.5
2000,4,NYJ,TB,0,7.0,36.0,14.5
2000,4,OAK,CLE,1,10.5,40.5,25.5
2000,4,PHI,NO,0,1.5,38.0,18.25
2000,4,PIT,TEN,1,-7.0,36.0,14.5
2000,4,SD,SEA,1,-2.5,36.0,16.75
2000,4,SEA,SD,0,-2.5,36.0,19.25
2000,4,SF,DAL,0,6.5,47.0,20.25
2000,4,STL,ATL,0,-6.5,55.0,30.75
2000,4,TB,NYJ,1,7.0,36.0,21.5
2000,4,TEN,PIT,0,-7.0,36.0,21.5
2000,4,WAS,NYG,0,1.0,42.0,20.5
2000,5,ARI,SF,0,3.5,47.5,22.0
2000,5,ATL,PHI,0,3.0,41.5,19.25
2000,5,BAL,CLE,0,-8.5,37.0,22.75
2000,5,BUF,IND,1,1.5,44.0,22.75
2000,5,CAR,DAL,1,6.5,47.5,27.0
2000,5,CHI,GB,0,5.5,41.0,17.75
2000,5,CIN,MIA,1,-7.0,33.0,13.0
2000,5,CLE,BAL,1,-8.5,37.0,14.25
2000,5,DAL,CAR,0,6.5,47.5,20.5
2000,5,DEN,NE,1,8.5,41.0,24.75
2000,5,DET,MIN,1,1.0,42.5,21.75
2000,5,GB,CHI,1,5.5,41.0,23.25
2000,5,IND,BUF,0,1.5,44.0,21.25
2000,5,JAX,PIT,1,11.0,38.5,24.75
2000,5,KC,SEA,1,4.0,38.5,21.25
2000,5,MIA,CIN,0,-7.0,33.0,20.0
2000,5,MIN,DET,0,1.0,42.5,20.75
2000,5,NE,DEN,0,8.5,41.0,16.25
2000,5,NYG,TEN,0,5.0,38.0,16.5
2000,5,PHI,ATL,1,3.0,41.5,22.25
2000,5,PIT,JAX,0,11.0,38.5,13.75
2000,5,SD,STL,0,17.0,53.5,18.25
2000,5,SEA,KC,0,4.0,38.5,17.25
2000,5,SF,ARI,1,3.5,47.5,25.5
2000,5,STL,SD,1,17.0,53.5,35.25
2000,5,TB,WAS,0,1.5,36.0,17.25
2000,5,TEN,NYG,1,5.0,38.0,21.5
2000,5,WAS,TB,1,1.5,36.0,18.75
2000,6,ARI,CLE,1,4.5,40.5,22.5
2000,6,ATL,NYG,1,1.0,42.0,21.5
2000,6,BAL,JAX,0,2.5,37.5,17.5
2000,6,BUF,MIA,0,2.0,34.5,16.25
2000,6,CAR,SEA,1,3.5,43.0,23.25
2000,6,CHI,NO,1,5.5,40.0,22.75
2000,6,CIN,TEN,1,-10.0,38.0,14.0
2000,6,CLE,ARI,0,4.5,40.5,18.0
2000,6,DEN,SD,0,-6.5,43.0,24.75
2000,6,DET,GB,1,3.0,43.0,23.0
2000,6,GB,DET,0,3.0,43.0,20.0
2000,6,IND,NE,0,-3.5,43.5,23.5
2000,6,JAX,BAL,1,2.5,37.5,20.0
2000,6,MIA,BUF,1,2.0,34.5,18.25
2000,6,MIN,TB,1,1.0,39.0,20.0
2000,6,NE,IND,1,-3.5,43.5,20.0
2000,6,NO,CHI,0,5.5,40.0,17.25
2000,6,NYG,ATL,0,1.0,42.0,20.5
2000,6,NYJ,PIT,1,8.0,37.5,22.75
2000,6,OAK,SF,0,-4.5,48.5,26.5
2000,6,PHI,WAS,1,-3.5,37.5,17.0
2000,6,PIT,NYJ,0,8.0,37.5,14.75
2000,6,SD,DEN,1,-6.5,43.0,18.25
2000,6,SEA,CAR,0,3.5,43.0,19.75
2000,6,SF,OAK,1,-4.5,48.5,22.0
2000,6,TB,MIN,0,1.0,39.0,19.0
2000,6,TEN,CIN,0,-10.0,38.0,24.0
2000,6,WAS,PHI,0,-3.5,37.5,20.5
2000,7,ARI,PHI,1,-2.5,39.0,18.25
2000,7,ATL,STL,0,18.0,58.5,20.25
2000,7,BAL,WAS,0,3.5,34.5,15.5
2000,7,BUF,SD,1,10.0,36.5,23.25
2000,7,CAR,NO,0,0.0,40.5,20.25
2000,7,CHI,MIN,1,-6.0,44.0,19.0
2000,7,CIN,PIT,0,8.5,37.0,14.25
2000,7,CLE,DEN,0,12.5,44.0,15.75
2000,7,DAL,NYG,0,4.0,40.5,18.25
2000,7,DEN,CLE,1,12.5,44.0,28.25
2000,7,GB,SF,1,4.5,49.5,27.0
2000,7,IND,SEA,0,-5.5,44.0,24.75
2000,7,JAX,TEN,0,6.0,38.0,16.0
2000,7,KC,OAK,1,3.0,43.5,23.25
2000,7,MIN,CHI,0,-6.0,44.0,25.0
2000,7,NE,NYJ,1,3.0,37.0,20.0
2000,7,NO,CAR,1,0.0,40.5,20.25
2000,7,NYG,DAL,1,4.0,40.5,22.25
2000,7,NYJ,NE,0,3.0,37.0,17.0
2000,7,OAK,KC,0,3.0,43.5,20.25
2000,7,PHI,ARI,0,-2.5,39.0,20.75
2000,7,PIT,CIN,1,8.5,37.0,22.75
2000,7,SD,BUF,0,10.0,36.5,13.25
2000,7,SEA,IND,1,-5.5,44.0,19.25
2000,7,SF,GB,0,4.5,49.5,22.5
2000,7,STL,ATL,1,18.0,58.5,38.25
2000,7,TEN,JAX,1,6.0,38.0,22.0
2000,7,WAS,BAL,1,3.5,34.5,19.0
2000,8,ARI,DAL,0,7.0,41.5,17.25
2000,8,ATL,NO,1,-1.5,40.0,19.25
2000,8,BAL,TEN,1,1.0,35.0,18.0
2000,8,BUF,MIN,0,6.5,44.5,19.0
2000,8,CAR,SF,1,3.0,50.0,26.5
2000,8,CHI,PHI,0,6.5,41.0,17.25
2000,8,CIN,DEN,1,-10.0,43.0,16.5
2000,8,CLE,PIT,0,9.0,37.5,14.25
2000,8,DAL,ARI,1,7.0,41.5,24.25
2000,8,DEN,CIN,0,-10.0,43.0,26.5
2000,8,DET,TB,0,8.0,37.5,14.75
2000,8,IND,NE,1,8.5,47.0,27.75
2000,8,JAX,WAS,1,-4.0,36.0,16.0
2000,8,KC,STL,1,-7.0,56.0,24.5
2000,8,MIA,NYJ,0,3.0,35.0,16.0
2000,8,MIN,BUF,1,6.5,44.5,25.5
2000,8,NE,IND,0,8.5,47.0,19.25
2000,8,NO,ATL,0,-1.5,40.0,20.75
2000,8,NYJ,MIA,1,3.0,35.0,19.0
2000,8,OAK,SEA,1,7.5,44.0,25.75
2000,8,PHI,CHI,1,6.5,41.0,23.75
2000,8,PIT,CLE,1,9.0,37.5,23.25
2000,8,SEA,OAK,0,7.5,44.0,18.25
2000,8,SF,CAR,0,3.0,50.0,23.5
2000,8,STL,KC,0,-7.0,56.0,31.5
2000,8,TB,DET,1,8.0,37.5,22.75
2000,8,TEN,BAL,0,1.0,35.0,17.0
2000,8,WAS,JAX,0,-4.0,36.0,20.0
2000,9,ARI,NO,1,-6.0,41.0,17.5
2000,9,ATL,CAR,1,-3.0,45.5,21.25
2000,9,BAL,PIT,1,4.5,33.0,18.75
2000,9,BUF,NYJ,1,3.5,41.0,22.25
2000,9,CAR,ATL,0,-3.0,45.5,24.25
2000,9,CIN,CLE,0,-3.0,35.5,19.25
2000,9,CLE,CIN,1,-3.0,35.5,16.25
2000,9,DAL,JAX,1,4.0,44.5,24.25
2000,9,DET,IND,0,7.0,47.0,20.0
2000,9,GB,MIA,0,4.5,38.5,17.0
2000,9,IND,DET,1,7.0,47.0,27.0
2000,9,JAX,DAL,0,4.0,44.5,20.25
2000,9,KC,SEA,0,-4.0,43.0,23.5
2000,9,MIA,GB,1,4.5,38.5,21.5
2000,9,MIN,TB,0,3.0,41.0,19.0
2000,9,NO,ARI,0,-6.0,41.0,23.5
2000,9,NYG,PHI,1,3.5,37.0,20.25
2000,9,NYJ,BUF,0,3.5,41.0,18.75
2000,9,OAK,SD,0,-6.5,42.5,24.5
2000,9,PHI,NYG,0,3.5,37.0,16.75
2000,9,PIT,BAL,0,4.5,33.0,14.25
2000,9,SD,OAK,1,-6.5,42.5,18.0
2000,9,SEA,KC,1,-4.0,43.0,19.5
2000,9,SF,STL,1,-7.0,63.0,28.0
2000,9,STL,SF,0,-7.0,63.0,35.0
2000,9,TB,MIN,1,3.0,41.0,22.0
2000,9,TEN,WAS,0,4.0,37.5,16.75
2000,9,WAS,TEN,1,4.0,37.5,20.75
2000,10,ARI,WAS,1,-10.0,40.0,15.0
2000,10,ATL,TB,1,-7.0,40.0,16.5
2000,10,BAL,CIN,0,-6.0,32.5,19.25
2000,10,BUF,NE,0,2.0,39.0,18.5
2000,10,CAR,STL,0,13.5,59.5,23.0
2000,10,CHI,IND,1,-7.0,45.0,19.0
2000,10,CIN,BAL,1,-6.0,32.5,13.25
2000,10,CLE,NYG,1,-10.0,33.5,11.75
2000,10,DAL,PHI,0,3.0,40.0,18.5
2000,10,DEN,NYJ,0,3.0,45.5,21.25
2000,10,DET,MIA,1,2.5,39.0,20.75
2000,10,GB,MIN,1,-3.5,47.5,22.0
2000,10,IND,CHI,0,-7.0,45.0,26.0
2000,10,KC,OAK,0,3.5,44.0,20.25
2000,10,MIA,DET,0,2.5,39.0,18.25
2000,10,MIN,GB,0,-3.5,47.5,25.5
2000,10,NE,BUF,1,2.0,39.0,20.5
2000,10,NO,SF,1,5.5,48.0,26.75
2000,10,NYG,CLE,0,-10.0,33.5,21.75
2000,10,NYJ,DEN,1,3.0,45.5,24.25
2000,10,OAK,KC,1,3.5,44.0,23.75
2000,10,PHI,DAL,1,3.0,40.0,21.5
2000,10,PIT,TEN,0,8.0,36.5,14.25
2000,10,SD,SEA,0,4.5,39.5,17.5
2000,10,SEA,SD,1,4.5,39.5,22.0
2000,10,SF,NO,0,5.5,48.0,21.25
2000,10,STL,CAR,1,13.5,59.5,36.5
2000,10,TB,ATL,0,-7.0,40.0,23.5
2000,10,TEN,PIT,1,8.0,36.5,22.25
2000,10,WAS,ARI,0,-10.0,40.0,25.0
2000,11,ARI,MIN,0,12.5,46.0,16.75
2000,11,ATL,DET,0,8.5,40.0,15.75
2000,11,BAL,TEN,0,4.0,33.0,14.5
2000,11,BUF,CHI,1,7.0,39.5,23.25
2000,11,CAR,NO,1,-2.0,37.5,17.75
2000,11,CHI,BUF,0,7.0,39.5,16.25
2000,11,CIN,DAL,0,8.5,39.0,15.25
2000,11,CLE,NE,1,-7.0,32.0,12.5
2000,11,DAL,CIN,1,8.5,39.0,23.75
2000,11,DEN,OAK,1,3.0,50.0,26.5
2000,11,DET,ATL,1,8.5,40.0,24.25
2000,11,GB,TB,0,9.0,42.0,16.5
2000,11,IND,NYJ,1,6.0,52.5,29.25
2000,11,JAX,SEA,1,7.5,40.5,24.0
2000,11,KC,SF,0,-3.5,52.0,27.75
2000,11,MIA,SD,0,-5.0,33.5,19.25
2000,11,MIN,ARI,1,12.5,46.0,29.25
2000,11,NE,CLE,0,-7.0,32.0,19.5
2000,11,NO,CAR,0,-2.0,37.5,19.75
2000,11,NYG,STL,1,-2.0,48.5,23.25
2000,11,NYJ,IND,0,6.0,52.5,23.25
2000,11,OAK,DEN,0,3.0,50.0,23.5
2000,11,PHI,PIT,0,3.5,33.0,14.75
2000,11,PIT,PHI,1,3.5,33.0,18.25
2000,11,SD,MIA,1,-5.0,33.5,14.25
2000,11,SEA,JAX,0,7.5,40.5,16.5
2000,11,SF,KC,1,-3.5,52.0,24.25
2000,11,STL,NYG,0,-2.0,48.5,25.25
2000,11,TB,GB,1,9.0,42.0,25.5
2000,11,TEN,BAL,1,4.0,33.0,18.5
2000,12,ARI,PHI,0,7.0,38.0,15.5
2000,12,ATL,SF,0,5.5,47.5,21.0
2000,12,BAL,DAL,1,7.0,36.0,21.5
2000,12,BUF,KC,0,3.0,42.0,19.5
2000,12,CAR,MIN,0,9.5,46.5,18.5
2000,12,CHI,TB,1,-8.0,36.0,14.0
2000,12,CIN,NE,0,7.0,36.0,14.5
2000,12,CLE,TEN,0,16.0,35.5,9.75
2000,12,DAL,BAL,0,7.0,36.0,14.5
2000,12,DEN,SD,1,9.5,42.5,26.0
2000,12,DET,NYG,0,5.0,36.5,15.75
2000,12,GB,IND,1,-6.0,46.0,20.0
2000,12,IND,GB,0,-6.0,46.0,26.0
2000,12,JAX,PIT,0,3.0,37.0,17.0
2000,12,KC,BUF,1,3.0,42.0,22.5
2000,12,MIA,NYJ,1,3.5,38.5,21.0
2000,12,MIN,CAR,1,9.5,46.5,28.0
2000,12,NE,CIN,1,7.0,36.0,21.5
2000,12,NO,OAK,1,-3.0,43.0,20.0
2000,12,NYG,DET,1,5.0,36.5,20.75
2000,12,NYJ,MIA,0,3.5,38.5,17.5
2000,12,OAK,NO,0,-3.0,43.0,23.0
2000,12,PHI,ARI,1,7.0,38.0,22.5
2000,12,PIT,JAX,1,3.0,37.0,20.0
2000,12,SD,DEN,0,9.5,42.5,16.5
2000,12,SF,ATL,1,5.5,47.5,26.5
2000,12,STL,WAS,1,5.5,56.0,30.75
2000,12,TB,CHI,0,-8.0,36.0,22.0
2000,12,TEN,CLE,1,16.0,35.5,25.75
2000,12,WAS,STL,0,5.5,56.0,25.25
2000,13,ARI,NYG,1,-6.0,39.0,16.5
2000,13,ATL,OAK,0,11.0,44.0,16.5
2000,13,BAL,CLE,1,15.0,34.0,24.5
2000,13,BUF,TB,0,4.0,37.0,16.5
2000,13,CAR,GB,1,0.0,44.0,22.0
2000,13,CHI,NYJ,0,7.0,39.5,16.25
2000,13,CIN,PIT,1,-4.0,34.0,15.0
2000,13,CLE,BAL,0,15.0,34.0,9.5
2000,13,DAL,MIN,1,-7.0,48.0,20.5
2000,13,DEN,SEA,0,-3.0,45.5,24.25
2000,13,DET,NE,1,6.5,38.0,22.25
2000,13,GB,CAR,0,0.0,44.0,22.0
2000,13,IND,MIA,1,5.5,44.5,25.0
2000,13,JAX,TEN,1,-3.0,41.5,19.25
2000,13,KC,SD,0,-3.0,41.0,22.0
2000,13,MIA,IND,0,5.5,44.5,19.5
2000,13,MIN,DAL,0,-7.0,48.0,27.5
2000,13,NE,DET,0,6.5,38.0,15.75
2000,13,NO,STL,0,13.5,53.5,20.0
2000,13,NYG,ARI,0,-6.0,39.0,22.5
2000,13,NYJ,CHI,1,7.0,39.5,23.25
2000,13,OAK,ATL,1,11.0,44.0,27.5
2000,13,PHI,WAS,0,7.0,37.0,15.0
2000,13,PIT,CIN,0,-4.0,34.0,19.0
2000,13,SD,KC,1,-3.0,41.0,19.0
2000,13,SEA,DEN,1,-3.0,45.5,21.25
2000,13,STL,NO,1,13.5,53.5,33.5
2000,13,TB,BUF,1,4.0,37.0,20.5
2000,13,TEN,JAX,0,-3.0,41.5,22.25
2000,13,WAS,PHI,1,7.0,37.0,22.0
2000,14,ARI,CIN,0,4.0,38.5,17.25
2000,14,ATL,SEA,1,0.0,42.0,21.0
2000,14,BUF,MIA,1,3.5,36.0,19.75
2000,14,CAR,STL,1,-8.0,58.0,25.0
2000,14,CHI,GB,1,-2.5,39.0,18.25
2000,14,CIN,ARI,1,4.0,38.5,21.25
2000,14,CLE,JAX,0,14.5,39.0,12.25
2000,14,DAL,TB,0,10.0,37.0,13.5
2000,14,DEN,NO,0,0.0,45.0,22.5
2000,14,DET,MIN,0,9.0,48.5,19.75
2000,14,GB,CHI,0,-2.5,39.0,20.75
2000,14,IND,NYJ,0,2.5,44.0,20.75
2000,14,JAX,CLE,1,14.5,39.0,26.75
2000,14,KC,NE,0,1.0,41.0,20.0
2000,14,MIA,BUF,0,3.5,36.0,16.25
2000,14,MIN,DET,1,9.0,48.5,28.75
2000,14,NE,KC,1,1.0,41.0,21.0
2000,14,NO,DEN,1,0.0,45.0,22.5
2000,14,NYG,WAS,0,6.0,38.0,16.0
2000,14,NYJ,IND,1,2.5,44.0,23.25
2000,14,OAK,PIT,0,-3.0,42.0,22.5
2000,14,PHI,TEN,1,-3.0,36.5,16.75
2000,14,PIT,OAK,1,-3.0,42.0,19.5
2000,14,SD,SF,1,-2.5,44.0,20.75
2000,14,SEA,ATL,0,0.0,42.0,21.0
2000,14,SF,SD,0,-2.5,44.0,23.25
2000,14,STL,CAR,0,-8.0,58.0,33.0
2000,14,TB,DAL,1,10.0,37.0,23.5
2000,14,TEN,PHI,0,-3.0,36.5,19.75
2000,14,WAS,NYG,1,6.0,38.0,22.0
2000,15,ARI,JAX,0,15.0,42.0,13.5
2000,15,BAL,SD,1,13.5,36.5,25.0
2000,15,BUF,IND,0,6.0,45.0,19.5
2000,15,CAR,KC,0,2.5,42.0,19.75
2000,15,CHI,NE,1,2.0,36.5,19.25
2000,15,CIN,TEN,0,13.0,36.0,11.5
2000,15,CLE,PHI,1,-14.0,35.5,10.75
2000,15,DAL,WAS,1,-6.0,39.0,16.5
2000,15,DEN,SEA,1,10.0,48.0,29.0
2000,15,DET,GB,0,3.5,41.0,18.75
2000,15,GB,DET,1,3.5,41.0,22.25
2000,15,IND,BUF,1,6.0,45.0,25.5
2000,15,JAX,ARI,1,15.0,42.0,28.5
2000,15,KC,CAR,1,2.5,42.0,22.25
2000,15,MIA,TB,1,2.5,34.5,18.5
2000,15,MIN,STL,0,3.5,56.5,26.5
2000,15,NE,CHI,0,2.0,36.5,17.25
2000,15,NO,SF,0,3.0,47.5,22.25
2000,15,NYG,PIT,1,3.5,35.5,19.5
2000,15,NYJ,OAK,0,3.5,47.0,21.75
2000,15,OAK,NYJ,1,3.5,47.0,25.25
2000,15,PHI,CLE,0,-14.0,35.5,24.75
2000,15,PIT,NYG,0,3.5,35.5,16.0
2000,15,SD,BAL,0,13.5,36.5,11.5
2000,15,SEA,DEN,0,10.0,48.0,19.0
2000,15,SF,NO,1,3.0,47.5,25.25
2000,15,STL,MIN,1,3.5,56.5,30.0
2000,15,TB,MIA,0,2.5,34.5,16.0
2000,15,TEN,CIN,1,13.0,36.0,24.5
2000,15,WAS,DAL,0,-6.0,39.0,22.5
2000,16,ARI,BAL,1,-15.0,37.5,11.25
2000,16,ATL,NO,0,10.0,41.0,15.5
2000,16,BAL,ARI,0,-15.0,37.5,26.25
2000,16,BUF,NE,1,4.5,39.0,21.75
2000,16,CAR,SD,1,8.5,38.5,23.5
2000,16,CHI,SF,0,6.0,45.5,19.75
2000,16,CIN,JAX,1,-10.5,42.5,16.0
2000,16,CLE,TEN,1,-16.0,37.0,10.5
2000,16,DAL,NYG,1,-6.5,36.0,14.75
2000,16,DEN,KC,0,-3.0,47.0,25.0
2000,16,DET,NYJ,0,6.5,39.5,16.5
2000,16,GB,MIN,0,7.5,49.0,20.75
2000,16,IND,MIA,0,3.0,42.0,19.5
2000,16,JAX,CIN,0,-10.5,42.5,26.5
2000,16,KC,DEN,1,-3.0,47.0,22.0
2000,16,MIA,IND,1,3.0,42.0,22.5
2000,16,MIN,GB,1,7.5,49.0,28.25
2000,16,NE,BUF,0,4.5,39.0,17.25
2000,16,NO,ATL,1,10.0,41.0,25.5
2000,16,NYG,DAL,0,-6.5,36.0,21.25
2000,16,NYJ,DET,1,6.5,39.5,23.0
2000,16,OAK,SEA,0,-6.0,47.5,26.75
2000,16,PIT,WAS,1,-1.0,37.5,18.25
2000,16,SD,CAR,0,8.5,38.5,15.0
2000,16,SEA,OAK,1,-6.0,47.5,20.75
2000,16,SF,CHI,1,6.0,45.5,25.75
2000,16,STL,TB,0,-1.0,49.0,25.0
2000,16,TB,STL,1,-1.0,49.0,24.0
2000,16,TEN,CLE,0,-16.0,37.0,26.5
2000,16,WAS,PIT,0,-1.0,37.5,19.25
2000,17,ARI,WAS,0,7.0,38.5,15.75
2000,17,ATL,KC,1,-4.5,40.5,18.0
2000,17,BAL,NYJ,1,6.0,35.5,20.75
2000,17,BUF,SEA,0,3.0,42.5,19.75
2000,17,CAR,OAK,0,9.0,45.5,18.25
2000,17,CHI,DET,0,10.0,37.0,13.5
2000,17,CIN,PHI,0,10.5,35.0,12.25
2000,17,DAL,TEN,0,13.5,37.5,12.0
2000,17,DEN,SF,1,7.0,48.5,27.75
2000,17,DET,CHI,1,10.0,37.0,23.5
2000,17,GB,TB,1,2.5,38.0,20.25
2000,17,IND,MIN,1,3.0,53.5,28.25
2000,17,JAX,NYG,0,4.0,37.5,16.75
2000,17,KC,ATL,0,-4.5,40.5,22.5
2000,17,MIA,NE,0,-4.0,35.0,19.5
2000,17,MIN,IND,0,3.0,53.5,25.25
2000,17,NE,MIA,1,-4.0,35.0,15.5
2000,17,NO,STL,1,-3.5,56.0,26.25
2000,17,NYG,JAX,1,4.0,37.5,20.75
2000,17,NYJ,BAL,0,6.0,35.5,14.75
2000,17,OAK,CAR,1,9.0,45.5,27.25
2000,17,PHI,CIN,1,10.5,35.0,22.75
2000,17,PIT,SD,0,-3.0,37.5,20.25
2000,17,SD,PIT,1,-3.0,37.5,17.25
2000,17,SEA,BUF,1,3.0,42.5,22.75
2000,17,SF,DEN,0,7.0,48.5,20.75
2000,17,STL,NO,0,-3.5,56.0,29.75
2000,17,TB,GB,0,2.5,38.0,17.75
2000,17,TEN,DAL,1,13.5,37.5,25.5
2000,17,WAS,ARI,1,7.0,38.5,22.75
2000,18,BAL,DEN,1,3.5,41.0,22.25
2000,18,DEN,BAL,0,3.5,41.0,18.75
2000,18,IND,MIA,0,-1.5,42.0,21.75
2000,18,MIA,IND,1,-1.5,42.0,20.25
2000,18,NO,STL,1,-5.5,55.0,24.75
2000,18,PHI,TB,1,-3.0,34.0,15.5
2000,18,STL,NO,0,-5.5,55.0,30.25
2000,18,TB,PHI,0,-3.0,34.0,18.5
2000,19,BAL,TEN,0,6.0,34.0,14.0
2000,19,MIA,OAK,0,9.0,42.0,16.5
2000,19,MIN,NO,1,8.0,49.5,28.75
2000,19,NO,MIN,0,8.0,49.5,20.75
2000,19,NYG,PHI,1,4.5,33.5,19.0
2000,19,OAK,MIA,1,9.0,42.0,25.5
2000,19,PHI,NYG,0,4.5,33.5,14.5
2000,19,TEN,BAL,1,6.0,34.0,20.0
2000,20,BAL,OAK,0,6.0,38.0,16.0
2000,20,MIN,NYG,0,-1.0,41.5,21.25
2000,20,NYG,MIN,1,-1.0,41.5,20.25
2000,20,OAK,BAL,1,6.0,38.0,22.0
2000,21,BAL,NYG,0,-3.0,33.0,18.0
2000,21,NYG,BAL,1,-3.0,33.0,15.0
2001,1,ATL,SF,0,3.5,46.0,21.25
2001,1,BAL,CHI,1,10.5,33.5,22.0
2001,1,BUF,NO,1,-1.5,37.5,18.0
2001,1,CAR,MIN,0,10.0,45.0,17.5
2001,1,CHI,BAL,0,10.5,33.5,11.5
2001,1,CIN,NE,1,0.0,36.0,18.0
2001,1,CLE,SEA,1,-4.0,38.5,17.25
2001,1,DAL,TB,1,-9.0,34.0,12.5
2001,1,DEN,NYG,1,7.0,43.5,25.25
2001,1,DET,GB,0,5.5,41.5,18.0
2001,1,GB,DET,1,5.5,41.5,23.5
2001,1,IND,NYJ,0,-1.5,44.5,23.0
2001,1,JAX,PIT,1,3.0,37.5,20.25
2001,1,KC,OAK,1,-3.0,43.0,20.0
2001,1,MIA,TEN,0,6.5,34.0,13.75
2001,1,MIN,CAR,1,10.0,45.0,27.5
2001,1,NE,CIN,0,0.0,36.0,18.0
2001,1,NO,BUF,0,-1.5,37.5,19.5
2001,1,NYG,DEN,0,7.0,43.5,18.25
2001,1,NYJ,IND,1,-1.5,44.5,21.5
2001,1,OAK,KC,0,-3.0,43.0,23.0
2001,1,PHI,STL,1,-3.0,46.0,21.5
2001,1,PIT,JAX,0,3.0,37.5,17.25
2001,1,SD,WAS,1,2.5,36.5,19.5
2001,1,SEA,CLE,0,-4.0,38.5,21.25
2001,1,SF,ATL,1,3.5,46.0,24.75
2001,1,STL,PHI,0,-3.0,46.0,24.5
2001,1,TB,DAL,0,-9.0,34.0,21.5
2001,1,TEN,MIA,1,6.5,34.0,20.25
2001,1,WAS,SD,0,2.5,36.5,17.0
2001,2,ARI,DEN,1,-8.5,45.0,18.25
2001,2,ATL,CAR,1,3.5,41.0,22.25
2001,2,BAL,CIN,0,-7.0,33.5,20.25
2001,2,BUF,IND,0,10.0,44.5,17.25
2001,2,CAR,ATL,0,3.5,41.0,18.75
2001,2,CHI,MIN,1,-3.0,43.5,20.25
2001,2,CIN,BAL,1,-7.0,33.5,13.25
2001,2,CLE,DET,1,-1.5,33.0,15.75
2001,2,DAL,SD,1,-3.5,34.0,15.25
2001,2,DEN,ARI,0,-8.5,45.0,26.75
2001,2,DET,CLE,0,-1.5,33.0,17.25
2001,2,GB,WAS,1,8.5,41.0,24.75
2001,2,IND,BUF,1,10.0,44.5,27.25
2001,2,JAX,TEN,1,2.0,36.0,19.0
2001,2,KC,NYG,1,1.5,39.0,20.25
2001,2,MIA,OAK,1,1.5,40.0,20.75
2001,2,MIN,CHI,0,-3.0,43.5,23.25
2001,2,NE,NYJ,1,-1.5,38.5,18.5
2001,2,NYG,KC,0,1.5,39.0,18.75
2001,2,NYJ,NE,0,-1.5,38.5,20.0
2001,2,OAK,MIA,0,1.5,40.0,19.25
2001,2,PHI,SEA,0,-2.5,37.0,19.75
2001,2,SD,DAL,0,-3.5,34.0,18.75
2001,2,SEA,PHI,1,-2.5,37.0,17.25
2001,2,SF,STL,1,-6.0,50.0,22.0
2001,2,STL,SF,0,-6.0,50.0,28.0
2001,2,TEN,JAX,0,2.0,36.0,17.0
2001,2,WAS,GB,0,8.5,41.0,16.25
2001,3,ARI,ATL,1,-3.0,42.0,19.5
2001,3,ATL,ARI,0,-3.0,42.0,22.5
2001,3,BAL,DEN,0,4.5,41.0,18.25
2001,3,BUF,PIT,1,-3.0,36.0,16.5
2001,3,CAR,GB,1,-3.5,41.0,18.75
2001,3,CIN,SD,0,6.5,39.0,16.25
2001,3,CLE,JAX,0,8.5,35.5,13.5
2001,3,DAL,PHI,0,13.5,34.5,10.5
2001,3,DEN,BAL,1,4.5,41.0,22.75
2001,3,GB,CAR,0,-3.5,41.0,22.25
2001,3,IND,NE,0,-11.5,45.0,28.25
2001,3,JAX,CLE,1,8.5,35.5,22.0
2001,3,KC,WAS,0,-3.0,35.5,19.25
2001,3,MIA,STL,0,6.0,44.0,19.0
2001,3,MIN,TB,1,-2.5,39.0,18.25
2001,3,NE,IND,1,-11.5,45.0,16.75
2001,3,NO,NYG,0,3.0,37.0,17.0
2001,3,NYG,NO,1,3.0,37.0,20.0
2001,3,NYJ,SF,1,3.0,44.5,23.75
2001,3,OAK,SEA,1,10.5,39.0,24.75
2001,3,PHI,DAL,1,13.5,34.5,24.0
2001,3,PIT,BUF,0,-3.0,36.0,19.5
2001,3,SD,CIN,1,6.5,39.0,22.75
2001,3,SEA,OAK,0,10.5,39.0,14.25
2001,3,SF,NYJ,0,3.0,44.5,20.75
2001,3,STL,MIA,1,6.0,44.0,25.0
2001,3,TB,MIN,0,-2.5,39.0,20.75
2001,3,WAS,KC,1,-3.0,35.5,16.25
2001,4,ARI,PHI,0,14.5,41.0,13.25
2001,4,ATL,CHI,1,3.5,39.5,21.5
2001,4,BAL,TEN,1,3.5,33.5,18.5
2001,4,BUF,NYJ,1,-4.5,36.0,15.75
2001,4,CAR,SF,0,6.5,45.0,19.25
2001,4,CHI,ATL,0,3.5,39.5,18.0
2001,4,CIN,PIT,0,5.0,35.5,15.25
2001,4,CLE,SD,1,-3.0,35.0,16.0
2001,4,DAL,OAK,0,18.0,41.5,11.75
2001,4,DEN,KC,1,10.0,48.0,29.0
2001,4,DET,STL,1,-12.5,48.5,18.0
2001,4,GB,TB,0,3.0,36.5,16.75
2001,4,JAX,SEA,0,-3.5,35.0,19.25
2001,4,KC,DEN,0,10.0,48.0,19.0
2001,4,MIA,NE,1,9.5,35.0,22.25
2001,4,MIN,NO,0,3.5,44.0,20.25
2001,4,NE,MIA,0,9.5,35.0,12.75
2001,4,NO,MIN,1,3.5,44.0,23.75
2001,4,NYG,WAS,1,14.0,36.0,25.0
2001,4,NYJ,BUF,0,-4.5,36.0,20.25
2001,4,OAK,DAL,1,18.0,41.5,29.75
2001,4,PHI,ARI,1,14.5,41.0,27.75
2001,4,PIT,CIN,1,5.0,35.5,20.25
2001,4,SD,CLE,0,-3.0,35.0,19.0
2001,4,SEA,JAX,1,-3.5,35.0,15.75
2001,4,SF,CAR,1,6.5,45.0,25.75
2001,4,STL,DET,0,-12.5,48.5,30.5
2001,4,TB,GB,1,3.0,36.5,19.75
2001,4,TEN,BAL,0,3.5,33.5,15.0
2001,4,WAS,NYG,0,14.0,36.0,11.0
2001,5,ARI,CHI,0,7.0,39.5,16.25
2001,5,ATL,SF,1,-3.0,43.5,20.25
2001,5,BAL,GB,0,0.0,34.0,17.0
2001,5,CAR,NO,1,-5.0,39.5,17.25
2001,5,CHI,ARI,1,7.0,39.5,23.25
2001,5,CIN,CLE,1,1.5,35.0,18.25
2001,5,CLE,CIN,0,1.5,35.0,16.75
2001,5,DAL,WAS,1,3.0,37.0,20.0
2001,5,DEN,SEA,0,-6.0,44.0,25.0
2001,5,DET,MIN,0,10.0,44.0,17.0
2001,5,GB,BAL,1,0.0,34.0,17.0
2001,5,IND,OAK,1,3.5,52.0,27.75
2001,5,KC,PIT,1,2.5,36.0,19.25
2001,5,MIA,NYJ,0,-3.0,38.0,20.5
2001,5,MIN,DET,1,10.0,44.0,27.0
2001,5,NE,SD,1,-3.0,36.0,16.5
2001,5,NO,CAR,0,-5.0,39.5,22.25
2001,5,NYG,STL,0,10.5,45.0,17.25
2001,5,NYJ,MIA,1,-3.0,38.0,17.5
2001,5,OAK,IND,0,3.5,52.0,24.25
2001,5,PIT,KC,0,2.5,36.0,16.75
2001,5,SD,NE,0,-3.0,36.0,19.5
2001,5,SEA,DEN,1,-6.0,44.0,19.0
2001,5,SF,ATL,0,-3.0,43.5,23.25
2001,5,STL,NYG,1,10.5,45.0,27.75
2001,5,TB,TEN,0,3.0,33.0,15.0
2001,5,TEN,TB,1,3.0,33.0,18.0
2001,5,WAS,DAL,0,3.0,37.0,17.0
2001,6,ARI,KC,1,-2.0,41.0,19.5
2001,6,ATL,NO,0,8.0,42.0,17.0
2001,6,BAL,CLE,0,-7.5,33.0,20.25
2001,6,BUF,JAX,0,9.0,38.5,14.75
2001,6,CAR,WAS,0,-3.5,36.0,19.75
2001,6,CHI,CIN,0,1.0,36.0,17.5
2001,6,CIN,CHI,1,1.0,36.0,18.5
2001,6,CLE,BAL,1,-7.5,33.0,12.75
2001,6,DEN,SD,0,-2.5,43.5,23.0
2001,6,DET,TEN,1,-5.5,38.5,16.5
2001,6,GB,MIN,0,-3.0,47.5,25.25
2001,6,IND,NE,1,10.5,48.0,29.25
2001,6,JAX,BUF,1,9.0,38.5,23.75
2001,6,KC,ARI,0,-2.0,41.0,21.5
2001,6,MIN,GB,1,-3.0,47.5,22.25
2001,6,NE,IND,0,10.5,48.0,18.75
2001,6,NO,ATL,1,8.0,42.0,25.0
2001,6,NYG,PHI,1,3.0,35.5,19.25
2001,6,NYJ,STL,1,-7.0,46.5,19.75
2001,6,PHI,NYG,0,3.0,35.5,16.25
2001,6,PIT,TB,0,5.0,33.5,14.25
2001,6,SD,DEN,1,-2.5,43.5,20.5
2001,6,STL,NYJ,0,-7.0,46.5,26.75
2001,6,TB,PIT,1,5.0,33.5,19.25
2001,6,TEN,DET,0,-5.5,38.5,22.0
2001,6,WAS,CAR,1,-3.5,36.0,16.25
2001,7,ARI,DAL,0,-3.0,38.0,20.5
2001,7,BAL,JAX,1,7.5,33.0,20.25
2001,7,BUF,SD,0,7.5,39.0,15.75
2001,7,CAR,NYJ,1,-2.5,39.0,18.25
2001,7,CHI,SF,1,2.0,39.0,20.5
2001,7,CIN,DET,0,3.0,39.5,18.25
2001,7,DAL,ARI,1,-3.0,38.0,17.5
2001,7,DEN,NE,1,7.0,43.0,25.0
2001,7,DET,CIN,1,3.0,39.5,21.25
2001,7,IND,KC,0,-3.0,47.5,25.25
2001,7,JAX,BAL,0,7.5,33.0,12.75
2001,7,KC,IND,1,-3.0,47.5,22.25
2001,7,MIA,SEA,0,-2.5,36.5,19.5
2001,7,MIN,TB,0,3.0,38.5,17.75
2001,7,NE,DEN,0,7.0,43.0,18.0
2001,7,NO,STL,0,12.0,48.5,18.25
2001,7,NYG,WAS,0,-7.5,33.5,20.5
2001,7,NYJ,CAR,0,-2.5,39.0,20.75
2001,7,OAK,PHI,0,1.0,39.0,19.0
2001,7,PHI,OAK,1,1.0,39.0,20.0
2001,7,PIT,TEN,1,3.0,36.0,19.5
2001,7,SD,BUF,1,7.5,39.0,23.25
2001,7,SEA,MIA,1,-2.5,36.5,17.0
2001,7,SF,CHI,0,2.0,39.0,18.5
2001,7,STL,NO,1,12.0,48.5,30.25
2001,7,TB,MIN,1,3.0,38.5,20.75
2001,7,TEN,PIT,0,3.0,36.0,16.5
2001,7,WAS,NYG,1,-7.5,33.5,13.0
2001,8,ARI,PHI,1,-7.0,39.5,16.25
2001,8,ATL,NE,1,3.0,42.5,22.75
2001,8,BAL,PIT,0,2.0,33.0,15.5
2001,8,BUF,IND,1,-3.0,44.5,20.75
2001,8,CAR,MIA,0,10.0,34.5,12.25
2001,8,CHI,CLE,1,4.5,34.0,19.25
2001,8,CLE,CHI,0,4.5,34.0,14.75
2001,8,DAL,NYG,0,10.5,35.5,12.5
2001,8,DEN,OAK,0,5.5,45.5,20.0
2001,8,DET,SF,0,8.5,47.0,19.25
2001,8,GB,TB,1,5.0,37.0,21.0
2001,8,IND,BUF,0,-3.0,44.5,23.75
2001,8,JAX,TEN,0,3.0,37.5,17.25
2001,8,KC,SD,0,5.5,41.0,17.75
2001,8,MIA,CAR,1,10.0,34.5,22.25
2001,8,NE,ATL,0,3.0,42.5,19.75
2001,8,NO,NYJ,1,6.5,42.5,24.5
2001,8,NYG,DAL,1,10.5,35.5,23.0
2001,8,NYJ,NO,0,6.5,42.5,18.0
2001,8,OAK,DEN,1,5.5,45.5,25.5
2001,8,PHI,ARI,0,-7.0,39.5,23.25
2001,8,PIT,BAL,1,2.0,33.0,17.5
2001,8,SD,KC,1,5.5,41.0,23.25
2001,8,SEA,WAS,0,-2.5,37.0,19.75
2001,8,SF,DET,1,8.5,47.0,27.75
2001,8,TB,GB,0,5.0,37.0,16.0
2001,8,TEN,JAX,1,3.0,37.5,20.25
2001,8,WAS,SEA,1,-2.5,37.0,17.25
2001,9,ARI,NYG,1,-5.5,37.5,16.0
2001,9,ATL,DAL,1,6.0,37.0,21.5
2001,9,BAL,TEN,0,-1.5,35.0,18.25
2001,9,BUF,NE,0,6.0,40.0,17.0
2001,9,CAR,STL,0,18.0,47.0,14.5
2001,9,CHI,GB,1,-2.5,37.5,17.5
2001,9,CIN,JAX,0,4.0,39.5,17.75
2001,9,CLE,PIT,1,-3.0,33.0,15.0
2001,9,DAL,ATL,0,6.0,37.0,15.5
2001,9,DEN,SD,1,5.5,45.0,25.25
2001,9,DET,TB,1,-5.0,40.0,17.5
2001,9,GB,CHI,0,-2.5,37.5,20.0
2001,9,IND,MIA,1,3.0,44.0,23.5
2001,9,JAX,CIN,1,4.0,39.5,21.75
2001,9,KC,NYJ,0,4.5,40.5,18.0
2001,9,MIA,IND,0,3.0,44.0,20.5
2001,9,MIN,PHI,0,4.5,41.0,18.25
2001,9,NE,BUF,1,6.0,40.0,23.0
2001,9,NO,SF,0,3.0,45.0,21.0
2001,9,NYG,ARI,0,-5.5,37.5,21.5
2001,9,NYJ,KC,1,4.5,40.5,22.5
2001,9,OAK,SEA,0,-6.0,43.5,24.75
2001,9,PHI,MIN,1,4.5,41.0,22.75
2001,9,PIT,CLE,0,-3.0,33.0,18.0
2001,9,SD,DEN,0,5.5,45.0,19.75
2001,9,SEA,OAK,1,-6.0,43.5,18.75
2001,9,SF,NO,1,3.0,45.0,24.0
2001,9,STL,CAR,1,18.0,47.0,32.5
2001,9,TB,DET,0,-5.0,40.0,22.5
2001,9,TEN,BAL,1,-1.5,35.0,16.75
2001,10,ARI,DET,1,2.0,39.5,20.75
2001,10,ATL,GB,0,10.0,39.5,14.75
2001,10,BAL,CLE,1,8.0,33.0,20.5
2001,10,BUF,SEA,1,-3.5,39.0,17.75
2001,10,CAR,SF,1,-7.0,43.0,18.0
2001,10,CHI,TB,0,5.0,35.0,15.0
2001,10,CIN,TEN,1,1.5,39.5,20.5
2001,10,CLE,BAL,0,8.0,33.0,12.5
2001,10,DAL,PHI,1,-7.0,37.0,15.0
2001,10,DEN,WAS,1,8.5,43.0,25.75
2001,10,DET,ARI,0,2.0,39.5,18.75
2001,10,GB,ATL,1,10.0,39.5,24.75
2001,10,IND,NO,0,5.5,47.5,21.0
2001,10,JAX,PIT,0,5.5,36.0,15.25
2001,10,MIA,NYJ,1,5.5,37.5,21.5
2001,10,MIN,NYG,1,2.0,44.0,23.0
2001,10,NE,STL,1,-8.5,46.5,19.0
2001,10,NO,IND,1,5.5,47.5,26.5
2001,10,NYG,MIN,0,2.0,44.0,21.0
2001,10,NYJ,MIA,0,5.5,37.5,16.0
2001,10,OAK,SD,1,9.0,45.0,27.0
2001,10,PHI,DAL,0,-7.0,37.0,22.0
2001,10,PIT,JAX,1,5.5,36.0,20.75
2001,10,SD,OAK,0,9.0,45.0,18.0
2001,10,SEA,BUF,0,-3.5,39.0,21.25
2001,10,SF,CAR,0,-7.0,43.0,25.0
2001,10,STL,NE,0,-8.5,46.5,27.5
2001,10,TB,CHI,1,5.0,35.0,20.0
2001,10,TEN,CIN,0,1.5,39.5,19.0
2001,10,WAS,DEN,0,8.5,43.0,17.25
2001,11,ARI,SD,0,7.0,44.0,18.5
2001,11,ATL,CAR,0,-3.0,40.0,21.5
2001,11,BAL,JAX,0,-3.0,34.0,18.5
2001,11,BUF,MIA,1,-5.0,36.0,15.5
2001,11,CAR,ATL,1,-3.0,40.0,18.5
2001,11,CHI,MIN,0,3.0,45.0,21.0
2001,11,CIN,CLE,0,6.0,35.5,14.75
2001,11,CLE,CIN,1,6.0,35.5,20.75
2001,11,DAL,DEN,1,-7.0,40.5,16.75
2001,11,DEN,DAL,0,-7.0,40.5,23.75
2001,11,DET,GB,1,-7.0,47.0,20.0
2001,11,GB,DET,0,-7.0,47.0,27.0
2001,11,IND,SF,1,2.5,52.5,27.5
2001,11,JAX,BAL,1,-3.0,34.0,15.5
2001,11,KC,SEA,1,1.5,41.0,21.25
2001,11,MIA,BUF,0,-5.0,36.0,20.5
2001,11,MIN,CHI,1,3.0,45.0,24.0
2001,11,NE,NO,1,0.0,42.0,21.0
2001,11,NO,NE,0,0.0,42.0,21.0
2001,11,NYG,OAK,1,-2.5,39.0,18.25
2001,11,OAK,NYG,0,-2.5,39.0,20.75
2001,11,PHI,WAS,1,8.0,37.5,22.75
2001,11,PIT,TEN,0,2.0,34.5,16.25
2001,11,SD,ARI,1,7.0,44.0,25.5
2001,11,SEA,KC,0,1.5,41.0,19.75
2001,11,SF,IND,0,2.5,52.5,25.0
2001,11,STL,TB,1,9.5,46.0,27.75
2001,11,TB,STL,0,9.5,46.0,18.25
2001,11,TEN,PIT,1,2.0,34.5,18.25
2001,11,WAS,PHI,0,8.0,37.5,14.75
2001,12,ARI,OAK,0,13.0,44.0,15.5
2001,12,ATL,STL,1,-8.0,47.0,19.5
2001,12,BAL,IND,1,7.0,43.0,25.0
2001,12,BUF,SF,0,8.5,44.5,18.0
2001,12,CAR,NO,0,10.0,41.0,15.5
2001,12,CHI,DET,1,7.0,38.0,22.5
2001,12,CIN,TB,1,-5.0,35.0,15.0
2001,12,CLE,TEN,1,1.5,35.5,18.5
2001,12,DAL,WAS,0,8.5,35.5,13.5
2001,12,DEN,MIA,0,3.0,39.5,18.25
2001,12,DET,CHI,0,7.0,38.0,15.5
2001,12,GB,JAX,0,-3.0,43.0,23.0
2001,12,IND,BAL,0,7.0,43.0,18.0
2001,12,JAX,GB,1,-3.0,43.0,20.0
2001,12,KC,PHI,1,-3.0,37.0,17.0
2001,12,MIA,DEN,1,3.0,39.5,21.25
2001,12,MIN,PIT,0,7.0,41.0,17.0
2001,12,NE,NYJ,0,3.0,38.0,17.5
2001,12,NO,CAR,1,10.0,41.0,25.5
2001,12,NYJ,NE,1,3.0,38.0,20.5
2001,12,OAK,ARI,1,13.0,44.0,28.5
2001,12,PHI,KC,0,-3.0,37.0,20.0
2001,12,PIT,MIN,1,7.0,41.0,24.0
2001,12,SD,SEA,0,3.0,43.0,20.0
2001,12,SEA,SD,1,3.0,43.0,23.0
2001,12,SF,BUF,1,8.5,44.5,26.5
2001,12,STL,ATL,0,-8.0,47.0,27.5
2001,12,TB,CIN,0,-5.0,35.0,20.0
2001,12,TEN,CLE,0,1.5,35.5,17.0
2001,12,WAS,DAL,1,8.5,35.5,22.0
2001,13,ARI,WAS,1,2.0,38.5,20.25
2001,13,ATL,NO,1,-3.0,39.0,18.0
2001,13,BUF,CAR,1,3.5,36.5,20.0
2001,13,CAR,BUF,0,3.5,36.5,16.5
2001,13,CHI,GB,0,5.5,37.5,16.0
2001,13,CIN,JAX,1,1.0,36.5,18.75
2001,13,CLE,NE,0,5.0,36.5,15.75
2001,13,DAL,NYG,1,-3.5,35.5,16.0
2001,13,DEN,SEA,1,6.0,41.0,23.5
2001,13,DET,TB,0,8.0,36.5,14.25
2001,13,GB,CHI,1,5.5,37.5,21.5
2001,13,IND,MIA,0,5.0,45.0,20.0
2001,13,JAX,CIN,0,1.0,36.5,17.75
2001,13,KC,OAK,0,9.0,44.5,17.75
2001,13,MIA,IND,1,5.0,45.0,25.0
2001,13,MIN,TEN,1,-2.5,42.5,20.0
2001,13,NE,CLE,1,5.0,36.5,20.75
2001,13,NO,ATL,0,-3.0,39.0,21.0
2001,13,NYG,DAL,0,-3.5,35.5,19.5
2001,13,NYJ,PIT,0,3.5,34.5,15.5
2001,13,OAK,KC,1,9.0,44.5,26.75
2001,13,PHI,SD,1,7.0,37.5,22.25
2001,13,PIT,NYJ,1,3.5,34.5,19.0
2001,13,SD,PHI,0,7.0,37.5,15.25
2001,13,SEA,DEN,0,6.0,41.0,17.5
2001,13,SF,STL,0,7.0,55.0,24.0
2001,13,STL,SF,1,7.0,55.0,31.0
2001,13,TB,DET,1,8.0,36.5,22.25
2001,13,TEN,MIN,0,-2.5,42.5,22.5
2001,13,WAS,ARI,0,2.0,38.5,18.25
2001,14,ARI,NYG,0,5.0,37.5,16.25
2001,14,ATL,IND,0,4.0,46.5,21.25
2001,14,BAL,PIT,1,3.0,33.5,18.25
2001,14,BUF,NE,1,-4.0,38.0,17.0
2001,14,CHI,TB,1,2.5,33.0,17.75
2001,14,CIN,NYJ,0,8.5,35.0,13.25
2001,14,CLE,JAX,1,2.0,36.5,19.25
2001,14,DAL,SEA,0,5.5,36.5,15.5
2001,14,DEN,KC,0,-2.5,37.5,20.0
2001,14,DET,MIN,1,-3.0,46.5,21.75
2001,14,GB,TEN,0,-2.5,42.5,22.5
2001,14,IND,ATL,1,4.0,46.5,25.25
2001,14,JAX,CLE,0,2.0,36.5,17.25
2001,14,KC,DEN,1,-2.5,37.5,17.5
2001,14,MIA,SF,0,3.5,43.0,19.75
2001,14,MIN,DET,0,-3.0,46.5,24.75
2001,14,NE,BUF,0,-4.0,38.0,21.0
2001,14,NO,STL,1,-6.0,51.0,22.5
2001,14,NYG,ARI,1,5.0,37.5,21.25
2001,14,NYJ,CIN,1,8.5,35.0,21.75
2001,14,OAK,SD,0,-4.0,46.5,25.25
2001,14,PHI,WAS,0,-2.5,34.5,18.5
2001,14,PIT,BAL,0,3.0,33.5,15.25
2001,14,SD,OAK,1,-4.0,46.5,21.25
2001,14,SEA,DAL,1,5.5,36.5,21.0
2001,14,SF,MIA,1,3.5,43.0,23.25
2001,14,STL,NO,0,-6.0,51.0,28.5
2001,14,TB,CHI,0,2.5,33.0,15.25
2001,14,TEN,GB,1,-2.5,42.5,20.0
2001,14,WAS,PHI,1,-2.5,34.5,16.0
2001,15,ARI,DAL,1,3.5,37.0,20.25
2001,15,ATL,BUF,1,4.0,41.0,22.5
2001,15,BAL,CIN,1,10.5,33.5,22.0
2001,15,BUF,ATL,0,4.0,41.0,18.5
2001,15,CAR,STL,1,-12.5,46.5,17.0
2001,15,CHI,WAS,0,1.0,33.0,16.0
2001,15,CIN,BAL,0,10.5,33.5,11.5
2001,15,CLE,GB,0,7.5,37.0,14.75
2001,15,DAL,ARI,0,3.5,37.0,16.75
2001,15,DET,PIT,0,10.0,36.0,13.0
2001,15,GB,CLE,1,7.5,37.0,22.25
2001,15,IND,NYJ,1,1.0,47.0,24.0
2001,15,JAX,MIN,0,2.5,45.5,21.5
2001,15,KC,SD,1,3.5,40.0,21.75
2001,15,MIA,NE,0,3.0,37.0,17.0
2001,15,MIN,JAX,1,2.5,45.5,24.0
2001,15,NE,MIA,1,3.0,37.0,20.0
2001,15,NO,TB,0,2.5,38.0,17.75
2001,15,NYG,SEA,1,3.0,34.0,18.5
2001,15,NYJ,IND,0,1.0,47.0,23.0
2001,15,OAK,TEN,1,6.0,45.5,25.75
2001,15,PHI,SF,0,3.0,40.0,18.5
2001,15,PIT,DET,1,10.0,36.0,23.0
2001,15,SD,KC,0,3.5,40.0,18.25
2001,15,SEA,NYG,0,3.0,34.0,15.5
2001,15,SF,PHI,1,3.0,40.0,21.5
2001,15,STL,CAR,0,-12.5,46.5,29.5
2001,15,TB,NO,1,2.5,38.0,20.25
2001,15,TEN,OAK,0,6.0,45.5,19.75
2001,15,WAS,CHI,1,1.0,33.0,17.0
2001,16,ARI,CAR,0,1.0,39.5,19.25
2001,16,ATL,MIA,0,7.0,38.5,15.75
2001,16,BAL,TB,0,1.5,34.0,16.25
2001,16,BUF,NYJ,0,7.0,37.0,15.0
2001,16,CAR,ARI,1,1.0,39.5,20.25
2001,16,CHI,DET,0,-5.5,38.5,22.0
2001,16,CIN,PIT,1,-8.0,33.5,12.75
2001,16,CLE,TEN,0,5.0,37.5,16.25
2001,16,DAL,SF,1,-6.5,39.5,16.5
2001,16,DEN,OAK,1,1.0,41.0,21.0
2001,16,DET,CHI,1,-5.5,38.5,16.5
2001,16,GB,MIN,1,12.0,40.0,26.0
2001,16,IND,STL,0,13.0,58.5,22.75
2001,16,JAX,KC,1,4.5,40.0,22.25
2001,16,KC,JAX,0,4.5,40.0,17.75
2001,16,MIA,ATL,1,7.0,38.5,22.75
2001,16,MIN,GB,0,12.0,40.0,14.0
2001,16,NO,WAS,1,5.0,39.5,22.25
2001,16,NYG,PHI,0,5.0,34.5,14.75
2001,16,NYJ,BUF,1,7.0,37.0,22.0
2001,16,OAK,DEN,0,1.0,41.0,20.0
2001,16,PHI,NYG,1,5.0,34.5,19.75
2001,16,PIT,CIN,0,-8.0,33.5,20.75
2001,16,SD,SEA,1,1.5,39.0,20.25
2001,16,SEA,SD,0,1.5,39.0,18.75
2001,16,SF,DAL,0,-6.5,39.5,23.0
2001,16,STL,IND,1,13.0,58.5,35.75
2001,16,TB,BAL,1,1.5,34.0,17.75
2001,16,TEN,CLE,1,5.0,37.5,21.25
2001,16,WAS,NO,0,5.0,39.5,17.25
2001,17,ARI,WAS,0,3.5,36.5,16.5
2001,17,ATL,STL,0,14.5,48.0,16.75
2001,17,BAL,MIN,1,10.0,37.5,23.75
2001,17,BUF,MIA,0,6.5,36.5,15.0
2001,17,CAR,NE,1,-6.5,36.0,14.75
2001,17,CHI,JAX,1,6.0,33.5,19.75
2001,17,CIN,TEN,0,5.5,37.5,16.0
2001,17,CLE,PIT,0,7.0,34.5,13.75
2001,17,DAL,DET,0,-3.0,36.0,19.5
2001,17,DEN,IND,0,2.0,51.0,24.5
2001,17,DET,DAL,1,-3.0,36.0,16.5
2001,17,GB,NYG,0,-3.0,36.5,19.75
2001,17,IND,DEN,1,2.0,51.0,26.5
2001,17,JAX,CHI,0,6.0,33.5,13.75
2001,17,KC,SEA,0,3.5,40.0,18.25
2001,17,MIA,BUF,1,6.5,36.5,21.5
2001,17,MIN,BAL,0,10.0,37.5,13.75
2001,17,NE,CAR,0,-6.5,36.0,21.25
2001,17,NO,SF,1,-2.5,46.5,22.0
2001,17,NYG,GB,1,-3.0,36.5,16.75
2001,17,NYJ,OAK,0,4.5,41.5,18.5
2001,17,OAK,NYJ,1,4.5,41.5,23.0
2001,17,PHI,TB,0,3.0,33.0,15.0
2001,17,PIT,CLE,1,7.0,34.5,20.75
2001,17,SEA,KC,1,3.5,40.0,21.75
2001,17,SF,NO,0,-2.5,46.5,24.5
2001,17,STL,ATL,1,14.5,48.0,31.25
2001,17,TB,PHI,1,3.0,33.0,18.0
2001,17,TEN,CIN,1,5.5,37.5,21.5
2001,17,WAS,ARI,1,3.5,36.5,20.0
2001,18,BAL,MIA,0,2.5,33.0,15.25
2001,18,GB,SF,1,3.5,39.0,21.25
2001,18,MIA,BAL,1,2.5,33.0,17.75
2001,18,NYJ,OAK,0,4.5,42.0,18.75
2001,18,OAK,NYJ,1,4.5,42.0,23.25
2001,18,PHI,TB,1,3.5,33.0,18.25
2001,18,SF,GB,0,3.5,39.0,17.75
2001,18,TB,PHI,0,3.5,33.0,14.75
2001,19,BAL,PIT,0,5.5,32.0,13.25
2001,19,CHI,PHI,1,3.0,32.5,17.75
2001,19,GB,STL,0,11.0,54.5,21.75
2001,19,NE,OAK,1,3.0,41.5,22.25
2001,19,OAK,NE,0,3.0,41.5,19.25
2001,19,PHI,CHI,0,3.0,32.5,14.75
2001,19,PIT,BAL,1,5.5,32.0,18.75
2001,19,STL,GB,1,11.0,54.5,32.75
2001,20,NE,PIT,0,10.0,35.5,12.75
2001,20,PHI,STL,0,11.0,51.0,20.0
2001,20,PIT,NE,1,10.0,35.5,22.75
2001,20,STL,PHI,1,11.0,51.0,31.0
2001,21,NE,STL,1,-14.0,52.5,19.25
2001,21,STL,NE,0,-14.0,52.5,33.25
2002,1,ARI,WAS,0,6.0,44.5,19.25
2002,1,ATL,GB,0,7.0,42.5,17.75
2002,1,BAL,CAR,0,0.0,33.0,16.5
2002,1,BUF,NYJ,1,-3.0,43.0,20.0
2002,1,CAR,BAL,1,0.0,33.0,16.5
2002,1,CHI,MIN,1,4.5,41.0,22.75
2002,1,CIN,SD,1,3.0,37.0,20.0
2002,1,CLE,KC,1,2.0,36.0,19.0
2002,1,DAL,HOU,0,-8.5,33.5,21.0
2002,1,DEN,STL,1,-3.0,51.0,24.0
2002,1,DET,MIA,0,9.5,35.5,13.0
2002,1,GB,ATL,1,7.0,42.5,24.75
2002,1,HOU,DAL,1,-8.5,33.5,12.5
2002,1,IND,JAX,0,-3.5,44.0,23.75
2002,1,JAX,IND,1,-3.5,44.0,20.25
2002,1,KC,CLE,0,2.0,36.0,17.0
2002,1,MIA,DET,1,9.5,35.5,22.5
2002,1,MIN,CHI,0,4.5,41.0,18.25
2002,1,NE,PIT,1,-2.5,37.5,17.5
2002,1,NO,TB,0,6.0,37.5,15.75
2002,1,NYG,SF,1,-4.0,39.0,17.5
2002,1,NYJ,BUF,0,-3.0,43.0,23.0
2002,1,OAK,SEA,1,7.5,40.0,23.75
2002,1,PHI,TEN,0,2.0,37.0,17.5
2002,1,PIT,NE,0,-2.5,37.5,20.0
2002,1,SD,CIN,0,3.0,37.0,17.0
2002,1,SEA,OAK,0,7.5,40.0,16.25
2002,1,SF,NYG,0,-4.0,39.0,21.5
2002,1,STL,DEN,0,-3.0,51.0,27.0
2002,1,TB,NO,1,6.0,37.5,21.75
2002,1,TEN,PHI,1,2.0,37.0,19.5
2002,1,WAS,ARI,1,6.0,44.5,25.25
2002,2,ARI,SEA,0,4.0,40.5,18.25
2002,2,ATL,CHI,1,2.5,45.0,23.75
2002,2,BAL,TB,1,-4.5,32.0,13.75
2002,2,BUF,MIN,0,3.5,49.0,22.75
2002,2,CAR,DET,1,3.0,35.5,19.25
2002,2,CHI,ATL,0,2.5,45.0,21.25
2002,2,CIN,CLE,0,3.5,39.0,17.75
2002,2,CLE,CIN,1,3.5,39.0,21.25
2002,2,DAL,TEN,1,-3.5,37.5,17.0
2002,2,DEN,SF,0,3.5,44.0,20.25
2002,2,DET,CAR,0,3.0,35.5,16.25
2002,2,GB,NO,0,-2.5,45.5,24.0
2002,2,HOU,SD,0,13.5,34.0,10.25
2002,2,IND,MIA,1,0.0,47.0,23.5
2002,2,JAX,KC,0,3.5,46.0,21.25
2002,2,KC,JAX,1,3.5,46.0,24.75
2002,2,MIA,IND,0,0.0,47.0,23.5
2002,2,MIN,BUF,1,3.5,49.0,26.25
2002,2,NE,NYJ,0,1.0,41.0,20.0
2002,2,NO,GB,1,-2.5,45.5,21.5
2002,2,NYG,STL,0,12.0,46.0,17.0
2002,2,NYJ,NE,1,1.0,41.0,21.0
2002,2,OAK,PIT,0,4.0,39.5,17.75
2002,2,PHI,WAS,0,-3.0,44.0,23.5
2002,2,PIT,OAK,1,4.0,39.5,21.75
2002,2,SD,HOU,1,13.5,34.0,23.75
2002,2,SEA,ARI,1,4.0,40.5,22.25
2002,2,SF,DEN,1,3.5,44.0,23.75
2002,2,STL,NYG,1,12.0,46.0,29.0
2002,2,TB,BAL,0,-4.5,32.0,18.25
2002,2,TEN,DAL,0,-3.5,37.5,20.5
2002,2,WAS,PHI,1,-3.0,44.0,20.5
2002,3,ARI,SD,1,-2.5,39.0,18.25
2002,3,ATL,CIN,1,7.0,42.5,24.75
2002,3,BUF,DEN,0,7.5,47.0,19.75
2002,3,CAR,MIN,0,6.5,44.5,19.0
2002,3,CHI,NO,1,-2.0,40.5,19.25
2002,3,CIN,ATL,0,7.0,42.5,17.75
2002,3,CLE,TEN,0,4.5,40.5,18.0
2002,3,DAL,PHI,0,10.0,36.5,13.25
2002,3,DEN,BUF,1,7.5,47.0,27.25
2002,3,DET,GB,1,-7.5,44.0,18.25
2002,3,GB,DET,0,-7.5,44.0,25.75
2002,3,HOU,IND,1,-10.5,38.0,13.75
2002,3,IND,HOU,0,-10.5,38.0,24.25
2002,3,KC,NE,0,8.5,43.5,17.5
2002,3,MIA,NYJ,1,6.0,40.5,23.25
2002,3,MIN,CAR,1,6.5,44.5,25.5
2002,3,NE,KC,1,8.5,43.5,26.0
2002,3,NO,CHI,0,-2.0,40.5,21.25
2002,3,NYG,SEA,1,5.5,39.0,22.25
2002,3,NYJ,MIA,0,6.0,40.5,17.25
2002,3,PHI,DAL,1,10.0,36.5,23.25
2002,3,SD,ARI,0,-2.5,39.0,20.75
2002,3,SEA,NYG,0,5.5,39.0,16.75
2002,3,SF,WAS,1,10.0,44.0,27.0
2002,3,STL,TB,0,-1.5,44.0,22.75
2002,3,TB,STL,1,-1.5,44.0,21.25
2002,3,TEN,CLE,1,4.5,40.5,22.5
2002,3,WAS,SF,0,10.0,44.0,17.0
2002,4,ARI,NYG,1,-3.0,38.5,17.75
2002,4,BAL,DEN,1,-9.0,35.0,13.0
2002,4,BUF,CHI,1,3.0,46.5,24.75
2002,4,CAR,GB,0,6.5,41.5,17.5
2002,4,CHI,BUF,0,3.0,46.5,21.75
2002,4,CIN,TB,1,-6.5,33.5,13.5
2002,4,CLE,PIT,0,6.0,44.0,19.0
2002,4,DAL,STL,0,12.0,44.0,16.0
2002,4,DEN,BAL,0,-9.0,35.0,22.0
2002,4,DET,NO,1,-9.0,45.0,18.0
2002,4,GB,CAR,1,6.5,41.5,24.0
2002,4,HOU,PHI,0,19.0,36.0,8.5
2002,4,JAX,NYJ,1,3.5,41.5,22.5
2002,4,KC,MIA,1,-3.0,44.5,20.75
2002,4,MIA,KC,0,-3.0,44.5,23.75
2002,4,MIN,SEA,0,3.0,44.0,20.5
2002,4,NE,SD,0,-3.0,40.5,21.75
2002,4,NO,DET,0,-9.0,45.0,27.0
2002,4,NYG,ARI,0,-3.0,38.5,20.75
2002,4,NYJ,JAX,0,3.5,41.5,19.0
2002,4,OAK,TEN,1,6.5,45.0,25.75
2002,4,PHI,HOU,1,19.0,36.0,27.5
2002,4,PIT,CLE,1,6.0,44.0,25.0
2002,4,SD,NE,1,-3.0,40.5,18.75
2002,4,SEA,MIN,1,3.0,44.0,23.5
2002,4,STL,DAL,1,12.0,44.0,28.0
2002,4,TB,CIN,0,-6.5,33.5,20.0
2002,4,TEN,OAK,0,6.5,45.0,19.25
2002,5,ARI,CAR,0,5.0,35.0,15.0
2002,5,ATL,TB,1,2.5,38.5,20.5
2002,5,BAL,CLE,0,6.0,36.5,15.25
2002,5,BUF,OAK,1,-3.0,53.5,25.25
2002,5,CAR,ARI,1,5.0,35.0,20.0
2002,5,CHI,GB,1,1.0,44.0,22.5
2002,5,CIN,IND,0,13.5,43.0,14.75
2002,5,CLE,BAL,1,6.0,36.5,21.25
2002,5,DAL,NYG,1,-1.5,34.5,16.5
2002,5,DEN,SD,1,6.5,39.5,23.0
2002,5,GB,CHI,0,1.0,44.0,21.5
2002,5,IND,CIN,1,13.5,43.0,28.25
2002,5,JAX,PHI,1,-3.0,42.5,19.75
2002,5,KC,NYJ,0,-3.0,46.5,24.75
2002,5,MIA,NE,1,3.0,43.5,23.25
2002,5,NE,MIA,0,3.0,43.5,20.25
2002,5,NO,PIT,1,3.0,43.5,23.25
2002,5,NYG,DAL,0,-1.5,34.5,18.0
2002,5,NYJ,KC,1,-3.0,46.5,21.75
2002,5,OAK,BUF,0,-3.0,53.5,28.25
2002,5,PHI,JAX,0,-3.0,42.5,22.75
2002,5,PIT,NO,0,3.0,43.5,20.25
2002,5,SD,DEN,0,6.5,39.5,16.5
2002,5,SF,STL,1,6.0,41.5,23.75
2002,5,STL,SF,0,6.0,41.5,17.75
2002,5,TB,ATL,0,2.5,38.5,18.0
2002,5,TEN,WAS,1,3.5,43.5,23.5
2002,5,WAS,TEN,0,3.5,43.5,20.0
2002,6,ATL,NYG,0,6.0,35.5,14.75
2002,6,BAL,IND,0,6.5,42.0,17.75
2002,6,BUF,HOU,0,-7.0,44.0,25.5
2002,6,CAR,DAL,0,2.0,35.0,16.5
2002,6,CIN,PIT,1,-6.5,40.5,17.0
2002,6,CLE,TB,0,7.5,36.5,14.5
2002,6,DAL,CAR,1,2.0,35.0,18.5
2002,6,DEN,MIA,1,3.5,41.0,22.25
2002,6,DET,MIN,0,4.5,49.0,22.25
2002,6,GB,NE,0,4.5,47.0,21.25
2002,6,HOU,BUF,1,-7.0,44.0,18.5
2002,6,IND,BAL,1,6.5,42.0,24.25
2002,6,JAX,TEN,0,-1.5,44.0,22.75
2002,6,KC,SD,0,3.0,46.5,21.75
2002,6,MIA,DEN,0,3.5,41.0,18.75
2002,6,MIN,DET,1,4.5,49.0,26.75
2002,6,NE,GB,1,4.5,47.0,25.75
2002,6,NO,WAS,0,-1.5,45.5,23.5
2002,6,NYG,ATL,1,6.0,35.5,20.75
2002,6,OAK,STL,0,-7.0,49.0,28.0
2002,6,PIT,CIN,0,-6.5,40.5,23.5
2002,6,SD,KC,1,3.0,46.5,24.75
2002,6,SEA,SF,1,-3.0,43.5,20.25
2002,6,SF,SEA,0,-3.0,43.5,23.25
2002,6,STL,OAK,1,-7.0,49.0,21.0
2002,6,TB,CLE,1,7.5,36.5,22.0
2002,6,TEN,JAX,1,-1.5,44.0,21.25
2002,6,WAS,NO,1,-1.5,45.5,22.0
2002,7,ARI,DAL,1,3.5,36.5,20.0
2002,7,ATL,CAR,1,4.0,35.5,19.75
2002,7,BAL,JAX,1,-1.5,38.0,18.25
2002,7,BUF,MIA,0,6.0,45.5,19.75
2002,7,CAR,ATL,0,4.0,35.5,15.75
2002,7,CHI,DET,0,-3.0,44.5,23.75
2002,7,CLE,HOU,1,8.5,36.5,22.5
2002,7,DAL,ARI,0,3.5,36.5,16.5
2002,7,DEN,KC,0,-3.0,50.5,26.75
2002,7,DET,CHI,1,-3.0,44.5,20.75
2002,7,GB,WAS,1,7.0,48.0,27.5
2002,7,HOU,CLE,0,8.5,36.5,14.0
2002,7,IND,PIT,0,4.5,46.0,20.75
2002,7,JAX,BAL,0,-1.5,38.0,19.75
2002,7,KC,DEN,1,-3.0,50.5,23.75
2002,7,MIA,BUF,1,6.0,45.5,25.75
2002,7,MIN,NYJ,0,3.0,49.0,23.0
2002,7,NO,SF,1,1.5,48.5,25.0
2002,7,NYJ,MIN,1,3.0,49.0,26.0
2002,7,OAK,SD,1,7.0,47.0,27.0
2002,7,PHI,TB,1,3.0,37.0,20.0
2002,7,PIT,IND,1,4.5,46.0,25.25
2002,7,SD,OAK,0,7.0,47.0,20.0
2002,7,SEA,STL,0,6.5,44.5,19.0
2002,7,SF,NO,0,1.5,48.5,23.5
2002,7,STL,SEA,1,6.5,44.5,25.5
2002,7,TB,PHI,0,3.0,37.0,17.0
2002,7,WAS,GB,0,7.0,48.0,20.5
2002,8,ARI,SF,0,8.5,40.5,16.0
2002,8,ATL,NO,0,3.5,47.0,21.75
2002,8,BAL,PIT,1,-3.0,37.5,17.25
2002,8,BUF,DET,1,7.5,50.0,28.75
2002,8,CAR,TB,1,-8.0,31.5,11.75
2002,8,CHI,MIN,0,2.0,46.0,22.0
2002,8,CIN,TEN,1,-4.5,42.0,18.75
2002,8,CLE,NYJ,0,3.0,44.0,20.5
2002,8,DAL,SEA,1,2.0,37.0,19.5
2002,8,DEN,NE,0,3.0,46.0,21.5
2002,8,DET,BUF,0,7.5,50.0,21.25
2002,8,HOU,JAX,0,11.0,38.0,13.5
2002,8,IND,WAS,0,1.0,46.0,22.5
2002,8,JAX,HOU,1,11.0,38.0,24.5
2002,8,KC,OAK,1,-2.5,55.5,26.5
2002,8,MIN,CHI,1,2.0,46.0,24.0
2002,8,NE,DEN,1,3.0,46.0,24.5
2002,8,NO,ATL,1,3.5,47.0,25.25
2002,8,NYG,PHI,0,7.0,38.5,15.75
2002,8,NYJ,CLE,1,3.0,44.0,23.5
2002,8,OAK,KC,0,-2.5,55.5,29.0
2002,8,PHI,NYG,1,7.0,38.5,22.75
2002,8,PIT,BAL,0,-3.0,37.5,20.25
2002,8,SEA,DAL,0,2.0,37.0,17.5
2002,8,SF,ARI,1,8.5,40.5,24.5
2002,8,TB,CAR,0,-8.0,31.5,19.75
2002,8,TEN,CIN,0,-4.5,42.0,23.25
2002,8,WAS,IND,1,1.0,46.0,23.5
2002,9,ARI,STL,1,-5.0,43.5,19.25
2002,9,ATL,BAL,1,7.0,40.5,23.75
2002,9,BAL,ATL,0,7.0,40.5,16.75
2002,9,BUF,NE,1,3.0,47.5,25.25
2002,9,CHI,PHI,1,-7.0,37.5,15.25
2002,9,CIN,HOU,0,2.5,36.5,17.0
2002,9,CLE,PIT,1,-3.5,44.0,20.25
2002,9,DAL,DET,0,3.0,37.0,17.0
2002,9,DET,DAL,1,3.0,37.0,20.0
2002,9,GB,MIA,1,4.5,41.5,23.0
2002,9,HOU,CIN,1,2.5,36.5,19.5
2002,9,IND,TEN,1,3.0,47.0,25.0
2002,9,JAX,NYG,0,3.0,35.5,16.25
2002,9,MIA,GB,0,4.5,41.5,18.5
2002,9,MIN,TB,0,7.5,37.0,14.75
2002,9,NE,BUF,0,3.0,47.5,22.25
2002,9,NYG,JAX,1,3.0,35.5,19.25
2002,9,NYJ,SD,0,8.5,41.0,16.25
2002,9,OAK,SF,1,3.0,49.5,26.25
2002,9,PHI,CHI,0,-7.0,37.5,22.25
2002,9,PIT,CLE,0,-3.5,44.0,23.75
2002,9,SD,NYJ,1,8.5,41.0,24.75
2002,9,SEA,WAS,1,2.0,41.5,21.75
2002,9,SF,OAK,0,3.0,49.5,23.25
2002,9,STL,ARI,0,-5.0,43.5,24.25
2002,9,TB,MIN,1,7.5,37.0,22.25
2002,9,TEN,IND,0,3.0,47.0,22.0
2002,9,WAS,SEA,0,2.0,41.5,19.75
2002,10,ARI,SEA,1,3.0,37.0,20.0
2002,10,ATL,PIT,0,5.5,42.5,18.5
2002,10,BAL,CIN,1,4.0,37.0,20.5
2002,10,CAR,NO,1,-4.0,39.5,17.75
2002,10,CHI,NE,1,-5.0,39.0,17.0
2002,10,CIN,BAL,0,4.0,37.0,16.5
2002,10,DEN,OAK,1,6.0,45.5,25.75
2002,10,DET,GB,0,10.5,42.0,15.75
2002,10,GB,DET,1,10.5,42.0,26.25
2002,10,HOU,TEN,0,9.0,39.5,15.25
2002,10,IND,PHI,0,9.5,41.5,16.0
2002,10,JAX,WAS,1,1.5,39.5,20.5
2002,10,KC,SF,0,5.0,49.0,22.0
2002,10,MIA,NYJ,0,2.5,39.5,18.5
2002,10,MIN,NYG,1,-1.5,45.0,21.75
2002,10,NE,CHI,0,-5.0,39.0,22.0
2002,10,NO,CAR,0,-4.0,39.5,21.75
2002,10,NYG,MIN,0,-1.5,45.0,23.25
2002,10,NYJ,MIA,1,2.5,39.5,21.0
2002,10,OAK,DEN,0,6.0,45.5,19.75
2002,10,PHI,IND,1,9.5,41.5,25.5
2002,10,PIT,ATL,1,5.5,42.5,24.0
2002,10,SD,STL,0,6.0,44.0,19.0
2002,10,SEA,ARI,0,3.0,37.0,17.0
2002,10,SF,KC,1,5.0,49.0,27.0
2002,10,STL,SD,1,6.0,44.0,25.0
2002,10,TEN,HOU,1,9.0,39.5,24.25
2002,10,WAS,JAX,0,1.5,39.5,19.0
2002,11,ARI,PHI,0,12.0,37.5,12.75
2002,11,ATL,NO,1,1.5,51.0,26.25
2002,11,BAL,MIA,0,5.0,34.5,14.75
2002,11,BUF,KC,0,3.5,52.5,24.5
2002,11,CAR,TB,0,8.0,34.5,13.25
2002,11,CHI,STL,0,10.5,43.5,16.5
2002,11,CIN,CLE,1,-3.0,41.5,19.25
2002,11,CLE,CIN,0,-3.0,41.5,22.25
2002,11,DAL,IND,0,6.5,39.5,16.5
2002,11,DEN,SEA,0,-5.5,42.5,24.0
2002,11,DET,NYJ,1,-3.0,43.0,20.0
2002,11,GB,MIN,0,-6.5,50.5,28.5
2002,11,HOU,JAX,1,-6.5,36.5,15.0
2002,11,IND,DAL,1,6.5,39.5,23.0
2002,11,JAX,HOU,0,-6.5,36.5,21.5
2002,11,KC,BUF,1,3.5,52.5,28.0
2002,11,MIA,BAL,1,5.0,34.5,19.75
2002,11,MIN,GB,1,-6.5,50.5,22.0
2002,11,NE,OAK,0,4.5,48.0,21.75
2002,11,NO,ATL,0,1.5,51.0,24.75
2002,11,NYG,WAS,1,3.5,34.5,19.0
2002,11,NYJ,DET,0,-3.0,43.0,23.0
2002,11,OAK,NE,1,4.5,48.0,26.25
2002,11,PHI,ARI,1,12.0,37.5,24.75
2002,11,PIT,TEN,0,-3.0,44.0,23.5
2002,11,SD,SF,1,-2.5,43.0,20.25
2002,11,SEA,DEN,1,-5.5,42.5,18.5
2002,11,SF,SD,0,-2.5,43.0,22.75
2002,11,STL,CHI,1,10.5,43.5,27.0
2002,11,TB,CAR,1,8.0,34.5,21.25
2002,11,TEN,PIT,1,-3.0,44.0,20.5
2002,11,WAS,NYG,0,3.5,34.5,15.5
2002,12,ARI,OAK,1,-9.5,44.0,17.25
2002,12,ATL,CAR,0,-3.5,37.0,20.25
2002,12,BAL,TEN,1,-2.5,38.5,18.0
2002,12,BUF,NYJ,0,3.0,45.5,21.25
2002,12,CAR,ATL,1,-3.5,37.0,16.75
2002,12,CHI,DET,1,5.0,37.5,21.25
2002,12,CIN,PIT,0,10.5,44.0,16.75
2002,12,CLE,NO,0,5.5,48.5,21.5
2002,12,DAL,JAX,1,-2.5,34.0,15.75
2002,12,DEN,IND,1,6.0,43.0,24.5
2002,12,DET,CHI,0,5.0,37.5,16.25
2002,12,GB,TB,0,3.0,38.5,17.75
2002,12,HOU,NYG,1,-5.5,34.0,14.25
2002,12,IND,DEN,0,6.0,43.0,18.5
2002,12,JAX,DAL,0,-2.5,34.0,18.25
2002,12,KC,SEA,0,-3.5,44.0,23.75
2002,12,MIA,SD,1,4.0,36.5,20.25
2002,12,MIN,NE,0,8.0,47.0,19.5
2002,12,NE,MIN,1,8.0,47.0,27.5
2002,12,NO,CLE,1,5.5,48.5,27.0
2002,12,NYG,HOU,0,-5.5,34.0,19.75
2002,12,NYJ,BUF,1,3.0,45.5,24.25
2002,12,OAK,ARI,0,-9.5,44.0,26.75
2002,12,PHI,SF,0,7.0,37.5,15.25
2002,12,PIT,CIN,1,10.5,44.0,27.25
2002,12,SD,MIA,0,4.0,36.5,16.25
2002,12,SEA,KC,1,-3.5,44.0,20.25
2002,12,SF,PHI,1,7.0,37.5,22.25
2002,12,STL,WAS,0,-3.5,41.0,22.25
2002,12,TB,GB,1,3.0,38.5,20.75
2002,12,TEN,BAL,0,-2.5,38.5,20.5
2002,12,WAS,STL,1,-3.5,41.0,18.75
2002,13,ARI,KC,0,9.0,47.0,19.0
2002,13,ATL,MIN,0,-3.5,47.5,25.5
2002,13,BAL,CIN,0,-2.5,37.5,20.0
2002,13,BUF,MIA,1,-2.0,37.0,17.5
2002,13,CAR,CLE,0,7.5,34.5,13.5
2002,13,CHI,GB,0,9.5,37.5,14.0
2002,13,CIN,BAL,1,-2.5,37.5,17.5
2002,13,CLE,CAR,1,7.5,34.5,21.0
2002,13,DAL,WAS,1,-1.0,36.5,17.75
2002,13,DEN,SD,0,-3.0,40.0,21.5
2002,13,DET,NE,1,-6.0,46.0,20.0
2002,13,GB,CHI,1,9.5,37.5,23.5
2002,13,HOU,IND,0,11.5,39.5,14.0
2002,13,IND,HOU,1,11.5,39.5,25.5
2002,13,JAX,PIT,1,-3.0,44.0,20.5
2002,13,KC,ARI,1,9.0,47.0,28.0
2002,13,MIA,BUF,0,-2.0,37.0,19.5
2002,13,MIN,ATL,1,-3.5,47.5,22.0
2002,13,NE,DET,0,-6.0,46.0,26.0
2002,13,NO,TB,1,-1.5,40.0,19.25
2002,13,NYG,TEN,1,3.0,34.0,18.5
2002,13,NYJ,OAK,0,6.0,47.5,20.75
2002,13,OAK,NYJ,1,6.0,47.5,26.75
2002,13,PHI,STL,1,-2.0,38.0,18.0
2002,13,PIT,JAX,0,-3.0,44.0,23.5
2002,13,SD,DEN,1,-3.0,40.0,18.5
2002,13,SEA,SF,0,8.5,43.5,17.5
2002,13,SF,SEA,1,8.5,43.5,26.0
2002,13,STL,PHI,0,-2.0,38.0,20.0
2002,13,TB,NO,0,-1.5,40.0,20.75
2002,13,TEN,NYG,0,3.0,34.0,15.5
2002,13,WAS,DAL,0,-1.0,36.5,18.75
2002,14,ARI,DET,1,-1.0,39.5,19.25
2002,14,ATL,TB,0,3.5,37.0,16.75
2002,14,BAL,NO,1,-2.0,42.5,20.25
2002,14,BUF,NE,0,3.5,45.0,20.75
2002,14,CAR,CIN,1,3.0,37.5,20.25
2002,14,CHI,MIA,0,10.5,37.0,13.25
2002,14,CIN,CAR,0,3.0,37.5,17.25
2002,14,CLE,JAX,0,2.5,41.5,19.5
2002,14,DAL,SF,1,-4.5,40.0,17.75
2002,14,DEN,NYJ,0,-1.5,43.0,22.25
2002,14,DET,ARI,0,-1.0,39.5,20.25
2002,14,GB,MIN,1,9.5,43.5,26.5
2002,14,HOU,PIT,0,14.0,37.5,11.75
2002,14,IND,TEN,0,-1.0,43.0,22.0
2002,14,JAX,CLE,1,2.5,41.5,22.0
2002,14,KC,STL,1,4.5,45.5,25.0
2002,14,MIA,CHI,1,10.5,37.0,23.75
2002,14,MIN,GB,0,9.5,43.5,17.0
2002,14,NE,BUF,1,3.5,45.0,24.25
2002,14,NO,BAL,0,-2.0,42.5,22.25
2002,14,NYG,WAS,0,3.0,37.5,17.25
2002,14,NYJ,DEN,1,-1.5,43.0,20.75
2002,14,OAK,SD,0,-3.5,45.5,24.5
2002,14,PHI,SEA,0,-3.0,37.5,20.25
2002,14,PIT,HOU,1,14.0,37.5,25.75
2002,14,SD,OAK,1,-3.5,45.5,21.0
2002,14,SEA,PHI,1,-3.0,37.5,17.25
2002,14,SF,DAL,0,-4.5,40.0,22.25
2002,14,STL,KC,0,4.5,45.5,20.5
2002,14,TB,ATL,1,3.5,37.0,20.25
2002,14,TEN,IND,1,-1.0,43.0,21.0
2002,14,WAS,NYG,1,3.0,37.5,20.25
2002,15,ARI,STL,0,11.0,43.0,16.0
2002,15,ATL,SEA,1,9.5,46.0,27.75
2002,15,BAL,HOU,0,-3.0,35.0,19.0
2002,15,BUF,SD,1,3.0,42.5,22.75
2002,15,CAR,PIT,0,9.0,39.0,15.0
2002,15,CHI,NYJ,1,-6.5,38.0,15.75
2002,15,CIN,JAX,1,-3.0,45.0,21.0
2002,15,CLE,IND,1,-2.0,41.5,19.75
2002,15,DAL,NYG,0,5.0,35.0,15.0
2002,15,DEN,KC,1,3.5,47.5,25.5
2002,15,DET,TB,1,-9.5,37.0,13.75
2002,15,GB,SF,0,3.0,42.5,19.75
2002,15,HOU,BAL,1,-3.0,35.0,16.0
2002,15,IND,CLE,0,-2.0,41.5,21.75
2002,15,JAX,CIN,0,-3.0,45.0,24.0
2002,15,KC,DEN,0,3.5,47.5,22.0
2002,15,MIA,OAK,1,1.5,43.5,22.5
2002,15,MIN,NO,0,7.0,51.0,22.0
2002,15,NE,TEN,0,2.5,43.5,20.5
2002,15,NO,MIN,1,7.0,51.0,29.0
2002,15,NYG,DAL,1,5.0,35.0,20.0
2002,15,NYJ,CHI,0,-6.5,38.0,22.25
2002,15,OAK,MIA,0,1.5,43.5,21.0
2002,15,PHI,WAS,1,7.5,38.0,22.75
2002,15,PIT,CAR,1,9.0,39.0,24.0
2002,15,SD,BUF,0,3.0,42.5,19.75
2002,15,SEA,ATL,0,9.5,46.0,18.25
2002,15,SF,GB,1,3.0,42.5,22.75
2002,15,STL,ARI,1,11.0,43.0,27.0
2002,15,TB,DET,0,-9.5,37.0,23.25
2002,15,TEN,NE,1,2.5,43.5,23.0
2002,15,WAS,PHI,0,7.5,38.0,15.25
2002,16,ARI,SF,1,-3.5,41.0,18.75
2002,16,ATL,DET,1,10.5,44.0,27.25
2002,16,BAL,CLE,1,2.5,39.5,21.0
2002,16,BUF,GB,0,6.5,43.5,18.5
2002,16,CAR,CHI,1,4.0,36.5,20.25
2002,16,CHI,CAR,0,4.0,36.5,16.25
2002,16,CIN,NO,1,-7.0,49.0,21.0
2002,16,CLE,BAL,0,2.5,39.5,18.5
2002,16,DAL,PHI,1,-7.0,36.5,14.75
2002,16,DEN,OAK,0,3.5,46.5,21.5
2002,16,DET,ATL,0,10.5,44.0,16.75
2002,16,GB,BUF,1,6.5,43.5,25.0
2002,16,HOU,WAS,0,6.5,36.5,15.0
2002,16,IND,NYG,1,4.5,41.0,22.75
2002,16,JAX,TEN,1,-3.0,41.5,19.25
2002,16,KC,SD,1,1.5,44.0,22.75
2002,16,MIA,MIN,0,-3.0,45.0,24.0
2002,16,MIN,MIA,1,-3.0,45.0,21.0
2002,16,NE,NYJ,1,3.5,41.0,22.25
2002,16,NO,CIN,0,-7.0,49.0,28.0
2002,16,NYG,IND,0,4.5,41.0,18.25
2002,16,NYJ,NE,0,3.5,41.0,18.75
2002,16,OAK,DEN,1,3.5,46.5,25.0
2002,16,PHI,DAL,0,-7.0,36.5,21.75
2002,16,PIT,TB,0,4.5,38.0,16.75
2002,16,SD,KC,0,1.5,44.0,21.25
2002,16,SEA,STL,1,2.5,48.0,25.25
2002,16,SF,ARI,0,-3.5,41.0,22.25
2002,16,STL,SEA,0,2.5,48.0,22.75
2002,16,TB,PIT,1,4.5,38.0,21.25
2002,16,TEN,JAX,0,-3.0,41.5,22.25
2002,16,WAS,HOU,1,6.5,36.5,21.5
2002,17,ARI,DEN,0,13.5,42.0,14.25
2002,17,ATL,CLE,0,-2.5,41.0,21.75
2002,17,BAL,PIT,0,8.0,39.0,15.5
2002,17,BUF,CIN,1,7.5,45.0,26.25
2002,17,CAR,NO,0,6.0,43.5,18.75
2002,17,CHI,TB,1,-7.0,32.0,12.5
2002,17,CIN,BUF,0,7.5,45.0,18.75
2002,17,CLE,ATL,1,-2.5,41.0,19.25
2002,17,DAL,WAS,0,7.5,36.5,14.5
2002,17,DEN,ARI,1,13.5,42.0,27.75
2002,17,DET,MIN,1,-3.5,47.0,21.75
2002,17,GB,NYJ,0,-1.5,39.5,20.5
2002,17,HOU,TEN,1,-9.5,35.5,13.0
2002,17,IND,JAX,1,8.5,40.5,24.5
2002,17,JAX,IND,0,8.5,40.5,16.0
2002,17,KC,OAK,0,8.5,44.5,18.0
2002,17,MIA,NE,0,-2.0,38.0,20.0
2002,17,MIN,DET,0,-3.5,47.0,25.25
2002,17,NE,MIA,1,-2.0,38.0,18.0
2002,17,NO,CAR,1,6.0,43.5,24.75
2002,17,NYG,PHI,1,1.0,37.5,19.25
2002,17,NYJ,GB,1,-1.5,39.5,19.0
2002,17,OAK,KC,1,8.5,44.5,26.5
2002,17,PHI,NYG,0,1.0,37.5,18.25
2002,17,PIT,BAL,1,8.0,39.0,23.5
2002,17,SD,SEA,1,3.0,42.5,22.75
2002,17,SEA,SD,0,3.0,42.5,19.75
2002,17,SF,STL,0,2.0,39.5,18.75
2002,17,STL,SF,1,2.0,39.5,20.75
2002,17,TB,CHI,0,-7.0,32.0,19.5
2002,17,TEN,HOU,0,-9.5,35.5,22.5
2002,17,WAS,DAL,1,7.5,36.5,22.0
2002,18,ATL,GB,0,6.5,40.5,17.0
2002,18,CLE,PIT,0,8.0,43.0,17.5
2002,18,GB,ATL,1,6.5,40.5,23.5
2002,18,IND,NYJ,0,6.0,42.0,18.0
2002,18,NYG,SF,0,3.0,41.0,19.0
2002,18,NYJ,IND,1,6.0,42.0,24.0
2002,18,PIT,CLE,1,8.0,43.0,25.5
2002,18,SF,NYG,1,3.0,41.0,22.0
2002,19,ATL,PHI,0,7.5,38.5,15.5
2002,19,NYJ,OAK,0,5.5,47.0,20.75
2002,19,OAK,NYJ,1,5.5,47.0,26.25
2002,19,PHI,ATL,1,7.5,38.5,23.0
2002,19,PIT,TEN,0,4.5,44.0,19.75
2002,19,SF,TB,0,6.0,39.5,16.75
2002,19,TB,SF,1,6.0,39.5,22.75
2002,19,TEN,PIT,1,4.5,44.0,24.25
2002,20,OAK,TEN,1,9.0,46.0,27.5
2002,20,PHI,TB,1,4.0,33.5,18.75
2002,20,TB,PHI,0,4.0,33.5,14.75
2002,20,TEN,OAK,0,9.0,46.0,18.5
2002,21,OAK,TB,0,-3.5,44.0,23.75
2002,21,TB,OAK,1,-3.5,44.0,20.25
2003,1,ARI,DET,0,3.5,39.0,17.75
2003,1,ATL,DAL,0,2.0,36.5,17.25
2003,1,BAL,PIT,0,4.0,38.5,17.25
2003,1,BUF,NE,1,1.0,44.5,22.75
2003,1,CAR,JAX,1,4.0,34.5,19.25
2003,1,CHI,SF,0,6.5,40.5,17.0
2003,1,CIN,DEN,1,-6.0,43.5,18.75
2003,1,CLE,IND,1,-2.0,48.0,23.0
2003,1,DAL,ATL,1,2.0,36.5,19.25
2003,1,DEN,CIN,0,-6.0,43.5,24.75
2003,1,DET,ARI,1,3.5,39.0,21.25
2003,1,GB,MIN,1,4.0,47.0,25.5
2003,1,HOU,MIA,0,14.0,34.5,10.25
2003,1,IND,CLE,0,-2.0,48.0,25.0
2003,1,JAX,CAR,0,4.0,34.5,15.25
2003,1,KC,SD,1,4.5,47.0,25.75
2003,1,MIA,HOU,1,14.0,34.5,24.25
2003,1,MIN,GB,0,4.0,47.0,21.5
2003,1,NE,BUF,0,1.0,44.5,21.75
2003,1,NO,SEA,0,3.0,48.5,22.75
2003,1,NYG,STL,1,-1.0,46.5,22.75
2003,1,NYJ,WAS,0,3.0,40.0,18.5
2003,1,OAK,TEN,0,3.5,46.0,21.25
2003,1,PHI,TB,1,3.0,36.0,19.5
2003,1,PIT,BAL,1,4.0,38.5,21.25
2003,1,SD,KC,0,4.5,47.0,21.25
2003,1,SEA,NO,1,3.0,48.5,25.75
2003,1,SF,CHI,1,6.5,40.5,23.5
2003,1,STL,NYG,0,-1.0,46.5,23.75
2003,1,TB,PHI,0,3.0,36.0,16.5
2003,1,TEN,OAK,1,3.5,46.0,24.75
2003,1,WAS,NYJ,1,3.0,40.0,21.5
2003,2,ARI,SEA,1,-5.0,44.5,19.75
2003,2,ATL,WAS,1,3.0,39.5,21.25
2003,2,BAL,CLE,1,2.5,39.0,20.75
2003,2,BUF,JAX,0,-3.0,42.0,22.5
2003,2,CAR,TB,0,9.0,34.5,12.75
2003,2,CHI,MIN,0,9.0,44.5,17.75
2003,2,CIN,OAK,0,12.0,45.0,16.5
2003,2,CLE,BAL,0,2.5,39.0,18.25
2003,2,DAL,NYG,0,7.5,36.5,14.5
2003,2,DEN,SD,0,-3.0,43.0,23.0
2003,2,DET,GB,0,7.0,45.5,19.25
2003,2,GB,DET,1,7.0,45.5,26.25
2003,2,HOU,NO,0,8.0,40.5,16.25
2003,2,IND,TEN,1,2.5,44.0,23.25
2003,2,JAX,BUF,1,-3.0,42.0,19.5
2003,2,KC,PIT,1,3.5,48.0,25.75
2003,2,MIA,NYJ,0,-3.0,37.0,20.0
2003,2,MIN,CHI,1,9.0,44.5,26.75
2003,2,NE,PHI,0,4.0,38.0,17.0
2003,2,NO,HOU,1,8.0,40.5,24.25
2003,2,NYG,DAL,1,7.5,36.5,22.0
2003,2,NYJ,MIA,1,-3.0,37.0,17.0
2003,2,OAK,CIN,1,12.0,45.0,28.5
2003,2,PHI,NE,1,4.0,38.0,21.0
2003,2,PIT,KC,0,3.5,48.0,22.25
2003,2,SD,DEN,1,-3.0,43.0,20.0
2003,2,SEA,ARI,0,-5.0,44.5,24.75
2003,2,SF,STL,0,3.0,47.5,22.25
2003,2,STL,SF,1,3.0,47.5,25.25
2003,2,TB,CAR,1,9.0,34.5,21.75
2003,2,TEN,IND,0,2.5,44.0,20.75
2003,2,WAS,ATL,0,3.0,39.5,18.25
2003,3,ARI,GB,1,-7.5,42.5,17.5
2003,3,ATL,TB,1,-6.5,35.5,14.5
2003,3,BAL,SD,0,1.5,38.5,18.5
2003,3,BUF,MIA,0,3.0,40.5,18.75
2003,3,CIN,PIT,1,-4.5,44.5,20.0
2003,3,CLE,SF,0,7.0,44.5,18.75
2003,3,DEN,OAK,1,5.5,45.0,25.25
2003,3,DET,MIN,1,-4.0,47.5,21.75
2003,3,GB,ARI,0,-7.5,42.5,25.0
2003,3,HOU,KC,1,-7.5,44.0,18.25
2003,3,IND,JAX,1,7.5,42.0,24.75
2003,3,JAX,IND,0,7.5,42.0,17.25
2003,3,KC,HOU,0,-7.5,44.0,25.75
2003,3,MIA,BUF,1,3.0,40.5,21.75
2003,3,MIN,DET,0,-4.0,47.5,25.75
2003,3,NE,NYJ,1,6.0,38.0,22.0
2003,3,NO,TEN,0,4.5,43.5,19.5
2003,3,NYG,WAS,0,1.5,43.5,21.0
2003,3,NYJ,NE,0,6.0,38.0,16.0
2003,3,OAK,DEN,0,5.5,45.0,19.75
2003,3,PIT,CIN,0,-4.5,44.5,24.5
2003,3,SD,BAL,1,1.5,38.5,20.0
2003,3,SEA,STL,1,3.0,47.0,25.0
2003,3,SF,CLE,1,7.0,44.5,25.75
2003,3,STL,SEA,0,3.0,47.0,22.0
2003,3,TB,ATL,0,-6.5,35.5,21.0
2003,3,TEN,NO,1,4.5,43.5,24.0
2003,3,WAS,NYG,1,1.5,43.5,22.5
2003,4,ARI,STL,0,11.5,45.5,17.0
2003,4,ATL,CAR,0,6.0,35.5,14.75
2003,4,BAL,KC,1,-3.0,43.5,20.25
2003,4,BUF,PHI,1,3.0,39.5,21.25
2003,4,CAR,ATL,1,6.0,35.5,20.75
2003,4,CHI,GB,1,-4.0,41.5,18.75
2003,4,CIN,CLE,0,4.5,40.0,17.75
2003,4,CLE,CIN,1,4.5,40.0,22.25
2003,4,DAL,NYJ,0,3.0,37.0,17.0
2003,4,DEN,DET,1,12.0,44.0,28.0
2003,4,DET,DEN,0,12.0,44.0,16.0
2003,4,GB,CHI,0,-4.0,41.5,22.75
2003,4,HOU,JAX,1,-2.5,37.5,17.5
2003,4,IND,NO,0,-1.5,42.0,21.75
2003,4,JAX,HOU,0,-2.5,37.5,20.0
2003,4,KC,BAL,0,-3.0,43.5,23.25
2003,4,MIN,SF,1,0.0,43.0,21.5
2003,4,NE,WAS,0,3.5,43.0,19.75
2003,4,NO,IND,1,-1.5,42.0,20.25
2003,4,NYJ,DAL,1,3.0,37.0,20.0
2003,4,OAK,SD,1,7.0,41.5,24.25
2003,4,PHI,BUF,0,3.0,39.5,18.25
2003,4,PIT,TEN,1,3.5,44.0,23.75
2003,4,SD,OAK,0,7.0,41.5,17.25
2003,4,SF,MIN,0,0.0,43.0,21.5
2003,4,STL,ARI,1,11.5,45.5,28.5
2003,4,TEN,PIT,0,3.5,44.0,20.25
2003,4,WAS,NE,1,3.5,43.0,23.25
2003,5,ARI,DAL,0,7.5,39.5,16.0
2003,5,ATL,MIN,1,-4.5,43.5,19.5
2003,5,BUF,CIN,1,7.0,40.0,23.5
2003,5,CAR,NO,1,7.0,37.5,22.25
2003,5,CHI,OAK,1,-3.5,43.5,20.0
2003,5,CIN,BUF,0,7.0,40.0,16.5
2003,5,CLE,PIT,0,7.0,42.0,17.5
2003,5,DAL,ARI,1,7.5,39.5,23.5
2003,5,DEN,KC,0,3.5,46.5,21.5
2003,5,DET,SF,0,7.5,42.5,17.5
2003,5,GB,SEA,1,1.0,45.0,23.0
2003,5,IND,TB,0,4.5,37.5,16.5
2003,5,JAX,SD,1,3.0,42.5,22.75
2003,5,KC,DEN,1,3.5,46.5,25.0
2003,5,MIA,NYG,0,1.5,38.0,18.25
2003,5,MIN,ATL,0,-4.5,43.5,24.0
2003,5,NE,TEN,1,1.0,40.5,20.75
2003,5,NO,CAR,0,7.0,37.5,15.25
2003,5,NYG,MIA,1,1.5,38.0,19.75
2003,5,OAK,CHI,0,-3.5,43.5,23.5
2003,5,PHI,WAS,1,4.5,40.5,22.5
2003,5,PIT,CLE,1,7.0,42.0,24.5
2003,5,SD,JAX,0,3.0,42.5,19.75
2003,5,SEA,GB,0,1.0,45.0,22.0
2003,5,SF,DET,1,7.5,42.5,25.0
2003,5,TB,IND,1,4.5,37.5,21.0
2003,5,TEN,NE,0,1.0,40.5,19.75
2003,5,WAS,PHI,0,4.5,40.5,18.0
2003,6,ARI,BAL,1,-6.5,37.0,15.25
2003,6,ATL,STL,0,10.0,46.0,18.0
2003,6,BAL,ARI,0,-6.5,37.0,21.75
2003,6,BUF,NYJ,0,-1.0,36.5,18.75
2003,6,CAR,IND,0,4.0,37.5,16.75
2003,6,CHI,NO,0,6.5,43.0,18.25
2003,6,CLE,OAK,1,3.5,43.5,23.5
2003,6,DAL,PHI,1,1.0,37.5,19.25
2003,6,DEN,PIT,1,6.5,45.0,25.75
2003,6,GB,KC,1,2.5,47.5,25.0
2003,6,HOU,TEN,0,8.5,39.5,15.5
2003,6,IND,CAR,1,4.0,37.5,20.75
2003,6,JAX,MIA,1,-3.5,38.0,17.25
2003,6,KC,GB,0,2.5,47.5,22.5
2003,6,MIA,JAX,0,-3.5,38.0,20.75
2003,6,NE,NYG,1,2.5,42.5,22.5
2003,6,NO,CHI,1,6.5,43.0,24.75
2003,6,NYG,NE,0,2.5,42.5,20.0
2003,6,NYJ,BUF,1,-1.0,36.5,17.75
2003,6,OAK,CLE,0,3.5,43.5,20.0
2003,6,PHI,DAL,0,1.0,37.5,18.25
2003,6,PIT,DEN,0,6.5,45.0,19.25
2003,6,SEA,SF,1,3.5,44.5,24.0
2003,6,SF,SEA,0,3.5,44.5,20.5
2003,6,STL,ATL,1,10.0,46.0,28.0
2003,6,TB,WAS,0,-3.5,37.0,20.25
2003,6,TEN,HOU,1,8.5,39.5,24.0
2003,6,WAS,TB,1,-3.5,37.0,16.75
2003,7,ATL,NO,1,-3.0,42.0,19.5
2003,7,BAL,CIN,0,-1.0,36.0,18.5
2003,7,BUF,WAS,1,3.0,38.0,20.5
2003,7,CAR,TEN,1,0.0,37.5,18.75
2003,7,CHI,SEA,0,11.0,41.5,15.25
2003,7,CIN,BAL,1,-1.0,36.0,17.5
2003,7,CLE,SD,1,3.5,41.0,22.25
2003,7,DAL,DET,0,-3.0,39.0,21.0
2003,7,DEN,MIN,0,4.0,44.0,20.0
2003,7,DET,DAL,1,-3.0,39.0,18.0
2003,7,GB,STL,0,4.0,48.5,22.25
2003,7,HOU,NYJ,1,-3.5,38.0,17.25
2003,7,KC,OAK,0,-4.5,47.5,26.0
2003,7,MIA,NE,1,6.5,37.0,21.75
2003,7,MIN,DEN,1,4.0,44.0,24.0
2003,7,NE,MIA,0,6.5,37.0,15.25
2003,7,NO,ATL,0,-3.0,42.0,22.5
2003,7,NYG,PHI,1,3.0,37.0,20.0
2003,7,NYJ,HOU,0,-3.5,38.0,20.75
2003,7,OAK,KC,1,-4.5,47.5,21.5
2003,7,PHI,NYG,0,3.0,37.0,17.0
2003,7,SD,CLE,0,3.5,41.0,18.75
2003,7,SEA,CHI,1,11.0,41.5,26.25
2003,7,SF,TB,1,-5.0,39.0,17.0
2003,7,STL,GB,1,4.0,48.5,26.25
2003,7,TB,SF,0,-5.0,39.0,22.0
2003,7,TEN,CAR,0,0.0,37.5,18.75
2003,7,WAS,BUF,0,3.0,38.0,17.5
2003,8,ARI,SF,1,-7.0,41.0,17.0
2003,8,BAL,DEN,1,2.5,36.5,19.5
2003,8,BUF,KC,0,5.5,43.5,19.0
2003,8,CAR,NO,0,3.0,39.5,18.25
2003,8,CHI,DET,1,3.0,37.5,20.25
2003,8,CIN,SEA,1,-3.0,41.5,19.25
2003,8,CLE,NE,0,4.5,37.5,16.5
2003,8,DAL,TB,0,6.0,37.0,15.5
2003,8,DEN,BAL,0,2.5,36.5,17.0
2003,8,DET,CHI,0,3.0,37.5,17.25
2003,8,HOU,IND,0,13.0,44.0,15.5
2003,8,IND,HOU,1,13.0,44.0,28.5
2003,8,JAX,TEN,1,-4.5,43.5,19.5
2003,8,KC,BUF,1,5.5,43.5,24.5
2003,8,MIA,SD,0,-6.5,38.5,22.5
2003,8,MIN,NYG,1,5.5,44.5,25.0
2003,8,NE,CLE,1,4.5,37.5,21.0
2003,8,NO,CAR,1,3.0,39.5,21.25
2003,8,NYG,MIN,0,5.5,44.5,19.5
2003,8,NYJ,PHI,0,3.0,36.0,16.5
2003,8,PHI,NYJ,1,3.0,36.0,19.5
2003,8,PIT,STL,1,1.0,45.5,23.25
2003,8,SD,MIA,1,-6.5,38.5,16.0
2003,8,SEA,CIN,0,-3.0,41.5,22.25
2003,8,SF,ARI,0,-7.0,41.0,24.0
2003,8,STL,PIT,0,1.0,45.5,22.25
2003,8,TB,DAL,1,6.0,37.0,21.5
2003,8,TEN,JAX,0,-4.5,43.5,24.0
2003,9,ARI,CIN,1,-3.0,39.0,18.0
2003,9,ATL,PHI,1,-6.0,39.5,16.75
2003,9,BAL,JAX,1,7.0,37.5,22.25
2003,9,CAR,HOU,0,-6.0,37.0,21.5
2003,9,CHI,SD,1,1.0,39.0,20.0
2003,9,CIN,ARI,0,-3.0,39.0,21.0
2003,9,DAL,WAS,1,6.0,38.5,22.25
2003,9,DEN,NE,1,2.0,36.0,19.0
2003,9,DET,OAK,1,-3.5,39.5,18.0
2003,9,GB,MIN,0,5.5,49.0,21.75
2003,9,HOU,CAR,1,-6.0,37.0,15.5
2003,9,IND,MIA,0,3.0,39.5,18.25
2003,9,JAX,BAL,0,7.0,37.5,15.25
2003,9,MIA,IND,1,3.0,39.5,21.25
2003,9,MIN,GB,1,5.5,49.0,27.25
2003,9,NE,DEN,0,2.0,36.0,17.0
2003,9,NO,TB,0,8.0,39.0,15.5
2003,9,NYG,NYJ,0,-3.5,40.0,21.75
2003,9,NYJ,NYG,1,-3.5,40.0,18.25
2003,9,OAK,DET,0,-3.5,39.5,21.5
2003,9,PHI,ATL,0,-6.0,39.5,22.75
2003,9,PIT,SEA,0,5.0,44.0,19.5
2003,9,SD,CHI,0,1.0,39.0,19.0
2003,9,SEA,PIT,1,5.0,44.0,24.5
2003,9,SF,STL,1,-5.0,44.0,19.5
2003,9,STL,SF,0,-5.0,44.0,24.5
2003,9,TB,NO,1,8.0,39.0,23.5
2003,9,WAS,DAL,0,6.0,38.5,16.25
2003,10,ARI,PIT,0,7.0,40.5,16.75
2003,10,ATL,NYG,0,11.5,41.0,14.75
2003,10,BAL,STL,0,6.5,43.0,18.25
2003,10,BUF,DAL,0,4.0,37.0,16.5
2003,10,CAR,TB,1,-3.5,34.5,15.5
2003,10,CHI,DET,0,0.0,37.5,18.75
2003,10,CIN,HOU,1,4.0,40.0,22.0
2003,10,CLE,KC,0,9.0,43.5,17.25
2003,10,DAL,BUF,1,4.0,37.0,20.5
2003,10,DET,CHI,1,0.0,37.5,18.75
2003,10,GB,PHI,1,4.5,43.0,23.75
2003,10,HOU,CIN,0,4.0,40.0,18.0
2003,10,IND,JAX,0,-6.0,44.0,25.0
2003,10,JAX,IND,1,-6.0,44.0,19.0
2003,10,KC,CLE,1,9.0,43.5,26.25
2003,10,MIA,TEN,0,5.5,39.5,17.0
2003,10,MIN,SD,0,-5.5,45.0,25.25
2003,10,NYG,ATL,1,11.5,41.0,26.25
2003,10,NYJ,OAK,0,-3.0,38.0,20.5
2003,10,OAK,NYJ,1,-3.0,38.0,17.5
2003,10,PHI,GB,0,4.5,43.0,19.25
2003,10,PIT,ARI,1,7.0,40.5,23.75
2003,10,SD,MIN,1,-5.5,45.0,19.75
2003,10,SEA,WAS,0,-3.0,41.0,22.0
2003,10,STL,BAL,1,6.5,43.0,24.75
2003,10,TB,CAR,0,-3.5,34.5,19.0
2003,10,TEN,MIA,1,5.5,39.5,22.5
2003,10,WAS,SEA,1,-3.0,41.0,19.0
2003,11,ARI,CLE,0,5.0,37.5,16.25
2003,11,ATL,NO,0,9.0,44.0,17.5
2003,11,BAL,MIA,0,5.0,33.0,14.0
2003,11,BUF,HOU,1,7.0,37.5,22.25
2003,11,CAR,WAS,1,6.0,37.0,21.5
2003,11,CHI,STL,1,-6.0,41.0,17.5
2003,11,CIN,KC,1,-6.0,48.0,21.0
2003,11,CLE,ARI,1,5.0,37.5,21.25
2003,11,DAL,NE,0,4.0,35.0,15.5
2003,11,DEN,SD,1,8.5,44.0,26.25
2003,11,DET,SEA,0,11.0,39.5,14.25
2003,11,GB,TB,0,3.5,41.0,18.75
2003,11,HOU,BUF,0,7.0,37.5,15.25
2003,11,IND,NYJ,1,6.0,43.5,24.75
2003,11,JAX,TEN,0,9.0,44.5,17.75
2003,11,KC,CIN,0,-6.0,48.0,27.0
2003,11,MIA,BAL,1,5.0,33.0,19.0
2003,11,MIN,OAK,0,-4.5,46.0,25.25
2003,11,NE,DAL,1,4.0,35.0,19.5
2003,11,NO,ATL,1,9.0,44.0,26.5
2003,11,NYG,PHI,0,3.0,38.0,17.5
2003,11,NYJ,IND,0,6.0,43.5,18.75
2003,11,OAK,MIN,1,-4.5,46.0,20.75
2003,11,PHI,NYG,1,3.0,38.0,20.5
2003,11,PIT,SF,0,4.0,41.5,18.75
2003,11,SD,DEN,0,8.5,44.0,17.75
2003,11,SEA,DET,1,11.0,39.5,25.25
2003,11,SF,PIT,1,4.0,41.5,22.75
2003,11,STL,CHI,0,-6.0,41.0,23.5
2003,11,TB,GB,1,3.5,41.0,22.25
2003,11,TEN,JAX,1,9.0,44.5,26.75
2003,11,WAS,CAR,0,6.0,37.0,15.5
2003,12,ARI,STL,1,-7.0,44.0,18.5
2003,12,ATL,TEN,1,-6.5,44.0,18.75
2003,12,BAL,SEA,1,3.0,36.0,19.5
2003,12,BUF,IND,1,-3.0,38.5,17.75
2003,12,CAR,DAL,0,3.0,33.0,15.0
2003,12,CHI,DEN,0,10.5,38.5,14.0
2003,12,CIN,SD,0,-3.0,43.0,23.0
2003,12,CLE,PIT,1,3.0,40.5,21.75
2003,12,DAL,CAR,1,3.0,33.0,18.0
2003,12,DEN,CHI,1,10.5,38.5,24.5
2003,12,DET,MIN,0,10.5,47.5,18.5
2003,12,GB,SF,1,3.5,40.0,21.75
2003,12,HOU,NE,1,-5.0,37.0,16.0
2003,12,IND,BUF,0,-3.0,38.5,20.75
2003,12,JAX,NYJ,0,4.0,43.0,19.5
2003,12,KC,OAK,1,11.0,44.5,27.75
2003,12,MIA,WAS,1,7.0,35.0,21.0
2003,12,MIN,DET,1,10.5,47.5,29.0
2003,12,NE,HOU,0,-5.0,37.0,21.0
2003,12,NO,PHI,0,5.5,39.5,17.0
2003,12,NYG,TB,0,6.0,38.0,16.0
2003,12,NYJ,JAX,1,4.0,43.0,23.5
2003,12,OAK,KC,0,11.0,44.5,16.75
2003,12,PHI,NO,1,5.5,39.5,22.5
2003,12,PIT,CLE,0,3.0,40.5,18.75
2003,12,SD,CIN,1,-3.0,43.0,20.0
2003,12,SEA,BAL,0,3.0,36.0,16.5
2003,12,SF,GB,0,3.5,40.0,18.25
2003,12,STL,ARI,0,-7.0,44.0,25.5
2003,12,TB,NYG,1,6.0,38.0,22.0
2003,12,TEN,ATL,0,-6.5,44.0,25.25
2003,12,WAS,MIA,0,7.0,35.0,14.0
2003,13,ARI,CHI,0,4.5,36.0,15.75
2003,13,ATL,HOU,0,3.0,42.5,19.75
2003,13,BAL,SF,1,3.0,37.0,20.0
2003,13,BUF,NYG,0,3.0,35.5,16.25
2003,13,CAR,PHI,1,1.5,37.0,19.25
2003,13,CHI,ARI,1,4.5,36.0,20.25
2003,13,CIN,PIT,0,3.0,42.0,19.5
2003,13,CLE,SEA,0,6.5,42.0,17.75
2003,13,DAL,MIA,1,3.0,34.5,18.75
2003,13,DEN,OAK,0,-3.0,42.0,22.5
2003,13,DET,GB,1,-6.5,44.0,18.75
2003,13,GB,DET,0,-6.5,44.0,25.25
2003,13,HOU,ATL,1,3.0,42.5,22.75
2003,13,IND,NE,1,3.5,43.5,23.5
2003,13,JAX,TB,1,-3.0,37.0,17.0
2003,13,KC,SD,0,-7.5,48.5,28.0
2003,13,MIA,DAL,0,3.0,34.5,15.75
2003,13,MIN,STL,0,6.0,51.0,22.5
2003,13,NE,IND,0,3.5,43.5,20.0
2003,13,NO,WAS,0,-1.0,42.5,21.75
2003,13,NYG,BUF,1,3.0,35.5,19.25
2003,13,NYJ,TEN,1,-3.0,42.0,19.5
2003,13,OAK,DEN,1,-3.0,42.0,19.5
2003,13,PHI,CAR,0,1.5,37.0,17.75
2003,13,PIT,CIN,1,3.0,42.0,22.5
2003,13,SD,KC,1,-7.5,48.5,20.5
2003,13,SEA,CLE,1,6.5,42.0,24.25
2003,13,SF,BAL,0,3.0,37.0,17.0
2003,13,STL,MIN,1,6.0,51.0,28.5
2003,13,TB,JAX,0,-3.0,37.0,20.0
2003,13,TEN,NYJ,0,-3.0,42.0,22.5
2003,13,WAS,NO,1,-1.0,42.5,20.75
2003,14,ARI,SF,0,10.5,40.5,15.0
2003,14,ATL,CAR,1,-1.0,41.0,20.0
2003,14,BAL,CIN,1,5.0,38.5,21.75
2003,14,BUF,NYJ,1,3.0,37.0,20.0
2003,14,CAR,ATL,0,-1.0,41.0,21.0
2003,14,CHI,GB,0,7.5,39.0,15.75
2003,14,CIN,BAL,0,5.0,38.5,16.75
2003,14,CLE,STL,1,-5.5,43.5,19.0
2003,14,DAL,PHI,0,5.5,35.5,15.0
2003,14,DEN,KC,1,3.0,46.5,24.75
2003,14,DET,SD,1,3.0,43.5,23.25
2003,14,GB,CHI,1,7.5,39.0,23.25
2003,14,HOU,JAX,0,9.5,37.5,14.0
2003,14,IND,TEN,0,3.5,46.5,21.5
2003,14,JAX,HOU,1,9.5,37.5,23.5
2003,14,KC,DEN,0,3.0,46.5,21.75
2003,14,MIA,NE,0,3.0,33.5,15.25
2003,14,MIN,SEA,1,-1.0,52.5,25.75
2003,14,NE,MIA,1,3.0,33.5,18.25
2003,14,NO,TB,1,3.0,40.5,21.75
2003,14,NYG,WAS,1,3.0,36.0,19.5
2003,14,NYJ,BUF,0,3.0,37.0,17.0
2003,14,OAK,PIT,0,5.5,40.5,17.5
2003,14,PHI,DAL,1,5.5,35.5,20.5
2003,14,PIT,OAK,1,5.5,40.5,23.0
2003,14,SD,DET,0,3.0,43.5,20.25
2003,14,SEA,MIN,0,-1.0,52.5,26.75
2003,14,SF,ARI,1,10.5,40.5,25.5
2003,14,STL,CLE,0,-5.5,43.5,24.5
2003,14,TB,NO,0,3.0,40.5,18.75
2003,14,TEN,IND,1,3.5,46.5,25.0
2003,14,WAS,NYG,0,3.0,36.0,16.5
2003,15,ARI,CAR,1,-7.0,38.5,15.75
2003,15,ATL,IND,0,7.5,48.0,20.25
2003,15,BAL,OAK,0,-7.0,38.0,22.5
2003,15,BUF,TEN,0,5.0,37.0,16.0
2003,15,CAR,ARI,0,-7.0,38.5,22.75
2003,15,CHI,MIN,1,-3.0,39.5,18.25
2003,15,CIN,SF,1,3.0,42.0,22.5
2003,15,CLE,DEN,0,11.5,42.0,15.25
2003,15,DAL,WAS,0,-3.0,34.0,18.5
2003,15,DEN,CLE,1,11.5,42.0,26.75
2003,15,DET,KC,0,14.5,45.0,15.25
2003,15,GB,SD,0,-5.0,45.5,25.25
2003,15,HOU,TB,0,11.5,36.0,12.25
2003,15,IND,ATL,1,7.5,48.0,27.75
2003,15,JAX,NE,0,6.0,33.0,13.5
2003,15,KC,DET,1,14.5,45.0,29.75
2003,15,MIA,PHI,1,3.0,37.0,20.0
2003,15,MIN,CHI,0,-3.0,39.5,21.25
2003,15,NE,JAX,1,6.0,33.0,19.5
2003,15,NO,NYG,1,7.5,40.5,24.0
2003,15,NYG,NO,0,7.5,40.5,16.5
2003,15,NYJ,PIT,1,3.0,36.0,19.5
2003,15,OAK,BAL,1,-7.0,38.0,15.5
2003,15,PHI,MIA,0,3.0,37.0,17.0
2003,15,PIT,NYJ,0,3.0,36.0,16.5
2003,15,SD,GB,1,-5.0,45.5,20.25
2003,15,SEA,STL,0,7.0,52.0,22.5
2003,15,SF,CIN,0,3.0,42.0,19.5
2003,15,STL,SEA,1,7.0,52.0,29.5
2003,15,TB,HOU,1,11.5,36.0,23.75
2003,15,TEN,BUF,1,5.0,37.0,21.0
2003,15,WAS,DAL,1,-3.0,34.0,15.5
2003,16,ARI,SEA,0,15.5,44.5,14.5
2003,16,ATL,TB,0,6.5,38.5,16.0
2003,16,BAL,CLE,0,-3.0,35.5,19.25
2003,16,BUF,MIA,1,3.0,33.0,18.0
2003,16,CAR,DET,1,7.5,37.0,22.25
2003,16,CHI,WAS,1,4.0,35.0,19.5
2003,16,CIN,STL,0,7.0,54.0,23.5
2003,16,CLE,BAL,1,-3.0,35.5,16.25
2003,16,DAL,NYG,1,12.5,35.5,24.0
2003,16,DEN,IND,0,6.5,48.5,21.0
2003,16,DET,CAR,0,7.5,37.0,14.75
2003,16,GB,OAK,0,-5.5,44.0,24.75
2003,16,HOU,TEN,1,-5.5,39.0,16.75
2003,16,IND,DEN,1,6.5,48.5,27.5
2003,16,JAX,NO,1,3.0,42.0,22.5
2003,16,KC,MIN,0,-3.0,54.0,28.5
2003,16,MIA,BUF,0,3.0,33.0,15.0
2003,16,MIN,KC,1,-3.0,54.0,25.5
2003,16,NE,NYJ,0,-3.0,35.0,19.0
2003,16,NO,JAX,0,3.0,42.0,19.5
2003,16,NYG,DAL,0,12.5,35.5,11.5
2003,16,NYJ,NE,1,-3.0,35.0,16.0
2003,16,OAK,GB,1,-5.5,44.0,19.25
2003,16,PHI,SF,1,7.0,44.0,25.5
2003,16,PIT,SD,1,6.5,42.0,24.25
2003,16,SD,PIT,0,6.5,42.0,17.75
2003,16,SEA,ARI,1,15.5,44.5,30.0
2003,16,SF,PHI,0,7.0,44.0,18.5
2003,16,STL,CIN,1,7.0,54.0,30.5
2003,16,TB,ATL,1,6.5,38.5,22.5
2003,16,TEN,HOU,0,-5.5,39.0,22.25
2003,16,WAS,CHI,0,4.0,35.0,15.5
2003,17,ARI,MIN,1,-7.5,45.5,19.0
2003,17,ATL,JAX,1,2.5,44.0,23.25
2003,17,BAL,PIT,1,6.0,37.5,21.75
2003,17,BUF,NE,0,9.5,34.5,12.5
2003,17,CAR,NYG,0,-4.5,34.5,19.5
2003,17,CHI,KC,0,7.5,43.5,18.0
2003,17,CIN,CLE,1,8.5,42.0,25.25
2003,17,CLE,CIN,0,8.5,42.0,16.75
2003,17,DAL,NO,0,-1.0,38.0,19.5
2003,17,DEN,GB,0,10.0,41.5,15.75
2003,17,DET,STL,1,-12.0,45.0,16.5
2003,17,GB,DEN,1,10.0,41.5,25.75
2003,17,HOU,IND,1,-9.0,46.5,18.75
2003,17,IND,HOU,0,-9.0,46.5,27.75
2003,17,JAX,ATL,0,2.5,44.0,20.75
2003,17,KC,CHI,1,7.5,43.5,25.5
2003,17,MIA,NYJ,1,3.5,37.5,20.5
2003,17,MIN,ARI,0,-7.5,45.5,26.5
2003,17,NE,BUF,1,9.5,34.5,22.0
2003,17,NO,DAL,1,-1.0,38.0,18.5
2003,17,NYG,CAR,1,-4.5,34.5,15.0
2003,17,NYJ,MIA,0,3.5,37.5,17.0
2003,17,OAK,SD,0,6.0,46.0,20.0
2003,17,PHI,WAS,0,-9.0,42.0,25.5
2003,17,PIT,BAL,0,6.0,37.5,15.75
2003,17,SD,OAK,1,6.0,46.0,26.0
2003,17,SEA,SF,0,2.5,46.5,22.0
2003,17,SF,SEA,1,2.5,46.5,24.5
2003,17,STL,DET,0,-12.0,45.0,28.5
2003,17,TB,TEN,0,4.0,39.0,17.5
2003,17,TEN,TB,1,4.0,39.0,21.5
2003,17,WAS,PHI,1,-9.0,42.0,16.5
2003,18,BAL,TEN,1,-1.0,38.0,18.5
2003,18,CAR,DAL,1,3.0,34.0,18.5
2003,18,DAL,CAR,0,3.0,34.0,15.5
2003,18,DEN,IND,0,3.0,49.0,23.0
2003,18,GB,SEA,1,7.5,43.5,25.5
2003,18,IND,DEN,1,3.0,49.0,26.0
2003,18,SEA,GB,0,7.5,43.5,18.0
2003,18,TEN,BAL,0,-1.0,38.0,19.5
2003,19,CAR,STL,0,7.0,46.0,19.5
2003,19,GB,PHI,0,4.0,43.0,19.5
2003,19,IND,KC,0,3.0,53.0,25.0
2003,19,KC,IND,1,3.0,53.0,28.0
2003,19,NE,TEN,1,6.0,34.0,20.0
2003,19,PHI,GB,1,4.0,43.0,23.5
2003,19,STL,CAR,1,7.0,46.0,26.5
2003,19,TEN,NE,0,6.0,34.0,14.0
2003,20,CAR,PHI,0,4.0,36.5,16.25
2003,20,IND,NE,0,3.5,42.0,19.25
2003,20,NE,IND,1,3.5,42.0,22.75
2003,20,PHI,CAR,1,4.0,36.5,20.25
2003,21,CAR,NE,0,7.0,38.0,15.5
2003,21,NE,CAR,1,7.0,38.0,22.5
2004,1,ARI,STL,0,11.0,46.0,17.5
2004,1,ATL,SF,0,-3.0,44.5,23.75
2004,1,BAL,CLE,0,-3.5,37.0,20.25
2004,1,BUF,JAX,1,3.0,35.0,19.0
2004,1,CAR,GB,1,3.0,43.5,23.25
2004,1,CHI,DET,1,1.5,38.5,20.0
2004,1,CIN,NYJ,0,5.5,42.0,18.25
2004,1,CLE,BAL,1,-3.5,37.0,16.75
2004,1,DAL,MIN,0,6.5,44.0,18.75
2004,1,DEN,KC,1,3.0,48.5,25.75
2004,1,DET,CHI,0,1.5,38.5,18.5
2004,1,GB,CAR,0,3.0,43.5,20.25
2004,1,HOU,SD,1,4.5,44.0,24.25
2004,1,IND,NE,0,3.0,44.5,20.75
2004,1,JAX,BUF,0,3.0,35.0,16.0
2004,1,KC,DEN,0,3.0,48.5,22.75
2004,1,MIA,TEN,1,-3.0,38.0,17.5
2004,1,MIN,DAL,1,6.5,44.0,25.25
2004,1,NE,IND,1,3.0,44.5,23.75
2004,1,NO,SEA,1,-2.5,45.0,21.25
2004,1,NYG,PHI,0,9.5,41.5,16.0
2004,1,NYJ,CIN,1,5.5,42.0,23.75
2004,1,OAK,PIT,0,3.5,41.5,19.0
2004,1,PHI,NYG,1,9.5,41.5,25.5
2004,1,PIT,OAK,1,3.5,41.5,22.5
2004,1,SD,HOU,0,4.5,44.0,19.75
2004,1,SEA,NO,0,-2.5,45.0,23.75
2004,1,SF,ATL,1,-3.0,44.5,20.75
2004,1,STL,ARI,1,11.0,46.0,28.5
2004,1,TB,WAS,0,2.5,38.5,18.0
2004,1,TEN,MIA,0,-3.0,38.0,20.5
2004,1,WAS,TB,1,2.5,38.5,20.5
2004,2,ARI,NE,1,-8.0,41.5,16.75
2004,2,ATL,STL,1,2.0,46.0,24.0
2004,2,BAL,PIT,1,4.0,35.5,19.75
2004,2,BUF,OAK,0,3.5,37.5,17.0
2004,2,CAR,KC,0,7.0,46.0,19.5
2004,2,CHI,GB,0,9.0,41.0,16.0
2004,2,CIN,MIA,1,5.5,40.0,22.75
2004,2,CLE,DAL,0,4.5,38.0,16.75
2004,2,DAL,CLE,1,4.5,38.0,21.25
2004,2,DEN,JAX,0,-3.0,38.0,20.5
2004,2,DET,HOU,1,3.0,43.5,23.25
2004,2,GB,CHI,1,9.0,41.0,25.0
2004,2,HOU,DET,0,3.0,43.5,20.25
2004,2,IND,TEN,0,-1.5,47.0,24.25
2004,2,JAX,DEN,1,-3.0,38.0,17.5
2004,2,KC,CAR,1,7.0,46.0,26.5
2004,2,MIA,CIN,0,5.5,40.0,17.25
2004,2,MIN,PHI,0,3.0,51.0,24.0
2004,2,NE,ARI,0,-8.0,41.5,24.75
2004,2,NO,SF,1,7.5,42.0,24.75
2004,2,NYG,WAS,1,-3.0,40.0,18.5
2004,2,NYJ,SD,0,-3.0,47.0,25.0
2004,2,OAK,BUF,1,3.5,37.5,20.5
2004,2,PHI,MIN,1,3.0,51.0,27.0
2004,2,PIT,BAL,0,4.0,35.5,15.75
2004,2,SD,NYJ,1,-3.0,47.0,22.0
2004,2,SEA,TB,0,-3.0,37.0,20.0
2004,2,SF,NO,0,7.5,42.0,17.25
2004,2,STL,ATL,0,2.0,46.0,22.0
2004,2,TB,SEA,1,-3.0,37.0,17.0
2004,2,TEN,IND,1,-1.5,47.0,22.75
2004,2,WAS,NYG,0,-3.0,40.0,21.5
2004,3,ARI,ATL,0,11.0,44.0,16.5
2004,3,ATL,ARI,1,11.0,44.0,27.5
2004,3,BAL,CIN,0,-1.5,35.0,18.25
2004,3,CHI,MIN,0,12.0,45.0,16.5
2004,3,CIN,BAL,1,-1.5,35.0,16.75
2004,3,CLE,NYG,0,3.0,38.0,17.5
2004,3,DAL,WAS,0,1.5,35.5,17.0
2004,3,DEN,SD,1,9.5,46.0,27.75
2004,3,DET,PHI,1,-4.5,44.0,19.75
2004,3,GB,IND,0,6.0,50.0,22.0
2004,3,HOU,KC,0,7.5,48.0,20.25
2004,3,IND,GB,1,6.0,50.0,28.0
2004,3,JAX,TEN,0,6.0,34.5,14.25
2004,3,KC,HOU,1,7.5,48.0,27.75
2004,3,MIA,PIT,1,2.5,31.0,16.75
2004,3,MIN,CHI,1,12.0,45.0,28.5
2004,3,NO,STL,0,6.0,49.0,21.5
2004,3,NYG,CLE,1,3.0,38.0,20.5
2004,3,OAK,TB,1,3.0,35.5,19.25
2004,3,PHI,DET,0,-4.5,44.0,24.25
2004,3,PIT,MIA,0,2.5,31.0,14.25
2004,3,SD,DEN,0,9.5,46.0,18.25
2004,3,SEA,SF,1,10.0,41.5,25.75
2004,3,SF,SEA,0,10.0,41.5,15.75
2004,3,STL,NO,1,6.0,49.0,27.5
2004,3,TB,OAK,0,3.0,35.5,16.25
2004,3,TEN,JAX,1,6.0,34.5,20.25
2004,3,WAS,DAL,1,1.5,35.5,18.5
2004,4,ARI,NO,1,-3.5,40.0,18.25
2004,4,ATL,CAR,0,3.5,39.0,17.75
2004,4,BAL,KC,1,6.0,41.5,23.75
2004,4,BUF,NE,1,-5.5,35.0,14.75
2004,4,CAR,ATL,1,3.5,39.0,21.25
2004,4,CHI,PHI,1,-8.5,40.5,16.0
2004,4,CIN,PIT,0,4.0,39.5,17.75
2004,4,CLE,WAS,1,-2.5,36.0,16.75
2004,4,DEN,TB,0,-3.0,35.0,19.0
2004,4,GB,NYG,1,7.0,44.0,25.5
2004,4,HOU,OAK,1,-2.0,42.0,20.0
2004,4,IND,JAX,0,-4.0,42.0,23.0
2004,4,JAX,IND,1,-4.0,42.0,19.0
2004,4,KC,BAL,0,6.0,41.5,17.75
2004,4,MIA,NYJ,1,-5.5,36.0,15.25
2004,4,NE,BUF,0,-5.5,35.0,20.25
2004,4,NO,ARI,0,-3.5,40.0,21.75
2004,4,NYG,GB,0,7.0,44.0,18.5
2004,4,NYJ,MIA,0,-5.5,36.0,20.75
2004,4,OAK,HOU,0,-2.0,42.0,22.0
2004,4,PHI,CHI,0,-8.5,40.5,24.5
2004,4,PIT,CIN,1,4.0,39.5,21.75
2004,4,SD,TEN,1,-3.0,41.0,19.0
2004,4,SF,STL,1,-4.0,44.0,20.0
2004,4,STL,SF,0,-4.0,44.0,24.0
2004,4,TB,DEN,1,-3.0,35.0,16.0
2004,4,TEN,SD,0,-3.0,41.0,22.0
2004,4,WAS,CLE,0,-2.5,36.0,19.25
2004,5,ARI,SF,0,1.0,36.5,17.75
2004,5,ATL,DET,1,6.5,41.0,23.75
2004,5,BAL,WAS,0,0.0,34.0,17.0
2004,5,BUF,NYJ,0,6.5,37.0,15.25
2004,5,CAR,DEN,0,4.0,38.0,17.0
2004,5,CLE,PIT,0,4.5,36.0,15.75
2004,5,DAL,NYG,1,3.5,38.5,21.0
2004,5,DEN,CAR,1,4.0,38.0,21.0
2004,5,DET,ATL,0,6.5,41.0,17.25
2004,5,GB,TEN,1,3.0,44.0,23.5
2004,5,HOU,MIN,1,-3.5,50.0,23.25
2004,5,IND,OAK,1,8.5,52.0,30.25
2004,5,JAX,SD,0,-2.5,37.0,19.75
2004,5,MIA,NE,0,11.0,34.0,11.5
2004,5,MIN,HOU,0,-3.5,50.0,26.75
2004,5,NE,MIA,1,11.0,34.0,22.5
2004,5,NO,TB,1,3.0,38.5,20.75
2004,5,NYG,DAL,0,3.5,38.5,17.5
2004,5,NYJ,BUF,1,6.5,37.0,21.75
2004,5,OAK,IND,0,8.5,52.0,21.75
2004,5,PIT,CLE,1,4.5,36.0,20.25
2004,5,SD,JAX,1,-2.5,37.0,17.25
2004,5,SEA,STL,1,8.0,44.0,26.0
2004,5,SF,ARI,1,1.0,36.5,18.75
2004,5,STL,SEA,0,8.0,44.0,18.0
2004,5,TB,NO,0,3.0,38.5,17.75
2004,5,TEN,GB,0,3.0,44.0,20.5
2004,5,WAS,BAL,1,0.0,34.0,17.0
2004,6,ATL,SD,1,5.5,43.0,24.25
2004,6,BUF,MIA,1,4.5,30.0,17.25
2004,6,CAR,PHI,0,10.0,42.0,16.0
2004,6,CHI,WAS,1,1.5,33.5,17.5
2004,6,CIN,CLE,0,3.0,40.0,18.5
2004,6,CLE,CIN,1,3.0,40.0,21.5
2004,6,DAL,PIT,1,3.0,39.0,21.0
2004,6,DEN,OAK,0,-2.5,42.0,22.25
2004,6,DET,GB,1,3.0,45.0,24.0
2004,6,GB,DET,0,3.0,45.0,21.0
2004,6,HOU,TEN,0,5.5,46.0,20.25
2004,6,JAX,KC,1,-2.5,44.0,20.75
2004,6,KC,JAX,0,-2.5,44.0,23.25
2004,6,MIA,BUF,0,4.5,30.0,12.75
2004,6,MIN,NO,0,-3.5,53.0,28.25
2004,6,NE,SEA,1,3.5,42.0,22.75
2004,6,NO,MIN,1,-3.5,53.0,24.75
2004,6,NYJ,SF,1,9.5,43.0,26.25
2004,6,OAK,DEN,1,-2.5,42.0,19.75
2004,6,PHI,CAR,1,10.0,42.0,26.0
2004,6,PIT,DAL,0,3.0,39.0,18.0
2004,6,SD,ATL,0,5.5,43.0,18.75
2004,6,SEA,NE,0,3.5,42.0,19.25
2004,6,SF,NYJ,0,9.5,43.0,16.75
2004,6,STL,TB,1,6.5,42.5,24.5
2004,6,TB,STL,0,6.5,42.5,18.0
2004,6,TEN,HOU,1,5.5,46.0,25.75
2004,6,WAS,CHI,0,1.5,33.5,16.0
2004,7,ARI,SEA,1,-6.5,40.0,16.75
2004,7,ATL,KC,0,3.5,44.5,20.5
2004,7,BAL,BUF,1,4.5,31.0,17.75
2004,7,BUF,BAL,0,4.5,31.0,13.25
2004,7,CAR,SD,1,3.0,42.0,22.5
2004,7,CHI,TB,0,7.0,32.0,12.5
2004,7,CIN,DEN,1,-7.0,42.5,17.75
2004,7,CLE,PHI,1,-7.0,41.5,17.25
2004,7,DAL,GB,0,4.0,44.0,20.0
2004,7,DEN,CIN,0,-7.0,42.5,24.75
2004,7,DET,NYG,0,7.0,40.0,16.5
2004,7,GB,DAL,1,4.0,44.0,24.0
2004,7,IND,JAX,1,9.0,47.0,28.0
2004,7,JAX,IND,0,9.0,47.0,19.0
2004,7,KC,ATL,1,3.5,44.5,24.0
2004,7,MIA,STL,1,-5.0,37.5,16.25
2004,7,MIN,TEN,1,6.0,53.0,29.5
2004,7,NE,NYJ,1,6.0,43.5,24.75
2004,7,NO,OAK,0,3.0,45.5,21.25
2004,7,NYG,DET,1,7.0,40.0,23.5
2004,7,NYJ,NE,0,6.0,43.5,18.75
2004,7,OAK,NO,1,3.0,45.5,24.25
2004,7,PHI,CLE,0,-7.0,41.5,24.25
2004,7,SD,CAR,0,3.0,42.0,19.5
2004,7,SEA,ARI,0,-6.5,40.0,23.25
2004,7,STL,MIA,0,-5.0,37.5,21.25
2004,7,TB,CHI,1,7.0,32.0,19.5
2004,7,TEN,MIN,0,6.0,53.0,23.5
2004,8,ARI,BUF,0,4.5,33.5,14.5
2004,8,ATL,DEN,0,7.0,39.5,16.25
2004,8,BAL,PHI,0,7.5,37.0,14.75
2004,8,BUF,ARI,1,4.5,33.5,19.0
2004,8,CAR,SEA,0,8.0,39.0,15.5
2004,8,CHI,SF,1,2.0,35.5,18.75
2004,8,CIN,TEN,0,3.0,39.5,18.25
2004,8,DAL,DET,1,3.0,40.0,21.5
2004,8,DEN,ATL,1,7.0,39.5,23.25
2004,8,DET,DAL,0,3.0,40.0,18.5
2004,8,GB,WAS,0,-1.0,40.5,20.75
2004,8,HOU,JAX,1,2.0,42.0,22.0
2004,8,IND,KC,0,-1.0,56.5,28.75
2004,8,JAX,HOU,0,2.0,42.0,20.0
2004,8,KC,IND,1,-1.0,56.5,27.75
2004,8,MIA,NYJ,0,7.0,35.5,14.25
2004,8,MIN,NYG,1,6.5,48.5,27.5
2004,8,NE,PIT,0,-3.0,42.0,22.5
2004,8,NYG,MIN,0,6.5,48.5,21.0
2004,8,NYJ,MIA,1,7.0,35.5,21.25
2004,8,OAK,SD,0,6.0,46.0,20.0
2004,8,PHI,BAL,1,7.5,37.0,22.25
2004,8,PIT,NE,1,-3.0,42.0,19.5
2004,8,SD,OAK,1,6.0,46.0,26.0
2004,8,SEA,CAR,1,8.0,39.0,23.5
2004,8,SF,CHI,0,2.0,35.5,16.75
2004,8,TEN,CIN,1,3.0,39.5,21.25
2004,8,WAS,GB,1,-1.0,40.5,19.75
2004,9,ARI,MIA,0,3.0,34.5,15.75
2004,9,BAL,CLE,1,6.0,35.0,20.5
2004,9,BUF,NYJ,1,-3.0,34.0,15.5
2004,9,CAR,OAK,1,6.0,41.0,23.5
2004,9,CHI,NYG,0,9.0,34.5,12.75
2004,9,CIN,DAL,1,0.0,44.0,22.0
2004,9,CLE,BAL,0,6.0,35.0,14.5
2004,9,DAL,CIN,0,0.0,44.0,22.0
2004,9,DEN,HOU,1,7.0,44.0,25.5
2004,9,DET,WAS,1,3.5,37.0,20.25
2004,9,HOU,DEN,0,7.0,44.0,18.5
2004,9,IND,MIN,1,7.0,58.0,32.5
2004,9,KC,TB,0,-3.0,45.5,24.25
2004,9,MIA,ARI,1,3.0,34.5,18.75
2004,9,MIN,IND,0,7.0,58.0,25.5
2004,9,NE,STL,0,2.5,49.5,23.5
2004,9,NO,SD,0,6.5,49.5,21.5
2004,9,NYG,CHI,1,9.0,34.5,21.75
2004,9,NYJ,BUF,0,-3.0,34.0,18.5
2004,9,OAK,CAR,0,6.0,41.0,17.5
2004,9,PHI,PIT,0,-1.5,44.5,23.0
2004,9,PIT,PHI,1,-1.5,44.5,21.5
2004,9,SD,NO,1,6.5,49.5,28.0
2004,9,SEA,SF,0,-7.0,40.5,23.75
2004,9,SF,SEA,1,-7.0,40.5,16.75
2004,9,STL,NE,1,2.5,49.5,26.0
2004,9,TB,KC,1,-3.0,45.5,21.25
2004,9,WAS,DET,0,3.5,37.0,16.75
2004,10,ARI,NYG,1,1.0,39.0,20.0
2004,10,ATL,TB,1,3.5,41.0,22.25
2004,10,BAL,NYJ,0,-1.0,32.0,16.5
2004,10,BUF,NE,0,7.0,38.0,15.5
2004,10,CAR,SF,0,1.5,41.5,20.0
2004,10,CHI,TEN,0,5.5,34.0,14.25
2004,10,CIN,WAS,0,4.0,36.5,16.25
2004,10,CLE,PIT,1,-3.5,41.0,18.75
2004,10,DAL,PHI,1,-7.0,43.0,18.0
2004,10,DET,JAX,0,3.5,34.5,15.5
2004,10,GB,MIN,1,4.5,50.0,27.25
2004,10,HOU,IND,0,8.5,54.5,23.0
2004,10,IND,HOU,1,8.5,54.5,31.5
2004,10,JAX,DET,1,3.5,34.5,19.0
2004,10,KC,NO,0,-3.5,56.5,30.0
2004,10,MIN,GB,0,4.5,50.0,22.75
2004,10,NE,BUF,1,7.0,38.0,22.5
2004,10,NO,KC,1,-3.5,56.5,26.5
2004,10,NYG,ARI,0,1.0,39.0,19.0
2004,10,NYJ,BAL,1,-1.0,32.0,15.5
2004,10,PHI,DAL,0,-7.0,43.0,25.0
2004,10,PIT,CLE,0,-3.5,41.0,22.25
2004,10,SEA,STL,0,-2.5,50.5,26.5
2004,10,SF,CAR,1,1.5,41.5,21.5
2004,10,STL,SEA,1,-2.5,50.5,24.0
2004,10,TB,ATL,0,3.5,41.0,18.75
2004,10,TEN,CHI,1,5.5,34.0,19.75
2004,10,WAS,CIN,1,4.0,36.5,20.25
2004,11,ARI,CAR,0,3.0,38.0,17.5
2004,11,ATL,NYG,0,-3.0,40.0,21.5
2004,11,BAL,DAL,1,7.5,36.0,21.75
2004,11,BUF,STL,1,2.0,40.0,21.0
2004,11,CAR,ARI,1,3.0,38.0,20.5
2004,11,CHI,IND,1,-8.0,44.5,18.25
2004,11,CIN,PIT,1,-4.0,40.5,18.25
2004,11,CLE,NYJ,1,-1.5,38.0,18.25
2004,11,DAL,BAL,0,7.5,36.0,14.25
2004,11,DEN,NO,0,-6.0,48.5,27.25
2004,11,DET,MIN,0,8.0,48.0,20.0
2004,11,GB,HOU,0,-3.0,51.0,27.0
2004,11,HOU,GB,1,-3.0,51.0,24.0
2004,11,IND,CHI,0,-8.0,44.5,26.25
2004,11,JAX,TEN,1,3.0,36.0,19.5
2004,11,KC,NE,1,-3.0,52.0,24.5
2004,11,MIA,SEA,0,9.5,37.0,13.75
2004,11,MIN,DET,1,8.0,48.0,28.0
2004,11,NE,KC,0,-3.0,52.0,27.5
2004,11,NO,DEN,1,-6.0,48.5,21.25
2004,11,NYG,ATL,1,-3.0,40.0,18.5
2004,11,NYJ,CLE,0,-1.5,38.0,19.75
2004,11,OAK,SD,1,-4.5,47.5,21.5
2004,11,PHI,WAS,1,10.0,38.5,24.25
2004,11,PIT,CIN,0,-4.0,40.5,22.25
2004,11,SD,OAK,0,-4.5,47.5,26.0
2004,11,SEA,MIA,1,9.5,37.0,23.25
2004,11,SF,TB,0,8.0,42.0,17.0
2004,11,STL,BUF,0,2.0,40.0,19.0
2004,11,TB,SF,1,8.0,42.0,25.0
2004,11,TEN,JAX,0,3.0,36.0,16.5
2004,11,WAS,PHI,0,10.0,38.5,14.25
2004,12,ARI,NYJ,1,-3.0,36.5,16.75
2004,12,ATL,NO,1,9.0,47.5,28.25
2004,12,BAL,NE,0,7.0,34.5,13.75
2004,12,BUF,SEA,0,4.0,38.0,17.0
2004,12,CAR,TB,1,-3.0,39.0,18.0
2004,12,CHI,DAL,0,3.5,36.0,16.25
2004,12,CIN,CLE,1,6.0,37.5,21.75
2004,12,CLE,CIN,0,6.0,37.5,15.75
2004,12,DAL,CHI,1,3.5,36.0,19.75
2004,12,DEN,OAK,1,11.5,42.5,27.0
2004,12,DET,IND,1,-8.5,54.0,22.75
2004,12,GB,STL,1,7.0,51.0,29.0
2004,12,HOU,TEN,1,2.0,43.0,22.5
2004,12,IND,DET,0,-8.5,54.0,31.25
2004,12,JAX,MIN,0,6.0,45.5,19.75
2004,12,KC,SD,1,3.0,54.0,28.5
2004,12,MIA,SF,0,0.0,37.5,18.75
2004,12,MIN,JAX,1,6.0,45.5,25.75
2004,12,NE,BAL,1,7.0,34.5,20.75
2004,12,NO,ATL,0,9.0,47.5,19.25
2004,12,NYG,PHI,1,-7.0,35.5,14.25
2004,12,NYJ,ARI,0,-3.0,36.5,19.75
2004,12,OAK,DEN,0,11.5,42.5,15.5
2004,12,PHI,NYG,0,-7.0,35.5,21.25
2004,12,PIT,WAS,1,10.0,34.5,22.25
2004,12,SD,KC,0,3.0,54.0,25.5
2004,12,SEA,BUF,1,4.0,38.0,21.0
2004,12,SF,MIA,1,0.0,37.5,18.75
2004,12,STL,GB,0,7.0,51.0,22.0
2004,12,TB,CAR,0,-3.0,39.0,21.0
2004,12,TEN,HOU,0,2.0,43.0,20.5
2004,12,WAS,PIT,0,10.0,34.5,12.25
2004,13,ARI,DET,0,6.0,37.0,15.5
2004,13,ATL,TB,0,2.0,39.5,18.75
2004,13,BAL,CIN,1,6.5,37.0,21.75
2004,13,BUF,MIA,0,-5.0,34.0,19.5
2004,13,CAR,NO,0,-2.0,46.5,24.25
2004,13,CHI,MIN,1,-7.0,40.5,16.75
2004,13,CIN,BAL,0,6.5,37.0,15.25
2004,13,CLE,NE,1,-11.0,41.0,15.0
2004,13,DAL,SEA,0,7.0,42.0,17.5
2004,13,DEN,SD,0,3.0,46.5,21.75
2004,13,DET,ARI,1,6.0,37.0,21.5
2004,13,GB,PHI,0,5.5,48.5,21.5
2004,13,HOU,NYJ,0,7.0,42.0,17.5
2004,13,IND,TEN,1,12.0,54.0,33.0
2004,13,JAX,PIT,1,-3.0,35.5,16.25
2004,13,KC,OAK,0,-1.0,52.0,26.5
2004,13,MIA,BUF,1,-5.0,34.0,14.5
2004,13,MIN,CHI,0,-7.0,40.5,23.75
2004,13,NE,CLE,0,-11.0,41.0,26.0
2004,13,NO,CAR,1,-2.0,46.5,22.25
2004,13,NYG,WAS,0,3.0,33.0,15.0
2004,13,NYJ,HOU,1,7.0,42.0,24.5
2004,13,OAK,KC,1,-1.0,52.0,25.5
2004,13,PHI,GB,1,5.5,48.5,27.0
2004,13,PIT,JAX,0,-3.0,35.5,19.25
2004,13,SD,DEN,1,3.0,46.5,24.75
2004,13,SEA,DAL,1,7.0,42.0,24.5
2004,13,SF,STL,0,11.0,49.0,19.0
2004,13,STL,SF,1,11.0,49.0,30.0
2004,13,TB,ATL,1,2.0,39.5,20.75
2004,13,TEN,IND,0,12.0,54.0,21.0
2004,13,WAS,NYG,1,3.0,33.0,18.0
2004,14,ARI,SF,1,7.0,36.0,21.5
2004,14,ATL,OAK,1,7.5,46.0,26.75
2004,14,BAL,NYG,1,10.0,34.0,22.0
2004,14,BUF,CLE,1,11.0,38.5,24.75
2004,14,CAR,STL,1,7.0,44.5,25.75
2004,14,CHI,JAX,0,7.0,34.0,13.5
2004,14,CIN,NE,0,10.5,47.0,18.25
2004,14,CLE,BUF,0,11.0,38.5,13.75
2004,14,DAL,NO,1,7.0,49.0,28.0
2004,14,DEN,MIA,1,11.5,41.0,26.25
2004,14,DET,GB,0,9.0,41.0,16.0
2004,14,GB,DET,1,9.0,41.0,25.0
2004,14,HOU,IND,1,-10.0,57.0,23.5
2004,14,IND,HOU,0,-10.0,57.0,33.5
2004,14,JAX,CHI,1,7.0,34.0,20.5
2004,14,KC,TEN,0,-2.5,53.0,27.75
2004,14,MIA,DEN,0,11.5,41.0,14.75
2004,14,MIN,SEA,1,6.5,54.0,30.25
2004,14,NE,CIN,1,10.5,47.0,28.75
2004,14,NO,DAL,0,7.0,49.0,21.0
2004,14,NYG,BAL,0,10.0,34.0,12.0
2004,14,NYJ,PIT,0,4.5,35.0,15.25
2004,14,OAK,ATL,0,7.5,46.0,19.25
2004,14,PHI,WAS,0,-8.0,38.5,23.25
2004,14,PIT,NYJ,1,4.5,35.0,19.75
2004,14,SD,TB,1,4.0,42.5,23.25
2004,14,SEA,MIN,0,6.5,54.0,23.75
2004,14,SF,ARI,0,7.0,36.0,14.5
2004,14,STL,CAR,0,7.0,44.5,18.75
2004,14,TB,SD,0,4.0,42.5,19.25
2004,14,TEN,KC,1,-2.5,53.0,25.25
2004,14,WAS,PHI,1,-8.0,38.5,15.25
2004,15,ARI,STL,1,-3.0,41.5,19.25
2004,15,ATL,CAR,1,3.5,41.0,22.25
2004,15,BAL,IND,0,7.5,48.5,20.5
2004,15,BUF,CIN,0,-3.0,41.0,22.0
2004,15,CAR,ATL,0,3.5,41.0,18.75
2004,15,CHI,HOU,1,1.0,34.0,17.5
2004,15,CIN,BUF,1,-3.0,41.0,19.0
2004,15,CLE,SD,1,-8.0,35.0,13.5
2004,15,DAL,PHI,0,11.5,45.0,16.75
2004,15,DEN,KC,0,-3.0,52.5,27.75
2004,15,DET,MIN,1,-3.0,48.5,22.75
2004,15,GB,JAX,1,3.5,37.0,20.25
2004,15,HOU,CHI,0,1.0,34.0,16.5
2004,15,IND,BAL,1,7.5,48.5,28.0
2004,15,JAX,GB,0,3.5,37.0,16.75
2004,15,KC,DEN,1,-3.0,52.5,24.75
2004,15,MIA,NE,1,-10.0,44.0,17.0
2004,15,MIN,DET,0,-3.0,48.5,25.75
2004,15,NE,MIA,0,-10.0,44.0,27.0
2004,15,NO,TB,0,7.5,43.5,18.0
2004,15,NYG,PIT,1,-10.0,36.5,13.25
2004,15,NYJ,SEA,1,6.5,41.5,24.0
2004,15,OAK,TEN,1,3.5,49.5,26.5
2004,15,PHI,DAL,1,11.5,45.0,28.25
2004,15,PIT,NYG,0,-10.0,36.5,23.25
2004,15,SD,CLE,0,-8.0,35.0,21.5
2004,15,SEA,NYJ,0,6.5,41.5,17.5
2004,15,SF,WAS,1,-6.5,36.5,15.0
2004,15,STL,ARI,0,-3.0,41.5,22.25
2004,15,TB,NO,1,7.5,43.5,25.5
2004,15,TEN,OAK,0,3.5,49.5,23.0
2004,15,WAS,SF,0,-6.5,36.5,21.5
2004,16,ARI,SEA,0,7.0,44.0,18.5
2004,16,ATL,NO,0,6.5,44.0,18.75
2004,16,BAL,PIT,0,5.0,34.0,14.5
2004,16,BUF,SF,0,-10.0,41.5,25.75
2004,16,CAR,TB,0,1.5,39.0,18.75
2004,16,CHI,DET,0,6.0,37.0,15.5
2004,16,CIN,NYG,1,6.5,46.5,26.5
2004,16,CLE,MIA,0,9.0,40.5,15.75
2004,16,DAL,WAS,1,-2.5,35.0,16.25
2004,16,DEN,TEN,0,-4.0,50.5,27.25
2004,16,DET,CHI,1,6.0,37.0,21.5
2004,16,GB,MIN,0,3.5,56.0,26.25
2004,16,HOU,JAX,0,6.5,36.5,15.0
2004,16,IND,SD,1,7.0,56.0,31.5
2004,16,JAX,HOU,1,6.5,36.5,21.5
2004,16,KC,OAK,1,9.5,60.0,34.75
2004,16,MIA,CLE,1,9.0,40.5,24.75
2004,16,MIN,GB,1,3.5,56.0,29.75
2004,16,NE,NYJ,0,0.0,41.5,20.75
2004,16,NO,ATL,1,6.5,44.0,25.25
2004,16,NYG,CIN,0,6.5,46.5,20.0
2004,16,NYJ,NE,1,0.0,41.5,20.75
2004,16,OAK,KC,0,9.5,60.0,25.25
2004,16,PHI,STL,0,4.0,42.5,19.25
2004,16,PIT,BAL,1,5.0,34.0,19.5
2004,16,SD,IND,0,7.0,56.0,24.5
2004,16,SEA,ARI,1,7.0,44.0,25.5
2004,16,SF,BUF,1,-10.0,41.5,15.75
2004,16,STL,PHI,1,4.0,42.5,23.25
2004,16,TB,CAR,1,1.5,39.0,20.25
2004,16,TEN,DEN,1,-4.0,50.5,23.25
2004,16,WAS,DAL,0,-2.5,35.0,18.75
2004,17,ARI,TB,1,4.0,38.5,21.25
2004,17,ATL,SEA,0,5.5,41.0,17.75
2004,17,BAL,MIA,1,11.0,33.0,22.0
2004,17,BUF,PIT,1,9.5,33.0,21.25
2004,17,CAR,NO,1,7.0,46.0,26.5
2004,17,CHI,GB,1,3.0,34.0,18.5
2004,17,CIN,PHI,0,-4.0,37.5,20.75
2004,17,CLE,HOU,0,10.0,41.0,15.5
2004,17,DAL,NYG,0,1.0,38.5,18.75
2004,17,DEN,IND,1,10.0,44.0,27.0
2004,17,DET,TEN,0,-2.5,45.5,24.0
2004,17,GB,CHI,0,3.0,34.0,15.5
2004,17,HOU,CLE,1,10.0,41.0,25.5
2004,17,IND,DEN,0,10.0,44.0,17.0
2004,17,JAX,OAK,0,-2.5,43.0,22.75
2004,17,KC,SD,0,-6.5,51.5,29.0
2004,17,MIA,BAL,0,11.0,33.0,11.0
2004,17,MIN,WAS,0,-4.0,41.0,22.5
2004,17,NE,SF,1,13.0,37.0,25.0
2004,17,NO,CAR,0,7.0,46.0,19.5
2004,17,NYG,DAL,1,1.0,38.5,19.75
2004,17,NYJ,STL,0,-3.5,46.0,24.75
2004,17,OAK,JAX,1,-2.5,43.0,20.25
2004,17,PHI,CIN,1,-4.0,37.5,16.75
2004,17,PIT,BUF,0,9.5,33.0,11.75
2004,17,SD,KC,1,-6.5,51.5,22.5
2004,17,SEA,ATL,1,5.5,41.0,23.25
2004,17,SF,NE,0,13.0,37.0,12.0
2004,17,STL,NYJ,1,-3.5,46.0,21.25
2004,17,TB,ARI,0,4.0,38.5,17.25
2004,17,TEN,DET,1,-2.5,45.5,21.5
2004,17,WAS,MIN,1,-4.0,41.0,18.5
2004,18,DEN,IND,0,10.0,56.0,23.0
2004,18,GB,MIN,1,6.0,52.5,29.25
2004,18,IND,DEN,1,10.0,56.0,33.0
2004,18,MIN,GB,0,6.0,52.5,23.25
2004,18,NYJ,SD,0,6.5,42.5,18.0
2004,18,SD,NYJ,1,6.5,42.5,24.5
2004,18,SEA,STL,1,4.0,51.0,27.5
2004,18,STL,SEA,0,4.0,51.0,23.5
2004,19,ATL,STL,1,6.5,49.0,27.75
2004,19,IND,NE,0,1.0,51.0,25.0
2004,19,MIN,PHI,0,8.0,47.0,19.5
2004,19,NE,IND,1,1.0,51.0,26.0
2004,19,NYJ,PIT,0,9.0,35.5,13.25
2004,19,PHI,MIN,1,8.0,47.0,27.5
2004,19,PIT,NYJ,1,9.0,35.5,22.25
2004,19,STL,ATL,0,6.5,49.0,21.25
2004,20,ATL,PHI,0,6.0,37.0,15.5
2004,20,NE,PIT,0,-3.0,36.5,19.75
2004,20,PHI,ATL,1,6.0,37.0,21.5
2004,20,PIT,NE,1,-3.0,36.5,16.75
2004,21,NE,PHI,0,-7.0,47.0,27.0
2004,21,PHI,NE,1,-7.0,47.0,20.0
2005,1,ARI,NYG,0,1.5,37.5,18.0
2005,1,ATL,PHI,1,-2.0,41.5,19.75
2005,1,BAL,IND,1,-3.0,47.0,22.0
2005,1,BUF,HOU,1,4.5,39.0,21.75
2005,1,CAR,NO,1,6.5,45.5,26.0
2005,1,CHI,WAS,0,6.0,33.0,13.5
2005,1,CIN,CLE,0,-3.5,44.5,24.0
2005,1,CLE,CIN,1,-3.5,44.5,20.5
2005,1,DAL,SD,0,5.0,41.0,18.0
2005,1,DEN,MIA,0,-4.5,38.5,21.5
2005,1,DET,GB,1,3.0,46.0,24.5
2005,1,GB,DET,0,3.0,46.0,21.5
2005,1,HOU,BUF,0,4.5,39.0,17.25
2005,1,IND,BAL,0,-3.0,47.0,25.0
2005,1,JAX,SEA,1,3.0,40.0,21.5
2005,1,KC,NYJ,1,3.0,48.5,25.75
2005,1,MIA,DEN,1,-4.5,38.5,17.0
2005,1,MIN,TB,1,6.0,43.5,24.75
2005,1,NE,OAK,1,7.5,50.0,28.75
2005,1,NO,CAR,0,6.5,45.5,19.5
2005,1,NYG,ARI,1,1.5,37.5,19.5
2005,1,NYJ,KC,0,3.0,48.5,22.75
2005,1,OAK,NE,0,7.5,50.0,21.25
2005,1,PHI,ATL,0,-2.0,41.5,21.75
2005,1,PIT,TEN,1,7.0,40.5,23.75
2005,1,SD,DAL,1,5.0,41.0,23.0
2005,1,SEA,JAX,0,3.0,40.0,18.5
2005,1,SF,STL,1,-4.5,46.0,20.75
2005,1,STL,SF,0,-4.5,46.0,25.25
2005,1,TB,MIN,0,6.0,43.5,18.75
2005,1,TEN,PIT,0,7.0,40.5,16.75
2005,1,WAS,CHI,1,6.0,33.0,19.5
2005,2,ARI,STL,1,-1.0,44.0,21.5
2005,2,ATL,SEA,0,1.0,41.5,20.25
2005,2,BAL,TEN,0,-3.5,36.0,19.75
2005,2,BUF,TB,0,2.5,35.0,16.25
2005,2,CAR,NE,1,-3.0,44.0,20.5
2005,2,CHI,DET,1,-2.5,34.0,15.75
2005,2,CIN,MIN,1,3.0,47.0,25.0
2005,2,CLE,GB,0,7.0,43.0,18.0
2005,2,DAL,WAS,1,6.0,36.0,21.0
2005,2,DEN,SD,1,3.0,44.0,23.5
2005,2,DET,CHI,0,-2.5,34.0,18.25
2005,2,GB,CLE,1,7.0,43.0,25.0
2005,2,HOU,PIT,1,-4.5,39.5,17.5
2005,2,IND,JAX,1,9.0,46.0,27.5
2005,2,JAX,IND,0,9.0,46.0,18.5
2005,2,KC,OAK,0,-1.5,53.0,27.25
2005,2,MIA,NYJ,0,6.0,37.0,15.5
2005,2,MIN,CIN,0,3.0,47.0,22.0
2005,2,NE,CAR,0,-3.0,44.0,23.5
2005,2,NO,NYG,1,-3.0,43.0,20.0
2005,2,NYG,NO,0,-3.0,43.0,23.0
2005,2,NYJ,MIA,1,6.0,37.0,21.5
2005,2,OAK,KC,1,-1.5,53.0,25.75
2005,2,PHI,SF,1,11.5,43.0,27.25
2005,2,PIT,HOU,0,-4.5,39.5,22.0
2005,2,SD,DEN,0,3.0,44.0,20.5
2005,2,SEA,ATL,1,1.0,41.5,21.25
2005,2,SF,PHI,0,11.5,43.0,15.75
2005,2,STL,ARI,0,-1.0,44.0,22.5
2005,2,TB,BUF,1,2.5,35.0,18.75
2005,2,TEN,BAL,1,-3.5,36.0,16.25
2005,2,WAS,DAL,0,6.0,36.0,15.0
2005,3,ARI,SEA,0,6.5,42.0,17.75
2005,3,ATL,BUF,0,3.0,36.0,16.5
2005,3,BUF,ATL,1,3.0,36.0,19.5
2005,3,CAR,MIA,0,-3.5,37.5,20.5
2005,3,CHI,CIN,1,-3.0,39.0,18.0
2005,3,CIN,CHI,0,-3.0,39.0,21.0
2005,3,CLE,IND,0,13.5,47.0,16.75
2005,3,DAL,SF,0,-6.5,41.0,23.75
2005,3,DEN,KC,1,2.5,49.0,25.75
2005,3,GB,TB,1,-3.0,38.0,17.5
2005,3,IND,CLE,1,13.5,47.0,30.25
2005,3,JAX,NYJ,0,2.5,34.5,16.0
2005,3,KC,DEN,0,2.5,49.0,23.25
2005,3,MIA,CAR,1,-3.5,37.5,17.0
2005,3,MIN,NO,1,3.5,44.5,24.0
2005,3,NE,PIT,0,3.0,41.5,19.25
2005,3,NO,MIN,0,3.5,44.5,20.5
2005,3,NYG,SD,0,5.5,42.5,18.5
2005,3,NYJ,JAX,1,2.5,34.5,18.5
2005,3,OAK,PHI,0,8.5,47.0,19.25
2005,3,PHI,OAK,1,8.5,47.0,27.75
2005,3,PIT,NE,1,3.0,41.5,22.25
2005,3,SD,NYG,1,5.5,42.5,24.0
2005,3,SEA,ARI,1,6.5,42.0,24.25
2005,3,SF,DAL,1,-6.5,41.0,17.25
2005,3,STL,TEN,1,6.5,46.0,26.25
2005,3,TB,GB,0,-3.0,38.0,20.5
2005,3,TEN,STL,0,6.5,46.0,19.75
2005,4,ARI,SF,1,3.0,42.0,22.5
2005,4,ATL,MIN,1,6.0,44.5,25.25
2005,4,BAL,NYJ,1,7.5,31.5,19.5
2005,4,BUF,NO,0,-1.0,38.5,19.75
2005,4,CAR,GB,1,3.0,43.0,23.0
2005,4,CIN,HOU,1,9.5,41.5,25.5
2005,4,DAL,OAK,0,3.0,46.0,21.5
2005,4,DEN,JAX,0,4.0,37.5,16.75
2005,4,DET,TB,0,6.5,35.0,14.25
2005,4,GB,CAR,0,3.0,43.0,20.0
2005,4,HOU,CIN,0,9.5,41.5,16.0
2005,4,IND,TEN,0,-7.0,45.0,26.0
2005,4,JAX,DEN,1,4.0,37.5,20.75
2005,4,KC,PHI,1,2.5,46.5,24.5
2005,4,MIN,ATL,0,6.0,44.5,19.25
2005,4,NE,SD,1,5.5,47.0,26.25
2005,4,NO,BUF,1,-1.0,38.5,18.75
2005,4,NYG,STL,1,3.0,46.0,24.5
2005,4,NYJ,BAL,0,7.5,31.5,12.0
2005,4,OAK,DAL,1,3.0,46.0,24.5
2005,4,PHI,KC,0,2.5,46.5,22.0
2005,4,SD,NE,0,5.5,47.0,20.75
2005,4,SEA,WAS,0,2.0,37.0,17.5
2005,4,SF,ARI,0,3.0,42.0,19.5
2005,4,STL,NYG,0,3.0,46.0,21.5
2005,4,TB,DET,1,6.5,35.0,20.75
2005,4,TEN,IND,1,-7.0,45.0,19.0
2005,4,WAS,SEA,1,2.0,37.0,19.5
2005,5,ARI,CAR,1,-3.0,42.0,19.5
2005,5,ATL,NE,1,2.5,43.5,23.0
2005,5,BAL,DET,0,2.0,33.0,15.5
2005,5,BUF,MIA,1,2.5,33.0,17.75
2005,5,CAR,ARI,0,-3.0,42.0,22.5
2005,5,CHI,CLE,0,3.0,35.0,16.0
2005,5,CIN,JAX,0,3.0,38.0,17.5
2005,5,CLE,CHI,1,3.0,35.0,19.0
2005,5,DAL,PHI,1,-3.5,44.0,20.25
2005,5,DEN,WAS,1,7.0,34.5,20.75
2005,5,DET,BAL,1,2.0,33.0,17.5
2005,5,GB,NO,1,3.0,41.0,22.0
2005,5,HOU,TEN,1,1.5,40.5,21.0
2005,5,IND,SF,0,-14.0,47.0,30.5
2005,5,JAX,CIN,1,3.0,38.0,20.5
2005,5,MIA,BUF,0,2.5,33.0,15.25
2005,5,NE,ATL,0,2.5,43.5,20.5
2005,5,NO,GB,0,3.0,41.0,19.0
2005,5,NYJ,TB,1,-3.5,32.0,14.25
2005,5,PHI,DAL,0,-3.5,44.0,23.75
2005,5,PIT,SD,0,3.0,45.5,21.25
2005,5,SD,PIT,1,3.0,45.5,24.25
2005,5,SEA,STL,0,3.0,48.0,22.5
2005,5,SF,IND,1,-14.0,47.0,16.5
2005,5,STL,SEA,1,3.0,48.0,25.5
2005,5,TB,NYJ,0,-3.5,32.0,17.75
2005,5,TEN,HOU,0,1.5,40.5,19.5
2005,5,WAS,DEN,0,7.0,34.5,13.75
2005,6,ATL,NO,0,-4.0,42.0,23.0
2005,6,BAL,CLE,1,4.0,33.5,18.75
2005,6,BUF,NYJ,1,3.0,33.0,18.0
2005,6,CAR,DET,0,0.0,42.0,21.0
2005,6,CHI,MIN,1,2.0,37.5,19.75
2005,6,CIN,TEN,0,-3.0,44.5,23.75
2005,6,CLE,BAL,0,4.0,33.5,14.75
2005,6,DAL,NYG,1,3.5,45.5,24.5
2005,6,DEN,NE,1,3.0,44.0,23.5
2005,6,DET,CAR,1,0.0,42.0,21.0
2005,6,HOU,SEA,0,8.5,45.5,18.5
2005,6,IND,STL,1,13.0,50.5,31.75
2005,6,JAX,PIT,0,5.0,36.0,15.5
2005,6,KC,WAS,1,6.5,42.5,24.5
2005,6,MIA,TB,0,4.5,33.0,14.25
2005,6,MIN,CHI,0,2.0,37.5,17.75
2005,6,NE,DEN,0,3.0,44.0,20.5
2005,6,NO,ATL,1,-4.0,42.0,19.0
2005,6,NYG,DAL,0,3.5,45.5,21.0
2005,6,NYJ,BUF,0,3.0,33.0,15.0
2005,6,OAK,SD,1,0.0,50.5,25.25
2005,6,PIT,JAX,1,5.0,36.0,20.5
2005,6,SD,OAK,0,0.0,50.5,25.25
2005,6,SEA,HOU,1,8.5,45.5,27.0
2005,6,STL,IND,0,13.0,50.5,18.75
2005,6,TB,MIA,1,4.5,33.0,18.75
2005,6,TEN,CIN,1,-3.0,44.5,20.75
2005,6,WAS,KC,0,6.5,42.5,18.0
2005,7,ARI,TEN,1,3.0,45.0,24.0
2005,7,ATL,NYJ,1,7.5,41.0,24.25
2005,7,BAL,CHI,0,1.0,32.0,15.5
2005,7,BUF,OAK,0,3.0,42.0,19.5
2005,7,CHI,BAL,1,1.0,32.0,16.5
2005,7,CIN,PIT,1,3.0,43.0,23.0
2005,7,CLE,DET,1,3.0,36.0,19.5
2005,7,DAL,SEA,0,3.0,45.5,21.25
2005,7,DEN,NYG,0,2.0,46.5,22.25
2005,7,DET,CLE,0,3.0,36.0,16.5
2005,7,GB,MIN,0,2.0,46.0,22.0
2005,7,HOU,IND,1,-14.5,44.5,15.0
2005,7,IND,HOU,0,-14.5,44.5,29.5
2005,7,KC,MIA,0,-1.0,42.5,21.75
2005,7,MIA,KC,1,-1.0,42.5,20.75
2005,7,MIN,GB,1,2.0,46.0,24.0
2005,7,NO,STL,0,5.0,50.0,22.5
2005,7,NYG,DEN,1,2.0,46.5,24.25
2005,7,NYJ,ATL,0,7.5,41.0,16.75
2005,7,OAK,BUF,1,3.0,42.0,22.5
2005,7,PHI,SD,1,4.0,47.0,25.5
2005,7,PIT,CIN,0,3.0,43.0,20.0
2005,7,SD,PHI,0,4.0,47.0,21.5
2005,7,SEA,DAL,1,3.0,45.5,24.25
2005,7,SF,WAS,0,11.5,38.0,13.25
2005,7,STL,NO,1,5.0,50.0,27.5
2005,7,TEN,ARI,0,3.0,45.0,21.0
2005,7,WAS,SF,1,11.5,38.0,24.75
2005,8,ARI,DAL,0,7.0,41.0,17.0
2005,8,BAL,PIT,0,8.5,33.0,12.25
2005,8,BUF,NE,0,7.0,43.5,18.25
2005,8,CAR,MIN,1,8.0,44.0,26.0
2005,8,CHI,DET,0,3.0,32.5,14.75
2005,8,CIN,GB,1,7.0,46.0,26.5
2005,8,CLE,HOU,0,2.0,37.5,17.75
2005,8,DAL,ARI,1,7.0,41.0,24.0
2005,8,DEN,PHI,1,3.0,44.0,23.5
2005,8,DET,CHI,1,3.0,32.5,17.75
2005,8,GB,CIN,0,7.0,46.0,19.5
2005,8,HOU,CLE,1,2.0,37.5,19.75
2005,8,JAX,STL,0,-3.0,43.0,23.0
2005,8,KC,SD,0,5.0,51.0,23.0
2005,8,MIA,NO,0,2.0,41.0,19.5
2005,8,MIN,CAR,0,8.0,44.0,18.0
2005,8,NE,BUF,1,7.0,43.5,25.25
2005,8,NO,MIA,1,2.0,41.0,21.5
2005,8,NYG,WAS,1,3.0,41.0,22.0
2005,8,OAK,TEN,0,-2.0,46.0,24.0
2005,8,PHI,DEN,0,3.0,44.0,20.5
2005,8,PIT,BAL,1,8.5,33.0,20.75
2005,8,SD,KC,1,5.0,51.0,28.0
2005,8,SF,TB,1,-11.5,37.0,12.75
2005,8,STL,JAX,1,-3.0,43.0,20.0
2005,8,TB,SF,0,-11.5,37.0,24.25
2005,8,TEN,OAK,1,-2.0,46.0,22.0
2005,8,WAS,NYG,0,3.0,41.0,19.0
2005,9,ARI,SEA,1,-4.5,44.0,19.75
2005,9,ATL,MIA,0,-2.0,39.5,20.75
2005,9,BAL,CIN,1,-3.5,36.0,16.25
2005,9,CAR,TB,0,0.0,36.5,18.25
2005,9,CHI,NO,0,-2.5,34.5,18.5
2005,9,CIN,BAL,0,-3.5,36.0,19.75
2005,9,CLE,TEN,1,3.0,39.0,21.0
2005,9,DET,MIN,0,-1.5,37.5,19.5
2005,9,GB,PIT,1,-6.5,42.0,17.75
2005,9,HOU,JAX,0,11.0,37.5,13.25
2005,9,IND,NE,0,-3.0,46.5,24.75
2005,9,JAX,HOU,1,11.0,37.5,24.25
2005,9,KC,OAK,1,4.5,51.5,28.0
2005,9,MIA,ATL,1,-2.0,39.5,18.75
2005,9,MIN,DET,1,-1.5,37.5,18.0
2005,9,NE,IND,1,-3.0,46.5,21.75
2005,9,NO,CHI,1,-2.5,34.5,16.0
2005,9,NYG,SF,0,-9.5,42.0,25.75
2005,9,NYJ,SD,1,-5.5,41.5,18.0
2005,9,OAK,KC,0,4.5,51.5,23.5
2005,9,PHI,WAS,0,0.0,41.0,20.5
2005,9,PIT,GB,0,-6.5,42.0,24.25
2005,9,SD,NYJ,0,-5.5,41.5,23.5
2005,9,SEA,ARI,0,-4.5,44.0,24.25
2005,9,SF,NYG,1,-9.5,42.0,16.25
2005,9,TB,CAR,1,0.0,36.5,18.25
2005,9,TEN,CLE,0,3.0,39.0,18.0
2005,9,WAS,PHI,1,0.0,41.0,20.5
2005,10,ARI,DET,0,4.0,40.0,18.0
2005,10,ATL,GB,1,9.5,42.0,25.75
2005,10,BAL,JAX,0,8.0,34.0,13.0
2005,10,BUF,KC,1,2.5,42.5,22.5
2005,10,CAR,NYJ,1,9.5,40.5,25.0
2005,10,CHI,SF,1,12.0,33.0,22.5
2005,10,CLE,PIT,0,7.5,34.5,13.5
2005,10,DAL,PHI,0,3.0,40.0,18.5
2005,10,DEN,OAK,0,-2.5,47.0,24.75
2005,10,DET,ARI,1,4.0,40.0,22.0
2005,10,GB,ATL,0,9.5,42.0,16.25
2005,10,HOU,IND,0,17.0,45.0,14.0
2005,10,IND,HOU,1,17.0,45.0,31.0
2005,10,JAX,BAL,1,8.0,34.0,21.0
2005,10,KC,BUF,0,2.5,42.5,20.0
2005,10,MIA,NE,1,-2.5,40.0,18.75
2005,10,MIN,NYG,0,10.0,45.0,17.5
2005,10,NE,MIA,0,-2.5,40.0,21.25
2005,10,NYG,MIN,1,10.0,45.0,27.5
2005,10,NYJ,CAR,0,9.5,40.5,15.5
2005,10,OAK,DEN,1,-2.5,47.0,22.25
2005,10,PHI,DAL,1,3.0,40.0,21.5
2005,10,PIT,CLE,1,7.5,34.5,21.0
2005,10,SEA,STL,1,7.0,48.5,27.75
2005,10,SF,CHI,0,12.0,33.0,10.5
2005,10,STL,SEA,0,7.0,48.5,20.75
2005,10,TB,WAS,1,-1.0,34.0,16.5
2005,10,WAS,TB,0,-1.0,34.0,17.5
2005,11,ARI,STL,0,9.0,48.0,19.5
2005,11,ATL,TB,1,6.0,38.0,22.0
2005,11,BAL,PIT,1,-4.0,34.5,15.25
2005,11,BUF,SD,0,9.0,42.0,16.5
2005,11,CAR,CHI,0,-3.0,34.5,18.75
2005,11,CHI,CAR,1,-3.0,34.5,15.75
2005,11,CIN,IND,1,-4.5,48.5,22.0
2005,11,CLE,MIA,1,2.5,34.5,18.5
2005,11,DAL,DET,1,8.0,39.0,23.5
2005,11,DEN,NYJ,1,13.0,41.0,27.0
2005,11,DET,DAL,0,8.0,39.0,15.5
2005,11,GB,MIN,1,3.5,45.0,24.25
2005,11,HOU,KC,1,-6.5,44.5,19.0
2005,11,IND,CIN,0,-4.5,48.5,26.5
2005,11,JAX,TEN,0,-4.0,38.0,21.0
2005,11,KC,HOU,0,-6.5,44.5,25.5
2005,11,MIA,CLE,0,2.5,34.5,16.0
2005,11,MIN,GB,0,3.5,45.0,20.75
2005,11,NE,NO,1,10.0,45.0,27.5
2005,11,NO,NE,0,10.0,45.0,17.5
2005,11,NYG,PHI,1,3.5,43.0,23.25
2005,11,NYJ,DEN,0,13.0,41.0,14.0
2005,11,OAK,WAS,0,6.0,42.0,18.0
2005,11,PHI,NYG,0,3.5,43.0,19.75
2005,11,PIT,BAL,0,-4.0,34.5,19.25
2005,11,SD,BUF,1,9.0,42.0,25.5
2005,11,SEA,SF,0,-12.0,42.5,27.25
2005,11,SF,SEA,1,-12.0,42.5,15.25
2005,11,STL,ARI,1,9.0,48.0,28.5
2005,11,TB,ATL,0,6.0,38.0,16.0
2005,11,TEN,JAX,1,-4.0,38.0,17.0
2005,11,WAS,OAK,1,6.0,42.0,24.0
2005,12,ARI,JAX,1,-3.5,41.5,19.0
2005,12,ATL,DET,0,-3.0,40.5,21.75
2005,12,BAL,CIN,0,9.0,36.5,13.75
2005,12,BUF,CAR,1,-4.0,36.5,16.25
2005,12,CAR,BUF,0,-4.0,36.5,20.25
2005,12,CHI,TB,0,3.0,33.0,15.0
2005,12,CIN,BAL,1,9.0,36.5,22.75
2005,12,CLE,MIN,0,3.5,40.0,18.25
2005,12,DAL,DEN,1,1.5,41.0,21.25
2005,12,DEN,DAL,0,1.5,41.0,19.75
2005,12,DET,ATL,1,-3.0,40.5,18.75
2005,12,GB,PHI,0,3.5,41.5,19.0
2005,12,HOU,STL,1,-3.5,44.5,20.5
2005,12,IND,PIT,1,8.0,47.0,27.5
2005,12,JAX,ARI,0,-3.5,41.5,22.5
2005,12,KC,NE,1,3.0,51.0,27.0
2005,12,MIA,OAK,0,7.0,42.5,17.75
2005,12,MIN,CLE,1,3.5,40.0,21.75
2005,12,NE,KC,0,3.0,51.0,24.0
2005,12,NO,NYJ,0,-1.0,37.0,19.0
2005,12,NYG,SEA,0,5.5,47.5,21.0
2005,12,NYJ,NO,1,-1.0,37.0,18.0
2005,12,OAK,MIA,1,7.0,42.5,24.75
2005,12,PHI,GB,1,3.5,41.5,22.5
2005,12,PIT,IND,0,8.0,47.0,19.5
2005,12,SD,WAS,0,-3.0,44.0,23.5
2005,12,SEA,NYG,1,5.5,47.5,26.5
2005,12,SF,TEN,0,7.0,42.5,17.75
2005,12,STL,HOU,0,-3.5,44.5,24.0
2005,12,TB,CHI,1,3.0,33.0,18.0
2005,12,TEN,SF,1,7.0,42.5,24.75
2005,12,WAS,SD,1,-3.0,44.0,20.5
2005,13,ARI,SF,0,-3.0,43.5,23.25
2005,13,ATL,CAR,0,3.0,43.5,20.25
2005,13,BAL,HOU,1,7.0,37.0,22.0
2005,13,BUF,MIA,0,3.0,35.5,16.25
2005,13,CAR,ATL,1,3.0,43.5,23.25
2005,13,CHI,GB,1,7.0,32.0,19.5
2005,13,CIN,PIT,0,4.0,43.0,19.5
2005,13,CLE,JAX,1,-3.0,36.5,16.75
2005,13,DAL,NYG,0,3.0,41.0,19.0
2005,13,DEN,KC,0,0.0,47.0,23.5
2005,13,DET,MIN,1,-3.0,38.0,17.5
2005,13,GB,CHI,0,7.0,32.0,12.5
2005,13,HOU,BAL,0,7.0,37.0,15.0
2005,13,IND,TEN,1,14.0,47.5,30.75
2005,13,JAX,CLE,0,-3.0,36.5,19.75
2005,13,KC,DEN,1,0.0,47.0,23.5
2005,13,MIA,BUF,1,3.0,35.5,19.25
2005,13,MIN,DET,0,-3.0,38.0,20.5
2005,13,NE,NYJ,1,7.5,42.5,25.0
2005,13,NO,TB,1,-3.5,39.0,17.75
2005,13,NYG,DAL,1,3.0,41.0,22.0
2005,13,NYJ,NE,0,7.5,42.5,17.5
2005,13,OAK,SD,0,10.0,50.5,20.25
2005,13,PHI,SEA,1,-3.0,44.0,20.5
2005,13,PIT,CIN,1,4.0,43.0,23.5
2005,13,SD,OAK,1,10.0,50.5,30.25
2005,13,SEA,PHI,0,-3.0,44.0,23.5
2005,13,SF,ARI,1,-3.0,43.5,20.25
2005,13,STL,WAS,1,-3.0,45.0,21.0
2005,13,TB,NO,0,-3.5,39.0,21.25
2005,13,TEN,IND,0,14.0,47.5,16.75
2005,13,WAS,STL,0,-3.0,45.0,24.0
2005,14,ARI,WAS,1,-3.0,41.5,19.25
2005,14,ATL,NO,1,10.0,44.0,27.0
2005,14,BAL,DEN,0,14.0,40.5,13.25
2005,14,BUF,NE,1,-3.5,38.0,17.25
2005,14,CAR,TB,1,5.5,37.0,21.25
2005,14,CHI,PIT,0,4.0,32.0,14.0
2005,14,CIN,CLE,1,12.5,41.5,27.0
2005,14,CLE,CIN,0,12.5,41.5,14.5
2005,14,DAL,KC,1,3.0,44.0,23.5
2005,14,DEN,BAL,1,14.0,40.5,27.25
2005,14,DET,GB,0,5.5,37.0,15.75
2005,14,GB,DET,1,5.5,37.0,21.25
2005,14,HOU,TEN,0,6.5,44.0,18.75
2005,14,IND,JAX,0,-7.5,43.0,25.25
2005,14,JAX,IND,1,-7.5,43.0,17.75
2005,14,KC,DAL,0,3.0,44.0,20.5
2005,14,MIA,SD,0,13.5,45.0,15.75
2005,14,MIN,STL,1,7.0,45.5,26.25
2005,14,NE,BUF,0,-3.5,38.0,20.75
2005,14,NO,ATL,0,10.0,44.0,17.0
2005,14,NYG,PHI,0,-3.0,40.0,21.5
2005,14,NYJ,OAK,1,-3.0,37.5,17.25
2005,14,OAK,NYJ,0,-3.0,37.5,20.25
2005,14,PHI,NYG,1,-3.0,40.0,18.5
2005,14,PIT,CHI,1,4.0,32.0,18.0
2005,14,SD,MIA,1,13.5,45.0,29.25
2005,14,SEA,SF,1,15.5,45.0,30.25
2005,14,SF,SEA,0,15.5,45.0,14.75
2005,14,STL,MIN,0,7.0,45.5,19.25
2005,14,TB,CAR,0,5.5,37.0,15.75
2005,14,TEN,HOU,1,6.5,44.0,25.25
2005,14,WAS,ARI,0,-3.0,41.5,22.25
2005,15,ARI,HOU,0,-1.0,43.5,22.25
2005,15,ATL,CHI,0,3.0,30.5,13.75
2005,15,BAL,GB,1,3.5,33.0,18.25
2005,15,BUF,DEN,1,-8.0,35.0,13.5
2005,15,CAR,NO,0,-7.0,40.5,23.75
2005,15,CHI,ATL,1,3.0,30.5,16.75
2005,15,CIN,DET,0,-7.5,44.0,25.75
2005,15,CLE,OAK,0,3.0,40.5,18.75
2005,15,DAL,WAS,0,3.0,36.0,16.5
2005,15,DEN,BUF,0,-8.0,35.0,21.5
2005,15,DET,CIN,1,-7.5,44.0,18.25
2005,15,GB,BAL,0,3.5,33.0,14.75
2005,15,HOU,ARI,1,-1.0,43.5,21.25
2005,15,IND,SD,1,7.5,51.0,29.25
2005,15,JAX,SF,1,14.5,39.5,27.0
2005,15,KC,NYG,0,3.0,45.5,21.25
2005,15,MIA,NYJ,1,7.5,35.5,21.5
2005,15,MIN,PIT,1,-3.0,41.5,19.25
2005,15,NE,TB,1,4.5,36.0,20.25
2005,15,NO,CAR,1,-7.0,40.5,16.75
2005,15,NYG,KC,1,3.0,45.5,24.25
2005,15,NYJ,MIA,0,7.5,35.5,14.0
2005,15,OAK,CLE,1,3.0,40.5,21.75
2005,15,PHI,STL,0,3.0,44.0,20.5
2005,15,PIT,MIN,0,-3.0,41.5,22.25
2005,15,SD,IND,0,7.5,51.0,21.75
2005,15,SEA,TEN,0,-7.5,45.0,26.25
2005,15,SF,JAX,0,14.5,39.5,12.5
2005,15,STL,PHI,1,3.0,44.0,23.5
2005,15,TB,NE,0,4.5,36.0,15.75
2005,15,TEN,SEA,1,-7.5,45.0,18.75
2005,15,WAS,DAL,1,3.0,36.0,19.5
2005,16,ARI,PHI,1,1.0,39.5,20.25
2005,16,ATL,TB,0,3.0,37.5,17.25
2005,16,BAL,MIN,1,2.5,34.0,18.25
2005,16,BUF,CIN,0,13.0,44.0,15.5
2005,16,CAR,DAL,1,5.5,38.5,22.0
2005,16,CHI,GB,0,-7.0,31.0,19.0
2005,16,CIN,BUF,1,13.0,44.0,28.5
2005,16,CLE,PIT,1,-7.0,33.0,13.0
2005,16,DAL,CAR,0,5.5,38.5,16.5
2005,16,DEN,OAK,1,12.5,42.5,27.5
2005,16,DET,NO,0,3.0,37.5,17.25
2005,16,GB,CHI,1,-7.0,31.0,12.0
2005,16,HOU,JAX,1,-6.0,38.0,16.0
2005,16,IND,SEA,0,7.0,47.0,20.0
2005,16,JAX,HOU,0,-6.0,38.0,22.0
2005,16,KC,SD,1,1.0,49.5,25.25
2005,16,MIA,TEN,1,5.5,43.0,24.25
2005,16,MIN,BAL,0,2.5,34.0,15.75
2005,16,NE,NYJ,0,-4.0,37.5,20.75
2005,16,NO,DET,1,3.0,37.5,20.25
2005,16,NYG,WAS,0,3.0,38.0,17.5
2005,16,NYJ,NE,1,-4.0,37.5,16.75
2005,16,OAK,DEN,0,12.5,42.5,15.0
2005,16,PHI,ARI,0,1.0,39.5,19.25
2005,16,PIT,CLE,0,-7.0,33.0,20.0
2005,16,SD,KC,0,1.0,49.5,24.25
2005,16,SEA,IND,1,7.0,47.0,27.0
2005,16,SF,STL,0,9.0,42.0,16.5
2005,16,STL,SF,1,9.0,42.0,25.5
2005,16,TB,ATL,1,3.0,37.5,20.25
2005,16,TEN,MIA,0,5.5,43.0,18.75
2005,16,WAS,NYG,1,3.0,38.0,20.5
2005,17,ARI,IND,0,6.0,43.5,18.75
2005,17,ATL,CAR,1,-3.5,42.0,19.25
2005,17,BAL,CLE,0,-3.0,37.0,20.0
2005,17,BUF,NYJ,0,1.5,37.5,18.0
2005,17,CAR,ATL,0,-3.5,42.0,22.75
2005,17,CHI,MIN,0,3.0,35.0,16.0
2005,17,CIN,KC,0,7.5,47.0,19.75
2005,17,CLE,BAL,1,-3.0,37.0,17.0
2005,17,DAL,STL,1,12.5,43.0,27.75
2005,17,DEN,SD,0,7.0,44.0,18.5
2005,17,DET,PIT,0,15.5,35.5,10.0
2005,17,GB,SEA,1,3.0,40.5,21.75
2005,17,HOU,SF,0,-1.0,37.5,19.25
2005,17,IND,ARI,1,6.0,43.5,24.75
2005,17,JAX,TEN,1,4.0,38.0,21.0
2005,17,KC,CIN,1,7.5,47.0,27.25
2005,17,MIA,NE,0,3.0,37.0,17.0
2005,17,MIN,CHI,1,3.0,35.0,19.0
2005,17,NE,MIA,1,3.0,37.0,20.0
2005,17,NO,TB,0,13.0,37.5,12.25
2005,17,NYG,OAK,0,-7.5,44.0,25.75
2005,17,NYJ,BUF,1,1.5,37.5,19.5
2005,17,OAK,NYG,1,-7.5,44.0,18.25
2005,17,PHI,WAS,1,-7.0,37.0,15.0
2005,17,PIT,DET,1,15.5,35.5,25.5
2005,17,SD,DEN,1,7.0,44.0,25.5
2005,17,SEA,GB,0,3.0,40.5,18.75
2005,17,SF,HOU,1,-1.0,37.5,18.25
2005,17,STL,DAL,0,12.5,43.0,15.25
2005,17,TB,NO,1,13.0,37.5,25.25
2005,17,TEN,JAX,0,4.0,38.0,17.0
2005,17,WAS,PHI,0,-7.0,37.0,22.0
2005,18,CAR,NYG,0,3.0,43.5,20.25
2005,18,CIN,PIT,1,-3.0,44.0,20.5
2005,18,JAX,NE,0,8.0,37.5,14.75
2005,18,NE,JAX,1,8.0,37.5,22.75
2005,18,NYG,CAR,1,3.0,43.5,23.25
2005,18,PIT,CIN,0,-3.0,44.0,23.5
2005,18,TB,WAS,1,2.5,37.5,20.0
2005,18,WAS,TB,0,2.5,37.5,17.5
2005,19,CAR,CHI,0,3.0,31.0,14.0
2005,19,CHI,CAR,1,3.0,31.0,17.0
2005,19,DEN,NE,1,3.0,44.0,23.5
2005,19,IND,PIT,1,8.5,46.5,27.5
2005,19,NE,DEN,0,3.0,44.0,20.5
2005,19,PIT,IND,0,8.5,46.5,19.0
2005,19,SEA,WAS,1,8.5,41.0,24.75
2005,19,WAS,SEA,0,8.5,41.0,16.25
2005,20,CAR,SEA,0,5.5,43.0,18.75
2005,20,DEN,PIT,1,3.5,41.0,22.25
2005,20,PIT,DEN,0,3.5,41.0,18.75
2005,20,SEA,CAR,1,5.5,43.0,24.25
2005,21,PIT,SEA,1,4.0,47.0,25.5
2005,21,SEA,PIT,0,4.0,47.0,21.5
2006,1,ARI,SF,1,9.5,44.0,26.75
2006,1,ATL,CAR,0,4.5,39.0,17.25
2006,1,BAL,TB,0,3.0,33.0,15.0
2006,1,BUF,NE,0,10.0,41.0,15.5
2006,1,CAR,ATL,1,4.5,39.0,21.75
2006,1,CHI,GB,0,-3.5,35.0,19.25
2006,1,CIN,KC,0,-1.5,49.5,25.5
2006,1,CLE,NO,1,3.0,36.0,19.5
2006,1,DAL,JAX,0,-2.5,36.5,19.5
2006,1,DEN,STL,0,-3.5,46.0,24.75
2006,1,DET,SEA,1,-6.0,44.0,19.0
2006,1,GB,CHI,1,-3.5,35.0,15.75
2006,1,HOU,PHI,1,-6.0,37.0,15.5
2006,1,IND,NYG,0,-3.0,47.5,25.25
2006,1,JAX,DAL,1,-2.5,36.5,17.0
2006,1,KC,CIN,1,-1.5,49.5,24.0
2006,1,MIA,PIT,0,1.5,34.5,16.5
2006,1,MIN,WAS,0,4.0,35.5,15.75
2006,1,NE,BUF,1,10.0,41.0,25.5
2006,1,NO,CLE,0,3.0,36.0,16.5
2006,1,NYG,IND,1,-3.0,47.5,22.25
2006,1,NYJ,TEN,0,2.5,35.0,16.25
2006,1,OAK,SD,1,-3.0,41.5,19.25
2006,1,PHI,HOU,0,-6.0,37.0,21.5
2006,1,PIT,MIA,1,1.5,34.5,18.0
2006,1,SD,OAK,0,-3.0,41.5,22.25
2006,1,SEA,DET,0,-6.0,44.0,25.0
2006,1,SF,ARI,0,9.5,44.0,17.25
2006,1,STL,DEN,1,-3.5,46.0,21.25
2006,1,TB,BAL,1,3.0,33.0,18.0
2006,1,TEN,NYJ,1,2.5,35.0,18.75
2006,1,WAS,MIN,1,4.0,35.5,19.75
2006,2,ARI,SEA,0,7.0,48.0,20.5
2006,2,ATL,TB,1,4.5,36.0,20.25
2006,2,BAL,OAK,1,13.0,34.0,23.5
2006,2,BUF,MIA,0,6.5,37.0,15.25
2006,2,CAR,MIN,0,2.0,37.5,17.75
2006,2,CHI,DET,1,7.0,32.0,19.5
2006,2,CIN,CLE,1,10.5,40.5,25.5
2006,2,CLE,CIN,0,10.5,40.5,15.0
2006,2,DAL,WAS,1,7.0,37.0,22.0
2006,2,DEN,KC,1,11.0,38.0,24.5
2006,2,DET,CHI,0,7.0,32.0,12.5
2006,2,GB,NO,1,-1.0,40.5,19.75
2006,2,HOU,IND,0,12.5,47.0,17.25
2006,2,IND,HOU,1,12.5,47.0,29.75
2006,2,JAX,PIT,1,-2.5,36.5,17.0
2006,2,KC,DEN,0,11.0,38.0,13.5
2006,2,MIA,BUF,1,6.5,37.0,21.75
2006,2,MIN,CAR,1,2.0,37.5,19.75
2006,2,NE,NYJ,0,-6.0,38.5,22.25
2006,2,NO,GB,0,-1.0,40.5,20.75
2006,2,NYG,PHI,0,3.0,42.0,19.5
2006,2,NYJ,NE,1,-6.0,38.5,16.25
2006,2,OAK,BAL,0,13.0,34.0,10.5
2006,2,PHI,NYG,1,3.0,42.0,22.5
2006,2,PIT,JAX,0,-2.5,36.5,19.5
2006,2,SD,TEN,1,12.0,38.5,25.25
2006,2,SEA,ARI,1,7.0,48.0,27.5
2006,2,SF,STL,1,-3.0,44.5,20.75
2006,2,STL,SF,0,-3.0,44.5,23.75
2006,2,TB,ATL,0,4.5,36.0,15.75
2006,2,TEN,SD,0,12.0,38.5,13.25
2006,2,WAS,DAL,0,7.0,37.0,15.0
2006,3,ARI,STL,1,5.5,45.0,25.25
2006,3,ATL,NO,0,-4.0,45.0,24.5
2006,3,BAL,CLE,0,-6.5,33.0,19.75
2006,3,BUF,NYJ,1,6.0,33.0,19.5
2006,3,CAR,TB,0,-3.0,33.5,18.25
2006,3,CHI,MIN,0,-3.5,35.0,19.25
2006,3,CIN,PIT,0,2.0,42.0,20.0
2006,3,CLE,BAL,1,-6.5,33.0,13.25
2006,3,DEN,NE,0,6.5,38.5,16.0
2006,3,DET,GB,1,6.5,41.0,23.75
2006,3,GB,DET,0,6.5,41.0,17.25
2006,3,HOU,WAS,1,-3.5,37.5,17.0
2006,3,IND,JAX,1,6.5,41.5,24.0
2006,3,JAX,IND,0,6.5,41.5,17.5
2006,3,MIA,TEN,1,10.5,36.0,23.25
2006,3,MIN,CHI,1,-3.5,35.0,15.75
2006,3,NE,DEN,1,6.5,38.5,22.5
2006,3,NO,ATL,1,-4.0,45.0,20.5
2006,3,NYG,SEA,0,4.0,43.0,19.5
2006,3,NYJ,BUF,0,6.0,33.0,13.5
2006,3,PHI,SF,0,-6.0,42.5,24.25
2006,3,PIT,CIN,1,2.0,42.0,22.0
2006,3,SEA,NYG,1,4.0,43.0,23.5
2006,3,SF,PHI,1,-6.0,42.5,18.25
2006,3,STL,ARI,0,5.5,45.0,19.75
2006,3,TB,CAR,1,-3.0,33.5,15.25
2006,3,TEN,MIA,0,10.5,36.0,12.75
2006,3,WAS,HOU,0,-3.5,37.5,20.5
2006,4,ARI,ATL,0,7.0,41.0,17.0
2006,4,ATL,ARI,1,7.0,41.0,24.0
2006,4,BAL,SD,1,1.0,33.5,17.25
2006,4,BUF,MIN,1,1.0,34.5,17.75
2006,4,CAR,NO,1,7.0,41.0,24.0
2006,4,CHI,SEA,1,3.5,37.0,20.25
2006,4,CIN,NE,1,5.5,46.0,25.75
2006,4,CLE,OAK,0,-1.0,33.5,17.25
2006,4,DAL,TEN,0,-10.0,37.0,23.5
2006,4,DET,STL,0,5.5,42.0,18.25
2006,4,GB,PHI,0,12.0,49.5,18.75
2006,4,HOU,MIA,1,-3.5,41.0,18.75
2006,4,IND,NYJ,0,-7.5,46.5,27.0
2006,4,JAX,WAS,0,-2.5,33.5,18.0
2006,4,KC,SF,1,7.0,39.0,23.0
2006,4,MIA,HOU,0,-3.5,41.0,22.25
2006,4,MIN,BUF,0,1.0,34.5,16.75
2006,4,NE,CIN,0,5.5,46.0,20.25
2006,4,NO,CAR,0,7.0,41.0,17.0
2006,4,NYJ,IND,1,-7.5,46.5,19.5
2006,4,OAK,CLE,1,-1.0,33.5,16.25
2006,4,PHI,GB,1,12.0,49.5,30.75
2006,4,SD,BAL,0,1.0,33.5,16.25
2006,4,SEA,CHI,0,3.5,37.0,16.75
2006,4,SF,KC,0,7.0,39.0,16.0
2006,4,STL,DET,1,5.5,42.0,23.75
2006,4,TEN,DAL,1,-10.0,37.0,13.5
2006,4,WAS,JAX,1,-2.5,33.5,15.5
2006,5,ARI,KC,1,-3.5,40.0,18.25
2006,5,BAL,DEN,0,5.5,33.0,13.75
2006,5,BUF,CHI,0,9.5,34.5,12.5
2006,5,CAR,CLE,1,7.5,38.0,22.75
2006,5,CHI,BUF,1,9.5,34.5,22.0
2006,5,CLE,CAR,0,7.5,38.0,15.25
2006,5,DAL,PHI,0,-1.0,43.5,22.25
2006,5,DEN,BAL,1,5.5,33.0,19.25
2006,5,DET,MIN,0,4.0,41.0,18.5
2006,5,GB,STL,1,-2.5,46.5,22.0
2006,5,IND,TEN,1,13.5,47.5,30.5
2006,5,JAX,NYJ,1,7.0,38.5,22.75
2006,5,KC,ARI,0,-3.5,40.0,21.75
2006,5,MIA,NE,0,9.5,36.5,13.5
2006,5,MIN,DET,1,4.0,41.0,22.5
2006,5,NE,MIA,1,9.5,36.5,23.0
2006,5,NO,TB,1,7.0,34.5,20.75
2006,5,NYG,WAS,1,6.0,46.0,26.0
2006,5,NYJ,JAX,0,7.0,38.5,15.75
2006,5,OAK,SF,0,3.0,39.0,18.0
2006,5,PHI,DAL,1,-1.0,43.5,21.25
2006,5,PIT,SD,0,3.5,37.0,16.75
2006,5,SD,PIT,1,3.5,37.0,20.25
2006,5,SF,OAK,1,3.0,39.0,21.0
2006,5,STL,GB,0,-2.5,46.5,24.5
2006,5,TB,NO,0,7.0,34.5,13.75
2006,5,TEN,IND,0,13.5,47.5,17.0
2006,5,WAS,NYG,0,6.0,46.0,20.0
2006,6,ARI,CHI,1,-11.5,40.0,14.25
2006,6,ATL,NYG,1,3.0,41.0,22.0
2006,6,BAL,CAR,1,3.0,33.5,18.25
2006,6,BUF,DET,0,-1.0,41.0,21.0
2006,6,CAR,BAL,0,3.0,33.5,15.25
2006,6,CHI,ARI,0,-11.5,40.0,25.75
2006,6,CIN,TB,0,-4.5,44.0,24.25
2006,6,DAL,HOU,1,13.0,43.5,28.25
2006,6,DEN,OAK,1,14.0,36.0,25.0
2006,6,DET,BUF,1,-1.0,41.0,20.0
2006,6,HOU,DAL,0,13.0,43.5,15.25
2006,6,KC,PIT,0,6.5,37.0,15.25
2006,6,MIA,NYJ,0,2.0,36.0,17.0
2006,6,NO,PHI,1,-3.0,47.0,22.0
2006,6,NYG,ATL,0,3.0,41.0,19.0
2006,6,NYJ,MIA,1,2.0,36.0,19.0
2006,6,OAK,DEN,0,14.0,36.0,11.0
2006,6,PHI,NO,0,-3.0,47.0,25.0
2006,6,PIT,KC,1,6.5,37.0,21.75
2006,6,SD,SF,0,-9.5,41.5,25.5
2006,6,SEA,STL,0,-3.0,45.0,24.0
2006,6,SF,SD,1,-9.5,41.5,16.0
2006,6,STL,SEA,1,-3.0,45.0,21.0
2006,6,TB,CIN,1,-4.5,44.0,19.75
2006,6,TEN,WAS,0,11.5,39.0,13.75
2006,6,WAS,TEN,1,11.5,39.0,25.25
2006,7,ARI,OAK,0,-3.0,39.5,21.25
2006,7,ATL,PIT,1,-2.5,39.5,18.5
2006,7,BUF,NE,1,-5.5,35.5,15.0
2006,7,CAR,CIN,0,3.0,44.0,20.5
2006,7,CIN,CAR,1,3.0,44.0,23.5
2006,7,CLE,DEN,1,-4.5,31.0,13.25
2006,7,DAL,NYG,1,3.0,43.5,23.25
2006,7,DEN,CLE,0,-4.5,31.0,17.75
2006,7,DET,NYJ,0,4.0,43.5,19.75
2006,7,GB,MIA,0,6.0,40.0,17.0
2006,7,HOU,JAX,1,-7.5,39.5,16.0
2006,7,IND,WAS,1,8.0,47.0,27.5
2006,7,JAX,HOU,0,-7.5,39.5,23.5
2006,7,KC,SD,1,-6.0,38.0,16.0
2006,7,MIA,GB,1,6.0,40.0,23.0
2006,7,MIN,SEA,0,6.0,40.0,17.0
2006,7,NE,BUF,0,-5.5,35.5,20.5
2006,7,NYG,DAL,0,3.0,43.5,20.25
2006,7,NYJ,DET,1,4.0,43.5,23.75
2006,7,OAK,ARI,1,-3.0,39.5,18.25
2006,7,PHI,TB,0,-6.0,42.0,24.0
2006,7,PIT,ATL,0,-2.5,39.5,21.0
2006,7,SD,KC,0,-6.0,38.0,22.0
2006,7,SEA,MIN,1,6.0,40.0,23.0
2006,7,TB,PHI,1,-6.0,42.0,18.0
2006,7,WAS,IND,0,8.0,47.0,19.5
2006,8,ARI,GB,0,4.0,44.5,20.25
2006,8,ATL,CIN,0,3.5,44.5,20.5
2006,8,BAL,NO,0,1.0,37.0,18.0
2006,8,CAR,DAL,1,4.5,41.0,22.75
2006,8,CHI,SF,1,16.0,41.5,28.75
2006,8,CIN,ATL,1,3.5,44.5,24.0
2006,8,CLE,NYJ,1,1.0,37.0,19.0
2006,8,DAL,CAR,0,4.5,41.0,18.25
2006,8,DEN,IND,1,3.0,40.0,21.5
2006,8,GB,ARI,1,4.0,44.5,24.25
2006,8,HOU,TEN,0,3.0,41.0,19.0
2006,8,IND,DEN,0,3.0,40.0,18.5
2006,8,JAX,PHI,0,9.0,39.0,15.0
2006,8,KC,SEA,1,4.0,36.5,20.25
2006,8,MIN,NE,1,-1.0,39.5,19.25
2006,8,NE,MIN,0,-1.0,39.5,20.25
2006,8,NO,BAL,1,1.0,37.0,19.0
2006,8,NYG,TB,1,9.5,38.5,24.0
2006,8,NYJ,CLE,0,1.0,37.0,18.0
2006,8,OAK,PIT,1,-9.0,39.0,15.0
2006,8,PHI,JAX,1,9.0,39.0,24.0
2006,8,PIT,OAK,0,-9.0,39.0,24.0
2006,8,SD,STL,1,9.5,45.0,27.25
2006,8,SEA,KC,0,4.0,36.5,16.25
2006,8,SF,CHI,0,16.0,41.5,12.75
2006,8,STL,SD,0,9.5,45.0,17.75
2006,8,TB,NYG,0,9.5,38.5,14.5
2006,8,TEN,HOU,1,3.0,41.0,22.0
2006,9,ATL,DET,0,-5.0,47.5,26.25
2006,9,BAL,CIN,1,3.0,41.5,22.25
2006,9,BUF,GB,1,3.5,41.0,22.25
2006,9,CHI,MIA,1,13.0,37.0,25.0
2006,9,CIN,BAL,0,3.0,41.5,19.25
2006,9,CLE,SD,0,13.0,41.0,14.0
2006,9,DAL,WAS,0,-3.0,41.0,22.0
2006,9,DEN,PIT,0,3.0,36.5,16.75
2006,9,DET,ATL,1,-5.0,47.5,21.25
2006,9,GB,BUF,0,3.5,41.0,18.75
2006,9,HOU,NYG,0,13.0,43.0,15.0
2006,9,IND,NE,0,3.0,48.0,22.5
2006,9,JAX,TEN,1,9.5,37.5,23.5
2006,9,KC,STL,0,2.5,48.0,22.75
2006,9,MIA,CHI,0,13.0,37.0,12.0
2006,9,MIN,SF,0,-4.0,42.5,23.25
2006,9,NE,IND,1,3.0,48.0,25.5
2006,9,NO,TB,0,1.0,37.5,18.25
2006,9,NYG,HOU,1,13.0,43.0,28.0
2006,9,OAK,SEA,0,7.0,34.0,13.5
2006,9,PIT,DEN,1,3.0,36.5,19.75
2006,9,SD,CLE,1,13.0,41.0,27.0
2006,9,SEA,OAK,1,7.0,34.0,20.5
2006,9,SF,MIN,1,-4.0,42.5,19.25
2006,9,STL,KC,1,2.5,48.0,25.25
2006,9,TB,NO,1,1.0,37.5,19.25
2006,9,TEN,JAX,0,9.5,37.5,14.0
2006,9,WAS,DAL,1,-3.0,41.0,19.0
2006,10,ARI,DAL,1,-6.5,43.0,18.25
2006,10,ATL,CLE,1,9.0,42.0,25.5
2006,10,BAL,TEN,0,-7.0,38.5,22.75
2006,10,BUF,IND,0,12.0,44.5,16.25
2006,10,CAR,TB,1,10.0,37.0,23.5
2006,10,CHI,NYG,0,1.0,37.0,18.0
2006,10,CIN,SD,1,-1.0,48.0,23.5
2006,10,CLE,ATL,0,9.0,42.0,16.5
2006,10,DAL,ARI,0,-6.5,43.0,24.75
2006,10,DEN,OAK,0,-9.0,33.5,21.25
2006,10,DET,SF,1,6.5,46.0,26.25
2006,10,GB,MIN,0,5.0,40.0,17.5
2006,10,HOU,JAX,0,10.0,37.0,13.5
2006,10,IND,BUF,1,12.0,44.5,28.25
2006,10,JAX,HOU,1,10.0,37.0,23.5
2006,10,KC,MIA,0,1.0,40.0,19.5
2006,10,MIA,KC,1,1.0,40.0,20.5
2006,10,MIN,GB,1,5.0,40.0,22.5
2006,10,NE,NYJ,1,10.5,38.0,24.25
2006,10,NO,PIT,0,6.5,45.5,19.5
2006,10,NYG,CHI,1,1.0,37.0,19.0
2006,10,NYJ,NE,0,10.5,38.0,13.75
2006,10,OAK,DEN,1,-9.0,33.5,12.25
2006,10,PHI,WAS,1,9.0,41.5,25.25
2006,10,PIT,NO,1,6.5,45.5,26.0
2006,10,SD,CIN,0,-1.0,48.0,24.5
2006,10,SEA,STL,1,3.0,43.0,23.0
2006,10,SF,DET,0,6.5,46.0,19.75
2006,10,STL,SEA,0,3.0,43.0,20.0
2006,10,TB,CAR,0,10.0,37.0,13.5
2006,10,TEN,BAL,1,-7.0,38.5,15.75
2006,10,WAS,PHI,0,9.0,41.5,16.25
2006,11,ARI,DET,1,2.5,45.5,24.0
2006,11,ATL,BAL,0,3.5,41.0,18.75
2006,11,BAL,ATL,1,3.5,41.0,22.25
2006,11,BUF,HOU,0,3.0,36.5,16.75
2006,11,CAR,STL,1,6.5,44.0,25.25
2006,11,CHI,NYJ,0,-5.5,39.0,22.25
2006,11,CIN,NO,0,3.5,51.5,24.0
2006,11,CLE,PIT,1,-4.0,36.0,16.0
2006,11,DAL,IND,1,-1.0,49.0,24.0
2006,11,DEN,SD,1,2.5,43.0,22.75
2006,11,DET,ARI,0,2.5,45.5,21.5
2006,11,GB,NE,1,-5.5,45.5,20.0
2006,11,HOU,BUF,1,3.0,36.5,19.75
2006,11,IND,DAL,0,-1.0,49.0,25.0
2006,11,JAX,NYG,1,4.0,38.0,21.0
2006,11,KC,OAK,1,9.0,36.0,22.5
2006,11,MIA,MIN,1,3.0,34.0,18.5
2006,11,MIN,MIA,0,3.0,34.0,15.5
2006,11,NE,GB,0,-5.5,45.5,25.5
2006,11,NO,CIN,1,3.5,51.5,27.5
2006,11,NYG,JAX,0,4.0,38.0,17.0
2006,11,NYJ,CHI,1,-5.5,39.0,16.75
2006,11,OAK,KC,0,9.0,36.0,13.5
2006,11,PHI,TEN,1,13.0,44.0,28.5
2006,11,PIT,CLE,0,-4.0,36.0,20.0
2006,11,SD,DEN,0,2.5,43.0,20.25
2006,11,SEA,SF,0,-3.0,43.0,23.0
2006,11,SF,SEA,1,-3.0,43.0,20.0
2006,11,STL,CAR,0,6.5,44.0,18.75
2006,11,TB,WAS,1,3.0,33.5,18.25
2006,11,TEN,PHI,0,13.0,44.0,15.5
2006,11,WAS,TB,0,3.0,33.5,15.25
2006,12,ARI,MIN,0,7.0,39.0,16.0
2006,12,ATL,NO,1,3.0,48.0,25.5
2006,12,BAL,PIT,1,3.0,40.5,21.75
2006,12,BUF,JAX,1,-3.0,35.0,16.0
2006,12,CAR,WAS,0,-5.5,36.5,21.0
2006,12,CHI,NE,0,4.5,38.0,16.75
2006,12,CIN,CLE,0,-3.0,44.0,23.5
2006,12,CLE,CIN,1,-3.0,44.0,20.5
2006,12,DAL,TB,1,12.5,39.0,25.75
2006,12,DEN,KC,0,1.0,39.0,19.0
2006,12,DET,MIA,1,-3.0,40.5,18.75
2006,12,GB,SEA,0,10.0,42.0,16.0
2006,12,HOU,NYJ,0,4.5,40.5,18.0
2006,12,IND,PHI,1,10.0,44.0,27.0
2006,12,JAX,BUF,0,-3.0,35.0,19.0
2006,12,KC,DEN,1,1.0,39.0,20.0
2006,12,MIA,DET,0,-3.0,40.5,21.75
2006,12,MIN,ARI,1,7.0,39.0,23.0
2006,12,NE,CHI,1,4.5,38.0,21.25
2006,12,NO,ATL,0,3.0,48.0,22.5
2006,12,NYG,TEN,0,-4.0,45.0,24.5
2006,12,NYJ,HOU,1,4.5,40.5,22.5
2006,12,OAK,SD,0,13.5,43.0,14.75
2006,12,PHI,IND,0,10.0,44.0,17.0
2006,12,PIT,BAL,0,3.0,40.5,18.75
2006,12,SD,OAK,1,13.5,43.0,28.25
2006,12,SEA,GB,1,10.0,42.0,26.0
2006,12,SF,STL,0,4.5,44.5,20.0
2006,12,STL,SF,1,4.5,44.5,24.5
2006,12,TB,DAL,0,12.5,39.0,13.25
2006,12,TEN,NYG,1,-4.0,45.0,20.5
2006,12,WAS,CAR,1,-5.5,36.5,15.5
2006,13,ARI,STL,0,6.0,45.5,19.75
2006,13,ATL,WAS,0,-1.0,39.0,20.0
2006,13,BAL,CIN,0,3.0,42.0,19.5
2006,13,BUF,SD,1,-5.5,40.0,17.25
2006,13,CAR,PHI,0,-3.0,37.5,20.25
2006,13,CHI,MIN,1,9.0,34.0,21.5
2006,13,CIN,BAL,1,3.0,42.0,22.5
2006,13,CLE,KC,1,-4.0,36.0,16.0
2006,13,DAL,NYG,0,-3.0,43.0,23.0
2006,13,DEN,SEA,1,4.5,41.0,22.75
2006,13,DET,NE,0,13.0,41.0,14.0
2006,13,GB,NYJ,1,1.0,39.0,20.0
2006,13,HOU,OAK,0,3.0,35.0,16.0
2006,13,IND,TEN,0,-7.5,47.0,27.25
2006,13,JAX,MIA,0,1.0,35.5,17.25
2006,13,KC,CLE,0,-4.0,36.0,20.0
2006,13,MIA,JAX,1,1.0,35.5,18.25
2006,13,MIN,CHI,0,9.0,34.0,12.5
2006,13,NE,DET,1,13.0,41.0,27.0
2006,13,NO,SF,1,7.0,45.0,26.0
2006,13,NYG,DAL,1,-3.0,43.0,20.0
2006,13,NYJ,GB,0,1.0,39.0,19.0
2006,13,OAK,HOU,1,3.0,35.0,19.0
2006,13,PHI,CAR,1,-3.0,37.5,17.25
2006,13,PIT,TB,1,9.0,39.5,24.25
2006,13,SD,BUF,0,-5.5,40.0,22.75
2006,13,SEA,DEN,0,4.5,41.0,18.25
2006,13,SF,NO,0,7.0,45.0,19.0
2006,13,STL,ARI,1,6.0,45.5,25.75
2006,13,TB,PIT,0,9.0,39.5,15.25
2006,13,TEN,IND,1,-7.5,47.0,19.75
2006,13,WAS,ATL,1,-1.0,39.0,19.0
2006,14,ARI,SEA,1,-3.0,44.5,20.75
2006,14,ATL,TB,0,-4.0,37.5,20.75
2006,14,BAL,KC,0,3.0,37.0,17.0
2006,14,BUF,NYJ,0,4.5,38.0,16.75
2006,14,CAR,NYG,1,-3.0,38.5,17.75
2006,14,CHI,STL,0,-6.0,41.5,23.75
2006,14,CIN,OAK,1,10.5,40.0,25.25
2006,14,CLE,PIT,0,7.0,34.0,13.5
2006,14,DAL,NO,1,7.5,47.0,27.25
2006,14,DEN,SD,0,9.0,41.0,16.0
2006,14,DET,MIN,1,1.0,40.5,20.75
2006,14,GB,SF,0,4.0,44.0,20.0
2006,14,HOU,TEN,1,1.0,42.0,21.5
2006,14,IND,JAX,0,-1.0,44.0,22.5
2006,14,JAX,IND,1,-1.0,44.0,21.5
2006,14,KC,BAL,1,3.0,37.0,20.0
2006,14,MIA,NE,1,-3.0,37.0,17.0
2006,14,MIN,DET,0,1.0,40.5,19.75
2006,14,NE,MIA,0,-3.0,37.0,20.0
2006,14,NO,DAL,0,7.5,47.0,19.75
2006,14,NYG,CAR,0,-3.0,38.5,20.75
2006,14,NYJ,BUF,1,4.5,38.0,21.25
2006,14,OAK,CIN,0,10.5,40.0,14.75
2006,14,PHI,WAS,0,-2.0,40.0,21.0
2006,14,PIT,CLE,1,7.0,34.0,20.5
2006,14,SD,DEN,1,9.0,41.0,25.0
2006,14,SEA,ARI,0,-3.0,44.5,23.75
2006,14,SF,GB,1,4.0,44.0,24.0
2006,14,STL,CHI,1,-6.0,41.5,17.75
2006,14,TB,ATL,1,-4.0,37.5,16.75
2006,14,TEN,HOU,0,1.0,42.0,20.5
2006,14,WAS,PHI,1,-2.0,40.0,19.0
2006,15,ARI,DEN,1,-2.5,44.0,20.75
2006,15,ATL,DAL,1,-4.0,45.0,20.5
2006,15,BAL,CLE,1,13.0,35.5,24.25
2006,15,BUF,MIA,1,1.0,34.0,17.5
2006,15,CAR,PIT,1,-3.0,39.0,18.0
2006,15,CHI,TB,1,13.0,35.0,24.0
2006,15,CIN,IND,0,3.5,55.0,25.75
2006,15,CLE,BAL,0,13.0,35.5,11.25
2006,15,DAL,ATL,0,-4.0,45.0,24.5
2006,15,DEN,ARI,0,-2.5,44.0,23.25
2006,15,DET,GB,0,6.0,45.0,19.5
2006,15,GB,DET,1,6.0,45.0,25.5
2006,15,HOU,NE,0,13.0,37.5,12.25
2006,15,IND,CIN,1,3.5,55.0,29.25
2006,15,JAX,TEN,0,-3.5,40.5,22.0
2006,15,KC,SD,0,9.5,46.5,18.5
2006,15,MIA,BUF,0,1.0,34.0,16.5
2006,15,MIN,NYJ,1,3.5,41.0,22.25
2006,15,NE,HOU,1,13.0,37.5,25.25
2006,15,NO,WAS,1,10.0,47.0,28.5
2006,15,NYG,PHI,1,5.5,45.5,25.5
2006,15,NYJ,MIN,0,3.5,41.0,18.75
2006,15,OAK,STL,1,3.0,40.0,21.5
2006,15,PHI,NYG,0,5.5,45.5,20.0
2006,15,PIT,CAR,0,-3.0,39.0,21.0
2006,15,SD,KC,1,9.5,46.5,28.0
2006,15,SEA,SF,1,10.0,38.0,24.0
2006,15,SF,SEA,0,10.0,38.0,14.0
2006,15,STL,OAK,0,3.0,40.0,18.5
2006,15,TB,CHI,0,13.0,35.0,11.0
2006,15,TEN,JAX,1,-3.5,40.5,18.5
2006,15,WAS,NO,0,10.0,47.0,18.5
2006,16,ARI,SF,0,3.5,45.0,20.75
2006,16,ATL,CAR,1,6.0,40.5,23.25
2006,16,BAL,PIT,0,4.0,37.0,16.5
2006,16,BUF,TEN,1,5.5,37.5,21.5
2006,16,CAR,ATL,0,6.0,40.5,17.25
2006,16,CHI,DET,0,-6.0,41.5,23.75
2006,16,CIN,DEN,0,3.0,44.5,20.75
2006,16,CLE,TB,1,3.5,37.5,20.5
2006,16,DAL,PHI,1,6.5,47.5,27.0
2006,16,DEN,CIN,1,3.0,44.5,23.75
2006,16,DET,CHI,1,-6.0,41.5,17.75
2006,16,GB,MIN,1,4.0,38.0,21.0
2006,16,HOU,IND,1,-9.0,47.0,19.0
2006,16,IND,HOU,0,-9.0,47.0,28.0
2006,16,JAX,NE,1,3.0,36.5,19.75
2006,16,KC,OAK,0,-7.0,36.5,21.75
2006,16,MIA,NYJ,1,2.5,36.0,19.25
2006,16,MIN,GB,0,4.0,38.0,17.0
2006,16,NE,JAX,0,3.0,36.5,16.75
2006,16,NO,NYG,0,3.0,47.0,22.0
2006,16,NYG,NO,1,3.0,47.0,25.0
2006,16,NYJ,MIA,0,2.5,36.0,16.75
2006,16,OAK,KC,1,-7.0,36.5,14.75
2006,16,PHI,DAL,0,6.5,47.5,20.5
2006,16,PIT,BAL,1,4.0,37.0,20.5
2006,16,SD,SEA,0,-4.0,45.0,24.5
2006,16,SEA,SD,1,-4.0,45.0,20.5
2006,16,SF,ARI,1,3.5,45.0,24.25
2006,16,STL,WAS,1,1.0,43.0,22.0
2006,16,TB,CLE,0,3.5,37.5,17.0
2006,16,TEN,BUF,0,5.5,37.5,16.0
2006,16,WAS,STL,0,1.0,43.0,21.0
2006,17,ARI,SD,0,13.5,44.5,15.5
2006,17,ATL,PHI,0,7.0,43.0,18.0
2006,17,BAL,BUF,1,9.5,37.0,23.25
2006,17,BUF,BAL,0,9.5,37.0,13.75
2006,17,CAR,NO,0,-3.0,38.0,20.5
2006,17,CHI,GB,1,2.5,37.0,19.75
2006,17,CIN,PIT,1,6.0,45.0,25.5
2006,17,CLE,HOU,0,6.0,38.0,16.0
2006,17,DAL,DET,1,13.5,45.5,29.5
2006,17,DEN,SF,1,10.5,39.0,24.75
2006,17,DET,DAL,0,13.5,45.5,16.0
2006,17,GB,CHI,0,2.5,37.0,17.25
2006,17,HOU,CLE,1,6.0,38.0,22.0
2006,17,IND,MIA,1,9.5,44.0,26.75
2006,17,JAX,KC,0,1.0,36.5,17.75
2006,17,KC,JAX,1,1.0,36.5,18.75
2006,17,MIA,IND,0,9.5,44.0,17.25
2006,17,MIN,STL,1,-1.0,43.0,21.0
2006,17,NE,TEN,0,3.5,41.0,18.75
2006,17,NO,CAR,1,-3.0,38.0,17.5
2006,17,NYG,WAS,0,-1.0,43.0,22.0
2006,17,NYJ,OAK,1,10.0,34.0,22.0
2006,17,OAK,NYJ,0,10.0,34.0,12.0
2006,17,PHI,ATL,1,7.0,43.0,25.0
2006,17,PIT,CIN,0,6.0,45.0,19.5
2006,17,SD,ARI,1,13.5,44.5,29.0
2006,17,SEA,TB,0,3.0,37.0,17.0
2006,17,SF,DEN,0,10.5,39.0,14.25
2006,17,STL,MIN,0,-1.0,43.0,22.0
2006,17,TB,SEA,1,3.0,37.0,20.0
2006,17,TEN,NE,1,3.5,41.0,22.25
2006,17,WAS,NYG,1,-1.0,43.0,21.0
2006,18,DAL,SEA,0,1.0,48.0,23.5
2006,18,IND,KC,1,7.0,50.5,28.75
2006,18,KC,IND,0,7.0,50.5,21.75
2006,18,NE,NYJ,1,9.5,38.5,24.0
2006,18,NYG,PHI,0,6.5,45.5,19.5
2006,18,NYJ,NE,0,9.5,38.5,14.5
2006,18,PHI,NYG,1,6.5,45.5,26.0
2006,18,SEA,DAL,1,1.0,48.0,24.5
2006,19,BAL,IND,1,4.0,41.0,22.5
2006,19,CHI,SEA,1,3.5,37.5,20.5
2006,19,IND,BAL,0,4.0,41.0,18.5
2006,19,NE,SD,0,5.0,45.5,20.25
2006,19,NO,PHI,1,5.5,48.5,27.0
2006,19,PHI,NO,0,5.5,48.5,21.5
2006,19,SD,NE,1,5.0,45.5,25.25
2006,19,SEA,CHI,0,3.5,37.5,17.0
2006,20,CHI,NO,1,2.5,42.5,22.5
2006,20,IND,NE,1,3.5,47.0,25.25
2006,20,NE,IND,0,3.5,47.0,21.75
2006,20,NO,CHI,0,2.5,42.5,20.0
2006,21,CHI,IND,1,-6.5,47.0,20.25
2006,21,IND,CHI,0,-6.5,47.0,26.75
2007,1,ARI,SF,0,3.5,47.0,21.75
2007,1,ATL,MIN,0,3.0,34.5,15.75
2007,1,BAL,CIN,0,2.5,39.5,18.5
2007,1,BUF,DEN,1,-3.0,38.0,17.5
2007,1,CAR,STL,0,1.5,43.0,20.75
2007,1,CHI,SD,0,7.0,43.0,18.0
2007,1,CIN,BAL,1,2.5,39.5,21.0
2007,1,CLE,PIT,1,-4.5,36.5,16.0
2007,1,DAL,NYG,1,6.0,44.0,25.0
2007,1,DEN,BUF,0,-3.0,38.0,20.5
2007,1,DET,OAK,0,3.0,39.5,18.25
2007,1,GB,PHI,1,-3.0,41.5,19.25
2007,1,HOU,KC,1,3.0,37.5,20.25
2007,1,IND,NO,1,5.5,52.5,29.0
2007,1,JAX,TEN,1,7.5,39.5,23.5
2007,1,KC,HOU,0,3.0,37.5,17.25
2007,1,MIA,WAS,0,3.0,34.0,15.5
2007,1,MIN,ATL,1,3.0,34.5,18.75
2007,1,NE,NYJ,0,-6.0,41.5,23.75
2007,1,NO,IND,0,5.5,52.5,23.5
2007,1,NYG,DAL,0,6.0,44.0,19.0
2007,1,NYJ,NE,1,-6.0,41.5,17.75
2007,1,OAK,DET,1,3.0,39.5,21.25
2007,1,PHI,GB,0,-3.0,41.5,22.25
2007,1,PIT,CLE,0,-4.5,36.5,20.5
2007,1,SD,CHI,1,7.0,43.0,25.0
2007,1,SEA,TB,1,6.0,40.5,23.25
2007,1,SF,ARI,1,3.5,47.0,25.25
2007,1,STL,CAR,1,1.5,43.0,22.25
2007,1,TB,SEA,0,6.0,40.5,17.25
2007,1,TEN,JAX,0,7.5,39.5,16.0
2007,1,WAS,MIA,1,3.0,34.0,18.5
2007,2,ARI,SEA,1,-3.0,42.5,19.75
2007,2,ATL,JAX,0,10.0,34.5,12.25
2007,2,BAL,NYJ,1,9.5,33.0,21.25
2007,2,BUF,PIT,0,10.0,39.5,14.75
2007,2,CAR,HOU,1,6.5,38.0,22.25
2007,2,CHI,KC,1,11.5,35.0,23.25
2007,2,CIN,CLE,0,-7.0,41.5,24.25
2007,2,CLE,CIN,1,-7.0,41.5,17.25
2007,2,DAL,MIA,0,-3.5,39.5,21.5
2007,2,DEN,OAK,1,10.0,37.0,23.5
2007,2,DET,MIN,1,3.0,42.5,22.75
2007,2,GB,NYG,0,3.0,40.0,18.5
2007,2,HOU,CAR,0,6.5,38.0,15.75
2007,2,IND,TEN,0,-7.0,45.0,26.0
2007,2,JAX,ATL,1,10.0,34.5,22.25
2007,2,KC,CHI,0,11.5,35.0,11.75
2007,2,MIA,DAL,1,-3.5,39.5,18.0
2007,2,MIN,DET,0,3.0,42.5,19.75
2007,2,NE,SD,1,3.5,46.0,24.75
2007,2,NO,TB,0,-5.0,41.5,23.25
2007,2,NYG,GB,1,3.0,40.0,21.5
2007,2,NYJ,BAL,0,9.5,33.0,11.75
2007,2,OAK,DEN,0,10.0,37.0,13.5
2007,2,PHI,WAS,1,6.5,39.0,22.75
2007,2,PIT,BUF,1,10.0,39.5,24.75
2007,2,SD,NE,0,3.5,46.0,21.25
2007,2,SEA,ARI,0,-3.0,42.5,22.75
2007,2,SF,STL,0,3.0,44.0,20.5
2007,2,STL,SF,1,3.0,44.0,23.5
2007,2,TB,NO,1,-5.0,41.5,18.25
2007,2,TEN,IND,1,-7.0,45.0,19.0
2007,2,WAS,PHI,0,6.5,39.0,16.25
2007,3,ARI,BAL,0,7.0,35.5,14.25
2007,3,ATL,CAR,1,-4.0,38.0,17.0
2007,3,BAL,ARI,1,7.0,35.5,21.25
2007,3,BUF,NE,0,16.5,41.0,12.25
2007,3,CAR,ATL,0,-4.0,38.0,21.0
2007,3,CHI,DAL,1,3.0,41.0,22.0
2007,3,CIN,SEA,0,3.5,49.5,23.0
2007,3,CLE,OAK,0,3.0,41.5,19.25
2007,3,DAL,CHI,0,3.0,41.0,19.0
2007,3,DEN,JAX,1,3.5,36.0,19.75
2007,3,DET,PHI,0,5.0,44.5,19.75
2007,3,GB,SD,1,-5.5,42.5,18.5
2007,3,HOU,IND,1,-6.5,46.0,19.75
2007,3,IND,HOU,0,-6.5,46.0,26.25
2007,3,JAX,DEN,0,3.5,36.0,16.25
2007,3,KC,MIN,1,3.0,34.0,18.5
2007,3,MIA,NYJ,0,3.0,36.5,16.75
2007,3,MIN,KC,0,3.0,34.0,15.5
2007,3,NE,BUF,1,16.5,41.0,28.75
2007,3,NO,TEN,1,4.5,46.0,25.25
2007,3,NYG,WAS,0,3.5,41.5,19.0
2007,3,NYJ,MIA,1,3.0,36.5,19.75
2007,3,OAK,CLE,1,3.0,41.5,22.25
2007,3,PHI,DET,1,5.0,44.5,24.75
2007,3,PIT,SF,1,10.0,37.5,23.75
2007,3,SD,GB,0,-5.5,42.5,24.0
2007,3,SEA,CIN,1,3.5,49.5,26.5
2007,3,SF,PIT,0,10.0,37.5,13.75
2007,3,STL,TB,0,3.5,38.5,17.5
2007,3,TB,STL,1,3.5,38.5,21.0
2007,3,TEN,NO,0,4.5,46.0,20.75
2007,3,WAS,NYG,1,3.5,41.5,22.5
2007,4,ARI,PIT,1,-5.5,42.5,18.5
2007,4,ATL,HOU,1,-2.5,39.0,18.25
2007,4,BAL,CLE,0,-3.5,40.0,21.75
2007,4,BUF,NYJ,1,-3.5,37.5,17.0
2007,4,CAR,TB,1,3.0,39.0,21.0
2007,4,CHI,DET,0,-2.5,46.0,24.25
2007,4,CIN,NE,1,-7.5,54.0,23.25
2007,4,CLE,BAL,1,-3.5,40.0,18.25
2007,4,DAL,STL,1,13.0,47.0,30.0
2007,4,DEN,IND,0,10.0,46.0,18.0
2007,4,DET,CHI,1,-2.5,46.0,21.75
2007,4,GB,MIN,0,-1.0,38.0,19.5
2007,4,HOU,ATL,0,-2.5,39.0,20.75
2007,4,IND,DEN,1,10.0,46.0,28.0
2007,4,KC,SD,0,12.0,38.5,13.25
2007,4,MIA,OAK,1,3.5,40.0,21.75
2007,4,MIN,GB,1,-1.0,38.0,18.5
2007,4,NE,CIN,0,-7.5,54.0,30.75
2007,4,NYG,PHI,1,-2.0,47.5,22.75
2007,4,NYJ,BUF,0,-3.5,37.5,20.5
2007,4,OAK,MIA,0,3.5,40.0,18.25
2007,4,PHI,NYG,0,-2.0,47.5,24.75
2007,4,PIT,ARI,0,-5.5,42.5,24.0
2007,4,SD,KC,1,12.0,38.5,25.25
2007,4,SEA,SF,0,-1.0,40.5,20.75
2007,4,SF,SEA,1,-1.0,40.5,19.75
2007,4,STL,DAL,0,13.0,47.0,17.0
2007,4,TB,CAR,0,3.0,39.0,18.0
2007,5,ARI,STL,0,-3.5,40.0,21.75
2007,5,ATL,TEN,0,9.0,41.0,16.0
2007,5,BAL,SF,0,-4.0,35.0,19.5
2007,5,BUF,DAL,1,-10.5,45.0,17.25
2007,5,CAR,NO,0,3.5,43.0,19.75
2007,5,CHI,GB,0,3.0,40.5,18.75
2007,5,CLE,NE,0,15.5,48.0,16.25
2007,5,DAL,BUF,0,-10.5,45.0,27.75
2007,5,DEN,SD,1,-1.0,43.0,21.0
2007,5,DET,WAS,0,4.0,44.5,20.25
2007,5,GB,CHI,1,3.0,40.5,21.75
2007,5,HOU,MIA,1,4.5,43.5,24.0
2007,5,IND,TB,1,9.0,44.5,26.75
2007,5,JAX,KC,0,-1.0,36.0,18.5
2007,5,KC,JAX,1,-1.0,36.0,17.5
2007,5,MIA,HOU,0,4.5,43.5,19.5
2007,5,NE,CLE,1,15.5,48.0,31.75
2007,5,NO,CAR,1,3.5,43.0,23.25
2007,5,NYG,NYJ,1,3.5,41.0,22.25
2007,5,NYJ,NYG,0,3.5,41.0,18.75
2007,5,PIT,SEA,1,5.5,41.0,23.25
2007,5,SD,DEN,0,-1.0,43.0,22.0
2007,5,SEA,PIT,0,5.5,41.0,17.75
2007,5,SF,BAL,1,-4.0,35.0,15.5
2007,5,STL,ARI,1,-3.5,40.0,18.25
2007,5,TB,IND,0,9.0,44.5,17.75
2007,5,TEN,ATL,1,9.0,41.0,25.0
2007,5,WAS,DET,1,4.0,44.5,24.25
2007,6,ARI,CAR,1,6.0,38.5,22.25
2007,6,ATL,NYG,1,-4.5,43.5,19.5
2007,6,BAL,STL,1,9.0,36.5,22.75
2007,6,CAR,ARI,0,6.0,38.5,16.25
2007,6,CHI,MIN,1,4.5,35.5,20.0
2007,6,CIN,KC,0,-1.0,43.5,22.25
2007,6,CLE,MIA,1,4.0,45.5,24.75
2007,6,DAL,NE,1,-5.0,52.0,23.5
2007,6,GB,WAS,1,3.0,40.5,21.75
2007,6,HOU,JAX,0,6.5,37.0,15.25
2007,6,JAX,HOU,1,6.5,37.0,21.75
2007,6,KC,CIN,1,-1.0,43.5,21.25
2007,6,MIA,CLE,0,4.0,45.5,20.75
2007,6,MIN,CHI,0,4.5,35.5,15.5
2007,6,NE,DAL,0,-5.0,52.0,28.5
2007,6,NO,SEA,0,5.5,42.5,18.5
2007,6,NYG,ATL,0,-4.5,43.5,24.0
2007,6,NYJ,PHI,1,-4.0,43.0,19.5
2007,6,OAK,SD,0,9.5,44.0,17.25
2007,6,PHI,NYJ,0,-4.0,43.0,23.5
2007,6,SD,OAK,1,9.5,44.0,26.75
2007,6,SEA,NO,1,5.5,42.5,24.0
2007,6,STL,BAL,0,9.0,36.5,13.75
2007,6,TB,TEN,1,1.0,37.0,19.0
2007,6,TEN,TB,0,1.0,37.0,18.0
2007,6,WAS,GB,0,3.0,40.5,18.75
2007,7,ARI,WAS,0,9.0,35.0,13.0
2007,7,ATL,NO,0,9.0,42.5,16.75
2007,7,BAL,BUF,0,-3.0,33.5,18.25
2007,7,BUF,BAL,1,-3.0,33.5,15.25
2007,7,CHI,PHI,0,5.5,42.5,18.5
2007,7,CIN,NYJ,1,6.0,48.0,27.0
2007,7,DAL,MIN,1,9.5,45.5,27.5
2007,7,DEN,PIT,1,-4.0,38.0,17.0
2007,7,DET,TB,1,2.5,44.5,23.5
2007,7,HOU,TEN,1,2.0,37.5,19.75
2007,7,IND,JAX,0,-3.0,45.0,24.0
2007,7,JAX,IND,1,-3.0,45.0,21.0
2007,7,KC,OAK,0,1.0,37.5,18.25
2007,7,MIA,NE,1,-15.5,49.5,17.0
2007,7,MIN,DAL,0,9.5,45.5,18.0
2007,7,NE,MIA,0,-15.5,49.5,32.5
2007,7,NO,ATL,1,9.0,42.5,25.75
2007,7,NYG,SF,1,9.5,39.0,24.25
2007,7,NYJ,CIN,0,6.0,48.0,21.0
2007,7,OAK,KC,1,1.0,37.5,19.25
2007,7,PHI,CHI,1,5.5,42.5,24.0
2007,7,PIT,DEN,0,-4.0,38.0,21.0
2007,7,SEA,STL,1,9.0,39.5,24.25
2007,7,SF,NYG,0,9.5,39.0,14.75
2007,7,STL,SEA,0,9.0,39.5,15.25
2007,7,TB,DET,0,2.5,44.5,21.0
2007,7,TEN,HOU,0,2.0,37.5,17.75
2007,7,WAS,ARI,1,9.0,35.0,22.0
2007,8,BUF,NYJ,0,3.0,38.0,17.5
2007,8,CAR,IND,1,-7.0,44.0,18.5
2007,8,CHI,DET,1,6.0,45.5,25.75
2007,8,CIN,PIT,1,-4.0,48.0,22.0
2007,8,CLE,STL,0,-3.0,46.0,24.5
2007,8,DEN,GB,1,3.0,43.5,23.25
2007,8,DET,CHI,0,6.0,45.5,19.75
2007,8,GB,DEN,0,3.0,43.5,20.25
2007,8,HOU,SD,0,10.0,46.0,18.0
2007,8,IND,CAR,0,-7.0,44.0,25.5
2007,8,JAX,TB,0,3.5,32.5,14.5
2007,8,MIA,NYG,1,-10.0,47.5,18.75
2007,8,MIN,PHI,1,1.0,37.5,19.25
2007,8,NE,WAS,1,15.0,46.5,30.75
2007,8,NO,SF,0,-1.0,40.0,20.5
2007,8,NYG,MIA,0,-10.0,47.5,28.75
2007,8,NYJ,BUF,1,3.0,38.0,20.5
2007,8,OAK,TEN,0,7.0,39.5,16.25
2007,8,PHI,MIN,0,1.0,37.5,18.25
2007,8,PIT,CIN,0,-4.0,48.0,26.0
2007,8,SD,HOU,1,10.0,46.0,28.0
2007,8,SF,NO,1,-1.0,40.0,19.5
2007,8,STL,CLE,1,-3.0,46.0,21.5
2007,8,TB,JAX,1,3.5,32.5,18.0
2007,8,TEN,OAK,1,7.0,39.5,23.25
2007,8,WAS,NE,0,15.0,46.5,15.75
2007,9,ARI,TB,0,3.5,39.0,17.75
2007,9,ATL,SF,1,3.5,37.0,20.25
2007,9,BAL,PIT,0,9.5,36.0,13.25
2007,9,BUF,CIN,1,-1.0,44.0,21.5
2007,9,CAR,TEN,0,5.0,36.0,15.5
2007,9,CIN,BUF,0,-1.0,44.0,22.5
2007,9,CLE,SEA,1,1.0,46.5,23.75
2007,9,DAL,PHI,0,-3.0,46.0,24.5
2007,9,DEN,DET,0,3.0,46.5,21.75
2007,9,DET,DEN,1,3.0,46.5,24.75
2007,9,GB,KC,0,1.0,38.0,18.5
2007,9,HOU,OAK,0,3.0,41.0,19.0
2007,9,IND,NE,1,-5.0,56.0,25.5
2007,9,JAX,NO,0,3.5,40.0,18.25
2007,9,KC,GB,1,1.0,38.0,19.5
2007,9,MIN,SD,1,-7.0,41.5,17.25
2007,9,NE,IND,0,-5.0,56.0,30.5
2007,9,NO,JAX,1,3.5,40.0,21.75
2007,9,NYJ,WAS,1,-3.5,35.5,16.0
2007,9,OAK,HOU,1,3.0,41.0,22.0
2007,9,PHI,DAL,1,-3.0,46.0,21.5
2007,9,PIT,BAL,1,9.5,36.0,22.75
2007,9,SD,MIN,0,-7.0,41.5,24.25
2007,9,SEA,CLE,0,1.0,46.5,22.75
2007,9,SF,ATL,0,3.5,37.0,16.75
2007,9,TB,ARI,1,3.5,39.0,21.25
2007,9,TEN,CAR,1,5.0,36.0,20.5
2007,9,WAS,NYJ,0,-3.5,35.5,19.5
2007,10,ARI,DET,1,2.0,45.0,23.5
2007,10,ATL,CAR,0,3.5,35.5,16.0
2007,10,BAL,CIN,1,3.0,44.5,23.75
2007,10,BUF,MIA,0,-1.0,41.0,21.0
2007,10,CAR,ATL,1,3.5,35.5,19.5
2007,10,CHI,OAK,0,-3.5,38.5,21.0
2007,10,CIN,BAL,0,3.0,44.5,20.75
2007,10,CLE,PIT,0,10.0,47.0,18.5
2007,10,DAL,NYG,0,-1.0,48.0,24.5
2007,10,DEN,KC,0,3.0,37.0,17.0
2007,10,DET,ARI,0,2.0,45.0,21.5
2007,10,GB,MIN,1,5.5,41.0,23.25
2007,10,IND,SD,0,-3.5,47.5,25.5
2007,10,JAX,TEN,0,4.5,36.0,15.75
2007,10,KC,DEN,1,3.0,37.0,20.0
2007,10,MIA,BUF,1,-1.0,41.0,20.0
2007,10,MIN,GB,0,5.5,41.0,17.75
2007,10,NO,STL,1,10.5,46.5,28.5
2007,10,NYG,DAL,1,-1.0,48.0,23.5
2007,10,OAK,CHI,1,-3.5,38.5,17.5
2007,10,PHI,WAS,0,3.0,37.5,17.25
2007,10,PIT,CLE,1,10.0,47.0,28.5
2007,10,SD,IND,1,-3.5,47.5,22.0
2007,10,SEA,SF,1,9.5,37.5,23.5
2007,10,SF,SEA,0,9.5,37.5,14.0
2007,10,STL,NO,0,10.5,46.5,18.0
2007,10,TEN,JAX,1,4.5,36.0,20.25
2007,10,WAS,PHI,1,3.0,37.5,20.25
2007,11,ARI,CIN,0,3.0,48.5,22.75
2007,11,ATL,TB,1,-3.0,35.5,16.25
2007,11,BAL,CLE,1,-1.0,43.5,21.25
2007,11,BUF,NE,1,-15.5,46.0,15.25
2007,11,CAR,GB,0,10.0,37.0,13.5
2007,11,CHI,SEA,0,6.0,38.0,16.0
2007,11,CIN,ARI,1,3.0,48.5,25.75
2007,11,CLE,BAL,0,-1.0,43.5,22.25
2007,11,DAL,WAS,1,11.0,46.5,28.75
2007,11,DEN,TEN,1,1.0,38.0,19.5
2007,11,DET,NYG,1,-2.5,47.5,22.5
2007,11,GB,CAR,1,10.0,37.0,23.5
2007,11,HOU,NO,1,1.0,50.0,25.5
2007,11,IND,KC,1,14.5,41.5,28.0
2007,11,JAX,SD,1,3.0,40.5,21.75
2007,11,KC,IND,0,14.5,41.5,13.5
2007,11,MIA,PHI,0,9.5,40.5,15.5
2007,11,MIN,OAK,1,4.5,35.0,19.75
2007,11,NE,BUF,0,-15.5,46.0,30.75
2007,11,NO,HOU,0,1.0,50.0,24.5
2007,11,NYG,DET,0,-2.5,47.5,25.0
2007,11,NYJ,PIT,1,-9.5,40.0,15.25
2007,11,OAK,MIN,0,4.5,35.0,15.25
2007,11,PHI,MIA,1,9.5,40.5,25.0
2007,11,PIT,NYJ,0,-9.5,40.0,24.75
2007,11,SD,JAX,0,3.0,40.5,18.75
2007,11,SEA,CHI,1,6.0,38.0,22.0
2007,11,SF,STL,1,-3.0,39.0,18.0
2007,11,STL,SF,0,-3.0,39.0,21.0
2007,11,TB,ATL,0,-3.0,35.5,19.25
2007,11,TEN,DEN,0,1.0,38.0,18.5
2007,11,WAS,DAL,0,11.0,46.5,17.75
2007,12,ARI,SF,1,10.0,37.5,23.75
2007,12,ATL,IND,1,-13.5,41.0,13.75
2007,12,BAL,SD,0,9.0,38.5,14.75
2007,12,BUF,JAX,0,9.5,37.0,13.75
2007,12,CAR,NO,1,-3.0,42.0,19.5
2007,12,CHI,DEN,1,1.0,42.5,21.75
2007,12,CIN,TEN,1,1.0,47.0,24.0
2007,12,CLE,HOU,1,3.0,52.0,27.5
2007,12,DAL,NYJ,1,14.0,47.5,30.75
2007,12,DEN,CHI,0,1.0,42.5,20.75
2007,12,DET,GB,1,-3.5,46.5,21.5
2007,12,GB,DET,0,-3.5,46.5,25.0
2007,12,HOU,CLE,0,3.0,52.0,24.5
2007,12,IND,ATL,0,-13.5,41.0,27.25
2007,12,JAX,BUF,1,9.5,37.0,23.25
2007,12,KC,OAK,1,4.0,34.5,19.25
2007,12,MIA,PIT,0,15.0,37.5,11.25
2007,12,MIN,NYG,0,7.0,40.0,16.5
2007,12,NE,PHI,1,24.0,51.0,37.5
2007,12,NO,CAR,0,-3.0,42.0,22.5
2007,12,NYG,MIN,1,7.0,40.0,23.5
2007,12,NYJ,DAL,0,14.0,47.5,16.75
2007,12,OAK,KC,0,4.0,34.5,15.25
2007,12,PHI,NE,0,24.0,51.0,13.5
2007,12,PIT,MIA,1,15.0,37.5,26.25
2007,12,SD,BAL,1,9.0,38.5,23.75
2007,12,SEA,STL,0,-3.0,45.5,24.25
2007,12,SF,ARI,0,10.0,37.5,13.75
2007,12,STL,SEA,1,-3.0,45.5,21.25
2007,12,TB,WAS,1,3.5,38.0,20.75
2007,12,TEN,CIN,0,1.0,47.0,23.0
2007,12,WAS,TB,0,3.5,38.0,17.25
2007,13,ARI,CLE,1,1.0,52.0,26.5
2007,13,ATL,STL,0,3.0,40.0,18.5
2007,13,BAL,NE,1,-19.0,46.0,13.5
2007,13,BUF,WAS,0,6.5,37.0,15.25
2007,13,CAR,SF,1,3.0,35.0,19.0
2007,13,CHI,NYG,1,-1.0,40.0,19.5
2007,13,CIN,PIT,0,7.0,40.0,16.5
2007,13,CLE,ARI,0,1.0,52.0,25.5
2007,13,DAL,GB,1,7.0,51.5,29.25
2007,13,DEN,OAK,0,-3.5,41.0,22.25
2007,13,DET,MIN,0,5.5,44.0,19.25
2007,13,GB,DAL,0,7.0,51.5,22.25
2007,13,HOU,TEN,0,3.5,39.5,18.0
2007,13,IND,JAX,1,7.0,45.0,26.0
2007,13,JAX,IND,0,7.0,45.0,19.0
2007,13,KC,SD,1,-6.0,37.0,15.5
2007,13,MIA,NYJ,1,1.0,37.0,19.0
2007,13,MIN,DET,1,5.5,44.0,24.75
2007,13,NE,BAL,0,-19.0,46.0,32.5
2007,13,NO,TB,1,5.5,41.0,23.25
2007,13,NYG,CHI,0,-1.0,40.0,20.5
2007,13,NYJ,MIA,0,1.0,37.0,18.0
2007,13,OAK,DEN,1,-3.5,41.0,18.75
2007,13,PHI,SEA,1,3.0,40.5,21.75
2007,13,PIT,CIN,1,7.0,40.0,23.5
2007,13,SD,KC,0,-6.0,37.0,21.5
2007,13,SEA,PHI,0,3.0,40.5,18.75
2007,13,SF,CAR,0,3.0,35.0,16.0
2007,13,STL,ATL,1,3.0,40.0,21.5
2007,13,TB,NO,0,5.5,41.0,17.75
2007,13,TEN,HOU,1,3.5,39.5,21.5
2007,13,WAS,BUF,1,6.5,37.0,21.75
2007,14,ARI,SEA,0,7.5,44.0,18.25
2007,14,ATL,NO,1,-4.0,44.0,20.0
2007,14,BAL,IND,1,-8.5,41.0,16.25
2007,14,BUF,MIA,1,7.0,34.0,20.5
2007,14,CAR,JAX,0,11.0,39.0,14.0
2007,14,CHI,WAS,0,3.0,39.0,18.0
2007,14,CIN,STL,1,10.0,45.0,27.5
2007,14,CLE,NYJ,0,-3.0,47.0,25.0
2007,14,DAL,DET,0,-10.0,50.0,30.0
2007,14,DEN,KC,1,7.5,37.5,22.5
2007,14,DET,DAL,1,-10.0,50.0,20.0
2007,14,GB,OAK,1,10.5,40.5,25.5
2007,14,HOU,TB,1,-3.0,39.0,18.0
2007,14,IND,BAL,0,-8.5,41.0,24.75
2007,14,JAX,CAR,1,11.0,39.0,25.0
2007,14,KC,DEN,0,7.5,37.5,15.0
2007,14,MIA,BUF,0,7.0,34.0,13.5
2007,14,MIN,SF,0,-7.5,39.0,23.25
2007,14,NE,PIT,1,11.0,49.0,30.0
2007,14,NO,ATL,0,-4.0,44.0,24.0
2007,14,NYG,PHI,0,3.0,41.5,19.25
2007,14,NYJ,CLE,1,-3.0,47.0,22.0
2007,14,OAK,GB,0,10.5,40.5,15.0
2007,14,PHI,NYG,1,3.0,41.5,22.25
2007,14,PIT,NE,0,11.0,49.0,19.0
2007,14,SD,TEN,0,-1.0,40.0,20.5
2007,14,SEA,ARI,1,7.5,44.0,25.75
2007,14,SF,MIN,1,-7.5,39.0,15.75
2007,14,STL,CIN,0,10.0,45.0,17.5
2007,14,TB,HOU,0,-3.0,39.0,21.0
2007,14,TEN,SD,1,-1.0,40.0,19.5
2007,14,WAS,CHI,1,3.0,39.0,21.0
2007,15,ARI,NO,0,4.0,49.5,22.75
2007,15,ATL,TB,0,13.0,37.5,12.25
2007,15,BAL,MIA,0,-3.0,37.5,20.25
2007,15,BUF,CLE,0,4.5,36.5,16.0
2007,15,CAR,SEA,1,-7.0,37.0,15.0
2007,15,CHI,MIN,0,10.5,43.0,16.25
2007,15,CIN,SF,0,-9.0,42.0,25.5
2007,15,CLE,BUF,1,4.5,36.5,20.5
2007,15,DAL,PHI,1,10.0,48.5,29.25
2007,15,DEN,HOU,0,-2.5,47.0,24.75
2007,15,DET,SD,0,9.5,45.5,18.0
2007,15,GB,STL,0,-7.0,47.0,27.0
2007,15,HOU,DEN,1,-2.5,47.0,22.25
2007,15,IND,OAK,0,-9.5,44.5,27.0
2007,15,JAX,PIT,0,3.5,34.5,15.5
2007,15,KC,TEN,1,-3.5,34.0,15.25
2007,15,MIA,BAL,1,-3.0,37.5,17.25
2007,15,MIN,CHI,1,10.5,43.0,26.75
2007,15,NE,NYJ,1,20.5,41.0,30.75
2007,15,NO,ARI,1,4.0,49.5,26.75
2007,15,NYG,WAS,1,6.0,35.5,20.75
2007,15,NYJ,NE,0,20.5,41.0,10.25
2007,15,OAK,IND,1,-9.5,44.5,17.5
2007,15,PHI,DAL,0,10.0,48.5,19.25
2007,15,PIT,JAX,1,3.5,34.5,19.0
2007,15,SD,DET,1,9.5,45.5,27.5
2007,15,SEA,CAR,0,-7.0,37.0,22.0
2007,15,SF,CIN,1,-9.0,42.0,16.5
2007,15,STL,GB,1,-7.0,47.0,20.0
2007,15,TB,ATL,1,13.0,37.5,25.25
2007,15,TEN,KC,0,-3.5,34.0,18.75
2007,15,WAS,NYG,0,6.0,35.5,14.75
2007,16,ARI,ATL,1,11.0,44.0,27.5
2007,16,ATL,ARI,0,11.0,44.0,16.5
2007,16,BAL,SEA,0,12.5,39.0,13.25
2007,16,BUF,NYG,1,-1.0,32.0,15.5
2007,16,CAR,DAL,1,-10.5,42.5,16.0
2007,16,CHI,GB,1,-9.0,32.0,11.5
2007,16,CIN,CLE,1,-1.0,43.0,21.0
2007,16,CLE,CIN,0,-1.0,43.0,22.0
2007,16,DAL,CAR,0,-10.5,42.5,26.5
2007,16,DEN,SD,0,9.0,47.0,19.0
2007,16,DET,KC,1,6.0,43.5,24.75
2007,16,GB,CHI,0,-9.0,32.0,20.5
2007,16,HOU,IND,0,6.5,44.5,19.0
2007,16,IND,HOU,1,6.5,44.5,25.5
2007,16,JAX,OAK,1,14.0,40.0,27.0
2007,16,KC,DET,0,6.0,43.5,18.75
2007,16,MIA,NE,0,22.0,45.0,11.5
2007,16,MIN,WAS,1,6.0,40.5,23.25
2007,16,NE,MIA,1,22.0,45.0,33.5
2007,16,NO,PHI,1,3.0,47.5,25.25
2007,16,NYG,BUF,0,-1.0,32.0,16.5
2007,16,NYJ,TEN,0,9.0,37.0,14.0
2007,16,OAK,JAX,0,14.0,40.0,13.0
2007,16,PHI,NO,0,3.0,47.5,22.25
2007,16,PIT,STL,0,-9.0,43.0,26.0
2007,16,SD,DEN,1,9.0,47.0,28.0
2007,16,SEA,BAL,1,12.5,39.0,25.75
2007,16,SF,TB,1,-6.5,36.5,15.0
2007,16,STL,PIT,1,-9.0,43.0,17.0
2007,16,TB,SF,0,-6.5,36.5,21.5
2007,16,TEN,NYJ,1,9.0,37.0,23.0
2007,16,WAS,MIN,0,6.0,40.5,17.25
2007,17,ARI,STL,1,6.0,49.5,27.75
2007,17,ATL,SEA,1,-2.0,38.0,18.0
2007,17,BAL,PIT,1,-3.0,34.5,15.75
2007,17,BUF,PHI,0,9.5,39.0,14.75
2007,17,CAR,TB,0,-3.0,35.5,19.25
2007,17,CHI,NO,1,1.0,42.0,21.5
2007,17,CIN,MIA,0,-1.0,45.0,23.0
2007,17,CLE,SF,1,11.5,41.0,26.25
2007,17,DAL,WAS,0,9.0,38.0,14.5
2007,17,DEN,MIN,1,-3.0,41.0,19.0
2007,17,DET,GB,0,3.5,39.0,17.75
2007,17,GB,DET,1,3.5,39.0,21.25
2007,17,HOU,JAX,1,7.0,42.0,24.5
2007,17,IND,TEN,1,-4.0,40.5,18.25
2007,17,JAX,HOU,0,7.0,42.0,17.5
2007,17,KC,NYJ,0,4.0,35.5,15.75
2007,17,MIA,CIN,1,-1.0,45.0,22.0
2007,17,MIN,DEN,0,-3.0,41.0,22.0
2007,17,NE,NYG,0,-13.0,46.5,29.75
2007,17,NO,CHI,0,1.0,42.0,20.5
2007,17,NYG,NE,1,-13.0,46.5,16.75
2007,17,NYJ,KC,1,4.0,35.5,19.75
2007,17,OAK,SD,1,-9.0,41.5,16.25
2007,17,PHI,BUF,1,9.5,39.0,24.25
2007,17,PIT,BAL,0,-3.0,34.5,18.75
2007,17,SD,OAK,0,-9.0,41.5,25.25
2007,17,SEA,ATL,0,-2.0,38.0,20.0
2007,17,SF,CLE,0,11.5,41.0,14.75
2007,17,STL,ARI,0,6.0,49.5,21.75
2007,17,TB,CAR,1,-3.0,35.5,16.25
2007,17,TEN,IND,0,-4.0,40.5,22.25
2007,17,WAS,DAL,1,9.0,38.0,23.5
2007,18,JAX,PIT,0,-2.5,40.0,21.25
2007,18,NYG,TB,0,3.0,39.5,18.25
2007,18,PIT,JAX,1,-2.5,40.0,18.75
2007,18,SD,TEN,1,10.5,38.5,24.5
2007,18,SEA,WAS,1,3.0,38.5,20.75
2007,18,TB,NYG,1,3.0,39.5,21.25
2007,18,TEN,SD,0,10.5,38.5,14.0
2007,18,WAS,SEA,0,3.0,38.5,17.75
2007,19,DAL,NYG,1,7.0,47.0,27.0
2007,19,GB,SEA,1,9.0,44.0,26.5
2007,19,IND,SD,1,10.5,46.0,28.25
2007,19,JAX,NE,0,13.5,51.0,18.75
2007,19,NE,JAX,1,13.5,51.0,32.25
2007,19,NYG,DAL,0,7.0,47.0,20.0
2007,19,SD,IND,0,10.5,46.0,17.75
2007,19,SEA,GB,0,9.0,44.0,17.5
2007,20,GB,NYG,1,7.5,41.0,24.25
2007,20,NE,SD,1,14.0,47.5,30.75
2007,20,NYG,GB,0,7.5,41.0,16.75
2007,20,SD,NE,0,14.0,47.5,16.75
2007,21,NE,NYG,1,12.5,54.5,33.5
2007,21,NYG,NE,0,12.5,54.5,21.0
2008,1,ARI,SF,0,-2.5,42.0,22.25
2008,1,ATL,DET,1,-3.0,41.0,19.0
2008,1,BAL,CIN,1,-2.0,37.5,17.75
2008,1,BUF,SEA,1,1.0,38.5,19.75
2008,1,CAR,SD,0,9.5,41.0,15.75
2008,1,CHI,IND,0,10.0,44.0,17.0
2008,1,CIN,BAL,0,-2.0,37.5,19.75
2008,1,CLE,DAL,1,-6.0,48.5,21.25
2008,1,DAL,CLE,0,-6.0,48.5,27.25
2008,1,DEN,OAK,0,-3.0,40.5,21.75
2008,1,DET,ATL,0,-3.0,41.0,22.0
2008,1,GB,MIN,1,2.5,37.5,20.0
2008,1,HOU,PIT,0,6.5,43.0,18.25
2008,1,IND,CHI,1,10.0,44.0,27.0
2008,1,JAX,TEN,0,-3.0,36.5,19.75
2008,1,KC,NE,0,16.0,43.5,13.75
2008,1,MIA,NYJ,1,-3.0,36.0,16.5
2008,1,MIN,GB,0,2.5,37.5,17.5
2008,1,NE,KC,1,16.0,43.5,29.75
2008,1,NO,TB,1,3.0,42.5,22.75
2008,1,NYG,WAS,1,4.5,41.5,23.0
2008,1,NYJ,MIA,0,-3.0,36.0,19.5
2008,1,OAK,DEN,1,-3.0,40.5,18.75
2008,1,PHI,STL,1,8.0,44.0,26.0
2008,1,PIT,HOU,1,6.5,43.0,24.75
2008,1,SD,CAR,1,9.5,41.0,25.25
2008,1,SEA,BUF,0,1.0,38.5,18.75
2008,1,SF,ARI,1,-2.5,42.0,19.75
2008,1,STL,PHI,0,8.0,44.0,18.0
2008,1,TB,NO,0,3.0,42.5,19.75
2008,1,TEN,JAX,1,-3.0,36.5,16.75
2008,1,WAS,NYG,0,4.5,41.5,18.5
2008,2,ARI,MIA,1,6.5,40.5,23.5
2008,2,ATL,TB,0,7.0,37.5,15.25
2008,2,BUF,JAX,0,4.0,37.0,16.5
2008,2,CAR,CHI,1,3.0,37.5,20.25
2008,2,CHI,CAR,0,3.0,37.5,17.25
2008,2,CIN,TEN,1,1.0,37.0,19.0
2008,2,CLE,PIT,1,-6.5,43.5,18.5
2008,2,DAL,PHI,1,6.5,46.5,26.5
2008,2,DEN,SD,1,1.0,46.5,23.75
2008,2,DET,GB,1,-3.0,47.0,22.0
2008,2,GB,DET,0,-3.0,47.0,25.0
2008,2,IND,MIN,0,-1.0,43.5,22.25
2008,2,JAX,BUF,1,4.0,37.0,20.5
2008,2,KC,OAK,1,3.5,36.0,19.75
2008,2,MIA,ARI,0,6.5,40.5,17.0
2008,2,MIN,IND,1,-1.0,43.5,21.25
2008,2,NE,NYJ,0,1.0,37.0,18.0
2008,2,NO,WAS,0,1.0,43.5,21.25
2008,2,NYG,STL,0,-8.0,43.5,25.75
2008,2,NYJ,NE,1,1.0,37.0,19.0
2008,2,OAK,KC,0,3.5,36.0,16.25
2008,2,PHI,DAL,0,6.5,46.5,20.0
2008,2,PIT,CLE,0,-6.5,43.5,25.0
2008,2,SD,DEN,0,1.0,46.5,22.75
2008,2,SEA,SF,1,6.5,38.0,22.25
2008,2,SF,SEA,0,6.5,38.0,15.75
2008,2,STL,NYG,1,-8.0,43.5,17.75
2008,2,TB,ATL,1,7.0,37.5,22.25
2008,2,TEN,CIN,0,1.0,37.0,18.0
2008,2,WAS,NO,1,1.0,43.5,22.25
2008,3,ARI,WAS,0,3.0,43.5,20.25
2008,3,ATL,KC,1,6.5,37.0,21.75
2008,3,BAL,CLE,1,2.5,37.0,19.75
2008,3,BUF,OAK,1,10.0,37.5,23.75
2008,3,CAR,MIN,0,3.0,37.5,17.25
2008,3,CHI,TB,1,3.0,35.0,19.0
2008,3,CIN,NYG,0,13.0,42.5,14.75
2008,3,CLE,BAL,0,2.5,37.0,17.25
2008,3,DAL,GB,0,-3.0,51.0,27.0
2008,3,DEN,NO,1,5.5,52.0,28.75
2008,3,DET,SF,0,5.0,47.0,21.0
2008,3,GB,DAL,1,-3.0,51.0,24.0
2008,3,HOU,TEN,0,5.0,40.0,17.5
2008,3,IND,JAX,1,4.0,42.0,23.0
2008,3,JAX,IND,0,4.0,42.0,19.0
2008,3,KC,ATL,0,6.5,37.0,15.25
2008,3,MIA,NE,0,12.5,37.0,12.25
2008,3,MIN,CAR,1,3.0,37.5,20.25
2008,3,NE,MIA,1,12.5,37.0,24.75
2008,3,NO,DEN,0,5.5,52.0,23.25
2008,3,NYG,CIN,1,13.0,42.5,27.75
2008,3,NYJ,SD,0,8.0,46.5,19.25
2008,3,OAK,BUF,0,10.0,37.5,13.75
2008,3,PHI,PIT,1,3.5,45.0,24.25
2008,3,PIT,PHI,0,3.5,45.0,20.75
2008,3,SD,NYJ,1,8.0,46.5,27.25
2008,3,SEA,STL,1,8.0,44.5,26.25
2008,3,SF,DET,1,5.0,47.0,26.0
2008,3,STL,SEA,0,8.0,44.5,18.25
2008,3,TB,CHI,0,3.0,35.0,16.0
2008,3,TEN,HOU,1,5.0,40.0,22.5
2008,3,WAS,ARI,1,3.0,43.5,23.25
2008,4,ARI,NYJ,0,1.5,43.5,21.0
2008,4,ATL,CAR,0,7.0,39.0,16.0
2008,4,BAL,PIT,0,6.0,34.5,14.25
2008,4,BUF,STL,0,-8.5,43.5,26.0
2008,4,CAR,ATL,1,7.0,39.0,23.0
2008,4,CHI,PHI,1,-3.0,39.0,18.0
2008,4,CIN,CLE,1,1.0,42.0,21.5
2008,4,CLE,CIN,0,1.0,42.0,20.5
2008,4,DAL,WAS,1,10.0,47.0,28.5
2008,4,DEN,KC,0,-9.0,47.0,28.0
2008,4,GB,TB,0,2.0,43.0,20.5
2008,4,HOU,JAX,0,6.5,43.0,18.25
2008,4,JAX,HOU,1,6.5,43.0,24.75
2008,4,KC,DEN,1,-9.0,47.0,19.0
2008,4,MIN,TEN,0,3.0,35.0,16.0
2008,4,NO,SF,1,4.0,48.5,26.25
2008,4,NYJ,ARI,1,1.5,43.5,22.5
2008,4,OAK,SD,1,-8.0,45.5,18.75
2008,4,PHI,CHI,0,-3.0,39.0,21.0
2008,4,PIT,BAL,1,6.0,34.5,20.25
2008,4,SD,OAK,0,-8.0,45.5,26.75
2008,4,SF,NO,0,4.0,48.5,22.25
2008,4,STL,BUF,1,-8.5,43.5,17.5
2008,4,TB,GB,1,2.0,43.0,22.5
2008,4,TEN,MIN,1,3.0,35.0,19.0
2008,4,WAS,DAL,0,10.0,47.0,18.5
2008,5,ARI,BUF,1,1.0,44.5,22.75
2008,5,ATL,GB,0,5.0,42.0,18.5
2008,5,BAL,TEN,1,-1.0,33.5,16.25
2008,5,BUF,ARI,0,1.0,44.5,21.75
2008,5,CAR,KC,1,10.0,38.0,24.0
2008,5,CHI,DET,0,-3.5,45.5,24.5
2008,5,CIN,DAL,0,16.0,45.5,14.75
2008,5,DAL,CIN,1,16.0,45.5,30.75
2008,5,DEN,TB,1,3.5,47.0,25.25
2008,5,DET,CHI,1,-3.5,45.5,21.0
2008,5,GB,ATL,1,5.0,42.0,23.5
2008,5,HOU,IND,1,-4.0,48.0,22.0
2008,5,IND,HOU,0,-4.0,48.0,26.0
2008,5,JAX,PIT,1,5.5,37.5,21.5
2008,5,KC,CAR,0,10.0,38.0,14.0
2008,5,MIA,SD,1,-6.0,44.5,19.25
2008,5,MIN,NO,0,3.0,47.0,22.0
2008,5,NE,SF,0,-3.0,41.0,22.0
2008,5,NO,MIN,1,3.0,47.0,25.0
2008,5,NYG,SEA,1,6.5,43.5,25.0
2008,5,PHI,WAS,1,6.5,41.5,24.0
2008,5,PIT,JAX,0,5.5,37.5,16.0
2008,5,SD,MIA,0,-6.0,44.5,25.25
2008,5,SEA,NYG,0,6.5,43.5,18.5
2008,5,SF,NE,1,-3.0,41.0,19.0
2008,5,TB,DEN,0,3.5,47.0,21.75
2008,5,TEN,BAL,0,-1.0,33.5,17.25
2008,5,WAS,PHI,0,6.5,41.5,17.5
2008,6,ARI,DAL,1,-4.5,53.0,24.25
2008,6,ATL,CHI,1,-3.0,43.0,20.0
2008,6,BAL,IND,0,4.0,39.0,17.5
2008,6,CAR,TB,0,1.0,37.0,18.0
2008,6,CHI,ATL,0,-3.0,43.0,23.0
2008,6,CIN,NYJ,0,9.5,43.5,17.0
2008,6,CLE,NYG,1,-9.0,43.5,17.25
2008,6,DAL,ARI,0,-4.5,53.0,28.75
2008,6,DEN,JAX,1,3.5,48.5,26.0
2008,6,DET,MIN,0,13.0,44.5,15.75
2008,6,GB,SEA,0,1.0,44.0,21.5
2008,6,HOU,MIA,1,3.0,45.0,24.0
2008,6,IND,BAL,1,4.0,39.0,21.5
2008,6,JAX,DEN,0,3.5,48.5,22.5
2008,6,MIA,HOU,0,3.0,45.0,21.0
2008,6,MIN,DET,1,13.0,44.5,28.75
2008,6,NE,SD,0,6.0,45.0,19.5
2008,6,NO,OAK,1,7.0,47.0,27.0
2008,6,NYG,CLE,0,-9.0,43.5,26.25
2008,6,NYJ,CIN,1,9.5,43.5,26.5
2008,6,OAK,NO,0,7.0,47.0,20.0
2008,6,PHI,SF,0,-4.5,41.5,23.0
2008,6,SD,NE,1,6.0,45.0,25.5
2008,6,SEA,GB,1,1.0,44.0,22.5
2008,6,SF,PHI,1,-4.5,41.5,18.5
2008,6,STL,WAS,0,12.0,44.0,16.0
2008,6,TB,CAR,1,1.0,37.0,19.0
2008,6,WAS,STL,1,12.0,44.0,28.0
2008,7,BAL,MIA,0,3.0,35.5,16.25
2008,7,BUF,SD,1,-1.0,44.5,21.75
2008,7,CAR,NO,1,3.0,44.5,23.75
2008,7,CHI,MIN,1,3.0,38.0,20.5
2008,7,CIN,PIT,1,-9.0,36.5,13.75
2008,7,CLE,WAS,0,7.0,41.5,17.25
2008,7,DAL,STL,0,-9.0,45.0,27.0
2008,7,DEN,NE,0,3.0,48.0,22.5
2008,7,DET,HOU,0,11.0,47.5,18.25
2008,7,GB,IND,1,-1.0,46.5,22.75
2008,7,HOU,DET,1,11.0,47.5,29.25
2008,7,IND,GB,0,-1.0,46.5,23.75
2008,7,KC,TEN,1,-9.0,35.0,13.0
2008,7,MIA,BAL,1,3.0,35.5,19.25
2008,7,MIN,CHI,0,3.0,38.0,17.5
2008,7,NE,DEN,1,3.0,48.0,25.5
2008,7,NO,CAR,0,3.0,44.5,20.75
2008,7,NYG,SF,1,10.0,46.5,28.25
2008,7,NYJ,OAK,0,-3.0,41.0,22.0
2008,7,OAK,NYJ,1,-3.0,41.0,19.0
2008,7,PIT,CIN,0,-9.0,36.5,22.75
2008,7,SD,BUF,0,-1.0,44.5,22.75
2008,7,SEA,TB,0,10.5,39.5,14.5
2008,7,SF,NYG,0,10.0,46.5,18.25
2008,7,STL,DAL,1,-9.0,45.0,18.0
2008,7,TB,SEA,1,10.5,39.5,25.0
2008,7,TEN,KC,0,-9.0,35.0,22.0
2008,7,WAS,CLE,1,7.0,41.5,24.25
2008,8,ARI,CAR,0,5.0,43.0,19.0
2008,8,ATL,PHI,0,9.5,45.0,17.75
2008,8,BAL,OAK,1,9.0,34.5,21.75
2008,8,BUF,MIA,0,1.0,41.5,20.25
2008,8,CAR,ARI,1,5.0,43.0,24.0
2008,8,CIN,HOU,0,9.0,45.5,18.25
2008,8,CLE,JAX,0,7.0,42.0,17.5
2008,8,DAL,TB,1,1.0,40.5,20.75
2008,8,DET,WAS,1,-7.0,42.0,17.5
2008,8,HOU,CIN,1,9.0,45.5,27.25
2008,8,IND,TEN,0,4.0,40.5,18.25
2008,8,JAX,CLE,1,7.0,42.0,24.5
2008,8,KC,NYJ,0,14.0,41.0,13.5
2008,8,MIA,BUF,1,1.0,41.5,21.25
2008,8,NE,STL,1,9.0,41.0,25.0
2008,8,NO,SD,1,-3.0,45.5,21.25
2008,8,NYG,PIT,0,3.0,41.0,19.0
2008,8,NYJ,KC,1,14.0,41.0,27.5
2008,8,OAK,BAL,0,9.0,34.5,12.75
2008,8,PHI,ATL,1,9.5,45.0,27.25
2008,8,PIT,NYG,1,3.0,41.0,22.0
2008,8,SD,NO,0,-3.0,45.5,24.25
2008,8,SEA,SF,0,5.0,41.0,18.0
2008,8,SF,SEA,1,5.0,41.0,23.0
2008,8,STL,NE,0,9.0,41.0,16.0
2008,8,TB,DAL,0,1.0,40.5,19.75
2008,8,TEN,IND,1,4.0,40.5,22.25
2008,8,WAS,DET,0,-7.0,42.0,24.5
2008,9,ARI,STL,0,-3.0,49.5,26.25
2008,9,ATL,OAK,0,-3.0,41.0,22.0
2008,9,BAL,CLE,0,1.0,36.5,17.75
2008,9,BUF,NYJ,1,5.0,43.0,24.0
2008,9,CHI,DET,1,12.5,43.5,28.0
2008,9,CIN,JAX,1,-7.0,40.0,16.5
2008,9,CLE,BAL,1,1.0,36.5,18.75
2008,9,DAL,NYG,0,9.5,42.0,16.25
2008,9,DEN,MIA,1,4.0,50.0,27.0
2008,9,DET,CHI,0,12.5,43.5,15.5
2008,9,GB,TEN,0,3.5,41.0,18.75
2008,9,HOU,MIN,0,6.5,46.5,20.0
2008,9,IND,NE,1,6.5,44.0,25.25
2008,9,JAX,CIN,0,-7.0,40.0,23.5
2008,9,KC,TB,1,-9.5,36.5,13.5
2008,9,MIA,DEN,0,4.0,50.0,23.0
2008,9,MIN,HOU,1,6.5,46.5,26.5
2008,9,NE,IND,0,6.5,44.0,18.75
2008,9,NYG,DAL,1,9.5,42.0,25.75
2008,9,NYJ,BUF,0,5.0,43.0,19.0
2008,9,OAK,ATL,1,-3.0,41.0,19.0
2008,9,PHI,SEA,0,-7.0,43.5,25.25
2008,9,PIT,WAS,0,1.0,37.5,18.25
2008,9,SEA,PHI,1,-7.0,43.5,18.25
2008,9,STL,ARI,1,-3.0,49.5,23.25
2008,9,TB,KC,0,-9.5,36.5,23.0
2008,9,TEN,GB,1,3.5,41.0,22.25
2008,9,WAS,PIT,1,1.0,37.5,19.25
2008,10,ARI,SF,1,9.5,47.5,28.5
2008,10,ATL,NO,1,1.0,51.0,26.0
2008,10,BAL,HOU,0,2.5,43.5,20.5
2008,10,BUF,NE,0,3.5,41.0,18.75
2008,10,CAR,OAK,0,-10.0,37.5,23.75
2008,10,CHI,TEN,1,-1.0,37.0,18.0
2008,10,CLE,DEN,1,3.0,47.0,25.0
2008,10,DEN,CLE,0,3.0,47.0,22.0
2008,10,DET,JAX,1,-5.5,43.0,18.75
2008,10,GB,MIN,0,2.5,44.0,20.75
2008,10,HOU,BAL,1,2.5,43.5,23.0
2008,10,IND,PIT,0,3.5,38.5,17.5
2008,10,JAX,DET,0,-5.5,43.0,24.25
2008,10,KC,SD,0,14.5,47.0,16.25
2008,10,MIA,SEA,1,9.0,41.5,25.25
2008,10,MIN,GB,1,2.5,44.0,23.25
2008,10,NE,BUF,1,3.5,41.0,22.25
2008,10,NO,ATL,0,1.0,51.0,25.0
2008,10,NYG,PHI,0,3.0,42.5,19.75
2008,10,NYJ,STL,1,9.5,43.5,26.5
2008,10,OAK,CAR,1,-10.0,37.5,13.75
2008,10,PHI,NYG,1,3.0,42.5,22.75
2008,10,PIT,IND,1,3.5,38.5,21.0
2008,10,SD,KC,1,14.5,47.0,30.75
2008,10,SEA,MIA,0,9.0,41.5,16.25
2008,10,SF,ARI,0,9.5,47.5,19.0
2008,10,STL,NYJ,0,9.5,43.5,17.0
2008,10,TEN,CHI,0,-1.0,37.0,19.0
2008,11,ARI,SEA,0,-3.0,47.5,25.25
2008,11,ATL,DEN,1,6.5,51.5,29.0
2008,11,BAL,NYG,0,7.0,39.0,16.0
2008,11,BUF,CLE,1,4.5,40.5,22.5
2008,11,CAR,DET,1,14.0,40.5,27.25
2008,11,CHI,GB,0,3.5,43.0,19.75
2008,11,CIN,PHI,1,-9.5,41.0,15.75
2008,11,CLE,BUF,0,4.5,40.5,18.0
2008,11,DAL,WAS,0,-1.0,42.5,21.75
2008,11,DEN,ATL,0,6.5,51.5,22.5
2008,11,DET,CAR,0,14.0,40.5,13.25
2008,11,GB,CHI,1,3.5,43.0,23.25
2008,11,HOU,IND,0,9.0,50.5,20.75
2008,11,IND,HOU,1,9.0,50.5,29.75
2008,11,JAX,TEN,1,-1.0,39.5,19.25
2008,11,KC,NO,1,-6.0,51.0,22.5
2008,11,MIA,OAK,1,10.0,38.0,24.0
2008,11,MIN,TB,0,4.5,39.5,17.5
2008,11,NE,NYJ,1,3.0,40.5,21.75
2008,11,NO,KC,0,-6.0,51.0,28.5
2008,11,NYG,BAL,1,7.0,39.0,23.0
2008,11,NYJ,NE,0,3.0,40.5,18.75
2008,11,OAK,MIA,0,10.0,38.0,14.0
2008,11,PHI,CIN,0,-9.5,41.0,25.25
2008,11,PIT,SD,1,4.5,40.5,22.5
2008,11,SD,PIT,0,4.5,40.5,18.0
2008,11,SEA,ARI,1,-3.0,47.5,22.25
2008,11,SF,STL,1,7.0,43.5,25.25
2008,11,STL,SF,0,7.0,43.5,18.25
2008,11,TB,MIN,1,4.5,39.5,22.0
2008,11,TEN,JAX,0,-1.0,39.5,20.25
2008,11,WAS,DAL,1,-1.0,42.5,20.75
2008,12,ARI,NYG,1,-3.0,48.0,22.5
2008,12,ATL,CAR,1,1.0,41.0,21.0
2008,12,BAL,PHI,1,1.0,39.5,20.25
2008,12,BUF,KC,0,-3.0,43.0,23.0
2008,12,CAR,ATL,0,1.0,41.0,20.0
2008,12,CHI,STL,0,-7.0,44.5,25.75
2008,12,CIN,PIT,0,11.5,34.5,11.5
2008,12,CLE,HOU,1,3.0,49.5,26.25
2008,12,DAL,SF,1,9.5,45.5,27.5
2008,12,DEN,OAK,1,9.0,43.5,26.25
2008,12,DET,TB,1,-9.0,42.0,16.5
2008,12,GB,NO,0,1.0,51.5,25.25
2008,12,HOU,CLE,0,3.0,49.5,23.25
2008,12,IND,SD,0,3.0,48.5,22.75
2008,12,JAX,MIN,1,1.0,41.5,21.25
2008,12,KC,BUF,1,-3.0,43.0,20.0
2008,12,MIA,NE,1,-1.0,42.5,20.75
2008,12,MIN,JAX,0,1.0,41.5,20.25
2008,12,NE,MIA,0,-1.0,42.5,21.75
2008,12,NO,GB,1,1.0,51.5,26.25
2008,12,NYG,ARI,0,-3.0,48.0,25.5
2008,12,NYJ,TEN,0,5.5,41.0,17.75
2008,12,OAK,DEN,0,9.0,43.5,17.25
2008,12,PHI,BAL,0,1.0,39.5,19.25
2008,12,PIT,CIN,1,11.5,34.5,23.0
2008,12,SD,IND,1,3.0,48.5,25.75
2008,12,SEA,WAS,1,-3.0,40.0,18.5
2008,12,SF,DAL,0,9.5,45.5,18.0
2008,12,STL,CHI,1,-7.0,44.5,18.75
2008,12,TB,DET,0,-9.0,42.0,25.5
2008,12,TEN,NYJ,1,5.5,41.0,23.25
2008,12,WAS,SEA,0,-3.0,40.0,21.5
2008,13,ARI,PHI,0,3.0,48.5,22.75
2008,13,ATL,SD,0,6.5,48.0,20.75
2008,13,BAL,CIN,0,-7.0,35.5,21.25
2008,13,BUF,SF,1,6.5,43.0,24.75
2008,13,CAR,GB,0,3.0,41.0,19.0
2008,13,CHI,MIN,0,5.0,41.5,18.25
2008,13,CIN,BAL,1,-7.0,35.5,14.25
2008,13,CLE,IND,1,-4.0,44.0,20.0
2008,13,DAL,SEA,1,11.5,46.0,28.75
2008,13,DEN,NYJ,0,7.5,48.0,20.25
2008,13,DET,TEN,1,-11.0,43.5,16.25
2008,13,GB,CAR,1,3.0,41.0,22.0
2008,13,HOU,JAX,1,3.0,48.5,25.75
2008,13,IND,CLE,0,-4.0,44.0,24.0
2008,13,JAX,HOU,0,3.0,48.5,22.75
2008,13,KC,OAK,0,3.0,41.0,19.0
2008,13,MIA,STL,0,-7.0,44.5,25.75
2008,13,MIN,CHI,1,5.0,41.5,23.25
2008,13,NE,PIT,1,1.0,39.0,20.0
2008,13,NO,TB,0,3.5,44.0,20.25
2008,13,NYG,WAS,0,-3.5,41.0,22.25
2008,13,NYJ,DEN,1,7.5,48.0,27.75
2008,13,OAK,KC,1,3.0,41.0,22.0
2008,13,PHI,ARI,1,3.0,48.5,25.75
2008,13,PIT,NE,0,1.0,39.0,19.0
2008,13,SD,ATL,1,6.5,48.0,27.25
2008,13,SEA,DAL,0,11.5,46.0,17.25
2008,13,SF,BUF,0,6.5,43.0,18.25
2008,13,STL,MIA,1,-7.0,44.5,18.75
2008,13,TB,NO,1,3.5,44.0,23.75
2008,13,TEN,DET,0,-11.0,43.5,27.25
2008,13,WAS,NYG,1,-3.5,41.0,18.75
2008,14,ARI,STL,1,14.0,48.5,31.25
2008,14,ATL,NO,0,3.0,51.5,24.25
2008,14,BAL,WAS,1,6.0,34.5,20.25
2008,14,BUF,MIA,1,1.0,43.0,22.0
2008,14,CAR,TB,1,3.0,38.5,20.75
2008,14,CHI,JAX,1,6.5,40.5,23.5
2008,14,CIN,IND,0,13.5,41.5,14.0
2008,14,CLE,TEN,0,14.0,36.5,11.25
2008,14,DAL,PIT,0,4.0,38.0,17.0
2008,14,DEN,KC,1,9.0,48.5,28.75
2008,14,DET,MIN,1,-10.5,45.0,17.25
2008,14,GB,HOU,1,7.0,47.5,27.25
2008,14,HOU,GB,0,7.0,47.5,20.25
2008,14,IND,CIN,1,13.5,41.5,27.5
2008,14,JAX,CHI,0,6.5,40.5,17.0
2008,14,KC,DEN,0,9.0,48.5,19.75
2008,14,MIA,BUF,0,1.0,43.0,21.0
2008,14,MIN,DET,0,-10.5,45.0,27.75
2008,14,NE,SEA,0,-7.5,43.0,25.25
2008,14,NO,ATL,1,3.0,51.5,27.25
2008,14,NYG,PHI,1,6.5,40.5,23.5
2008,14,NYJ,SF,0,-4.0,45.0,24.5
2008,14,OAK,SD,0,9.5,41.0,15.75
2008,14,PHI,NYG,0,6.5,40.5,17.0
2008,14,PIT,DAL,1,4.0,38.0,21.0
2008,14,SD,OAK,1,9.5,41.0,25.25
2008,14,SEA,NE,1,-7.5,43.0,17.75
2008,14,SF,NYJ,1,-4.0,45.0,20.5
2008,14,STL,ARI,0,14.0,48.5,17.25
2008,14,TB,CAR,0,3.0,38.5,17.75
2008,14,TEN,CLE,1,14.0,36.5,25.25
2008,14,WAS,BAL,0,6.0,34.5,14.25
2008,15,ARI,MIN,1,4.0,46.5,25.25
2008,15,ATL,TB,1,5.5,43.5,24.5
2008,15,BAL,PIT,1,3.0,34.0,18.5
2008,15,BUF,NYJ,0,9.0,41.0,16.0
2008,15,CAR,DEN,1,7.0,47.5,27.25
2008,15,CHI,NO,1,3.0,45.5,24.25
2008,15,CIN,WAS,1,-6.5,36.5,15.0
2008,15,CLE,PHI,0,15.5,40.0,12.25
2008,15,DAL,NYG,1,3.0,46.5,24.75
2008,15,DEN,CAR,0,7.0,47.5,20.25
2008,15,DET,IND,0,16.5,44.5,14.0
2008,15,GB,JAX,0,-2.5,45.5,24.0
2008,15,HOU,TEN,1,-3.0,45.0,21.0
2008,15,IND,DET,1,16.5,44.5,30.5
2008,15,JAX,GB,1,-2.5,45.5,21.5
2008,15,KC,SD,1,-6.0,41.0,17.5
2008,15,MIA,SF,1,5.5,41.0,23.25
2008,15,MIN,ARI,0,4.0,46.5,21.25
2008,15,NE,OAK,0,-6.5,38.5,22.5
2008,15,NO,CHI,0,3.0,45.5,21.25
2008,15,NYG,DAL,0,3.0,46.5,21.75
2008,15,NYJ,BUF,1,9.0,41.0,25.0
2008,15,OAK,NE,1,-6.5,38.5,16.0
2008,15,PHI,CLE,1,15.5,40.0,27.75
2008,15,PIT,BAL,0,3.0,34.0,15.5
2008,15,SD,KC,0,-6.0,41.0,23.5
2008,15,SEA,STL,0,-1.0,43.0,22.0
2008,15,SF,MIA,0,5.5,41.0,17.75
2008,15,STL,SEA,1,-1.0,43.0,21.0
2008,15,TB,ATL,0,5.5,43.5,19.0
2008,15,TEN,HOU,0,-3.0,45.0,24.0
2008,15,WAS,CIN,0,-6.5,36.5,21.5
2008,16,ARI,NE,0,9.0,41.0,16.0
2008,16,ATL,MIN,0,3.0,43.0,20.0
2008,16,BAL,DAL,0,5.0,39.5,17.25
2008,16,BUF,DEN,0,6.5,46.0,19.75
2008,16,CAR,NYG,0,4.0,38.0,17.0
2008,16,CHI,GB,1,4.0,40.0,22.0
2008,16,CIN,CLE,0,1.0,31.0,15.0
2008,16,CLE,CIN,1,1.0,31.0,16.0
2008,16,DAL,BAL,1,5.0,39.5,22.25
2008,16,DEN,BUF,1,6.5,46.0,26.25
2008,16,DET,NO,1,-7.0,50.5,21.75
2008,16,GB,CHI,0,4.0,40.0,18.0
2008,16,HOU,OAK,0,-7.0,43.0,25.0
2008,16,IND,JAX,0,-5.5,43.5,24.5
2008,16,JAX,IND,1,-5.5,43.5,19.0
2008,16,KC,MIA,1,-3.5,37.5,17.0
2008,16,MIA,KC,0,-3.5,37.5,20.5
2008,16,MIN,ATL,1,3.0,43.0,23.0
2008,16,NE,ARI,1,9.0,41.0,25.0
2008,16,NO,DET,0,-7.0,50.5,28.75
2008,16,NYG,CAR,1,4.0,38.0,21.0
2008,16,NYJ,SEA,0,-3.5,41.0,22.25
2008,16,OAK,HOU,1,-7.0,43.0,18.0
2008,16,PHI,WAS,0,-4.5,37.5,21.0
2008,16,PIT,TEN,0,-2.5,34.0,18.25
2008,16,SD,TB,0,4.5,42.5,19.0
2008,16,SEA,NYJ,1,-3.5,41.0,18.75
2008,16,SF,STL,0,-3.5,42.0,22.75
2008,16,STL,SF,1,-3.5,42.0,19.25
2008,16,TB,SD,1,4.5,42.5,23.5
2008,16,TEN,PIT,1,-2.5,34.0,15.75
2008,16,WAS,PHI,1,-4.5,37.5,16.5
2008,17,ARI,SEA,1,7.0,47.0,27.0
2008,17,ATL,STL,1,14.0,44.0,29.0
2008,17,BAL,JAX,1,10.5,37.5,24.0
2008,17,BUF,NE,1,-5.5,35.0,14.75
2008,17,CAR,NO,0,-1.0,51.5,26.25
2008,17,CHI,HOU,0,3.0,46.0,21.5
2008,17,CIN,KC,1,1.5,40.0,20.75
2008,17,CLE,PIT,0,11.0,33.5,11.25
2008,17,DAL,PHI,0,2.5,40.5,19.0
2008,17,DEN,SD,0,7.0,50.5,21.75
2008,17,DET,GB,0,11.0,41.0,15.0
2008,17,GB,DET,1,11.0,41.0,26.0
2008,17,HOU,CHI,1,3.0,46.0,24.5
2008,17,IND,TEN,1,-3.0,39.5,18.25
2008,17,JAX,BAL,0,10.5,37.5,13.5
2008,17,KC,CIN,0,1.5,40.0,19.25
2008,17,MIA,NYJ,0,2.5,43.0,20.25
2008,17,MIN,NYG,1,7.0,41.0,24.0
2008,17,NE,BUF,0,-5.5,35.0,20.25
2008,17,NO,CAR,1,-1.0,51.5,25.25
2008,17,NYG,MIN,0,7.0,41.0,17.0
2008,17,NYJ,MIA,1,2.5,43.0,22.75
2008,17,OAK,TB,0,11.0,38.5,13.75
2008,17,PHI,DAL,1,2.5,40.5,21.5
2008,17,PIT,CLE,1,11.0,33.5,22.25
2008,17,SD,DEN,1,7.0,50.5,28.75
2008,17,SEA,ARI,0,7.0,47.0,20.0
2008,17,SF,WAS,1,1.0,37.0,19.0
2008,17,STL,ATL,0,14.0,44.0,15.0
2008,17,TB,OAK,1,11.0,38.5,24.75
2008,17,TEN,IND,0,-3.0,39.5,21.25
2008,17,WAS,SF,0,1.0,37.0,18.0
2008,18,ARI,ATL,1,2.0,52.0,27.0
2008,18,ATL,ARI,0,2.0,52.0,25.0
2008,18,BAL,MIA,0,-3.5,38.0,20.75
2008,18,IND,SD,0,-1.5,49.0,25.25
2008,18,MIA,BAL,1,-3.5,38.0,17.25
2008,18,MIN,PHI,1,-3.0,40.5,18.75
2008,18,PHI,MIN,0,-3.0,40.5,21.75
2008,18,SD,IND,1,-1.5,49.0,23.75
2008,19,ARI,CAR,0,10.0,49.5,19.75
2008,19,BAL,TEN,0,3.0,33.5,15.25
2008,19,CAR,ARI,1,10.0,49.5,29.75
2008,19,NYG,PHI,1,4.0,39.0,21.5
2008,19,PHI,NYG,0,4.0,39.0,17.5
2008,19,PIT,SD,1,6.5,38.0,22.25
2008,19,SD,PIT,0,6.5,38.0,15.75
2008,19,TEN,BAL,1,3.0,33.5,18.25
2008,20,ARI,PHI,1,-3.5,47.0,21.75
2008,20,BAL,PIT,0,6.0,35.0,14.5
2008,20,PHI,ARI,0,-3.5,47.0,25.25
2008,20,PIT,BAL,1,6.0,35.0,20.5
2008,21,ARI,PIT,1,-6.5,46.5,20.0
2008,21,PIT,ARI,0,-6.5,46.5,26.5
2009,1,ARI,SF,1,5.0,45.5,25.25
2009,1,ATL,MIA,1,4.0,44.0,24.0
2009,1,BAL,KC,1,13.0,36.5,24.75
2009,1,BUF,NE,0,13.5,47.5,17.0
2009,1,CAR,PHI,1,-1.0,43.5,21.25
2009,1,CHI,GB,0,5.0,47.0,21.0
2009,1,CIN,DEN,1,4.5,41.0,22.75
2009,1,CLE,MIN,1,-4.0,39.5,17.75
2009,1,DAL,TB,0,-4.5,40.0,22.25
2009,1,DEN,CIN,0,4.5,41.0,18.25
2009,1,DET,NO,0,14.0,50.0,18.0
2009,1,GB,CHI,1,5.0,47.0,26.0
2009,1,HOU,NYJ,1,4.5,44.5,24.5
2009,1,IND,JAX,1,6.5,45.0,25.75
2009,1,JAX,IND,0,6.5,45.0,19.25
2009,1,KC,BAL,0,13.0,36.5,11.75
2009,1,MIA,ATL,0,4.0,44.0,20.0
2009,1,MIN,CLE,0,-4.0,39.5,21.75
2009,1,NE,BUF,1,13.5,47.5,30.5
2009,1,NO,DET,1,14.0,50.0,32.0
2009,1,NYG,WAS,1,6.0,37.0,21.5
2009,1,NYJ,HOU,0,4.5,44.5,20.0
2009,1,OAK,SD,1,-10.0,43.0,16.5
2009,1,PHI,CAR,0,-1.0,43.5,22.25
2009,1,PIT,TEN,1,6.5,35.5,21.0
2009,1,SD,OAK,0,-10.0,43.0,26.5
2009,1,SEA,STL,1,7.0,41.0,24.0
2009,1,SF,ARI,0,5.0,45.5,20.25
2009,1,STL,SEA,0,7.0,41.0,17.0
2009,1,TB,DAL,1,-4.5,40.0,17.75
2009,1,TEN,PIT,0,6.5,35.5,14.5
2009,1,WAS,NYG,0,6.0,37.0,15.5
2009,2,ARI,JAX,0,3.0,42.5,19.75
2009,2,ATL,CAR,1,5.5,43.5,24.5
2009,2,BAL,SD,0,3.0,40.0,18.5
2009,2,BUF,TB,1,4.5,42.0,23.25
2009,2,CAR,ATL,0,5.5,43.5,19.0
2009,2,CHI,PIT,1,-1.0,37.5,18.25
2009,2,CIN,GB,0,7.5,42.0,17.25
2009,2,CLE,DEN,0,3.0,38.5,17.75
2009,2,DAL,NYG,1,3.0,45.5,24.25
2009,2,DEN,CLE,1,3.0,38.5,20.75
2009,2,DET,MIN,1,-10.0,45.0,17.5
2009,2,GB,CIN,1,7.5,42.0,24.75
2009,2,HOU,TEN,0,7.0,40.5,16.75
2009,2,IND,MIA,0,-3.0,41.0,22.0
2009,2,JAX,ARI,1,3.0,42.5,22.75
2009,2,KC,OAK,1,1.5,40.0,20.75
2009,2,MIA,IND,1,-3.0,41.0,19.0
2009,2,MIN,DET,0,-10.0,45.0,27.5
2009,2,NE,NYJ,0,-3.5,45.0,24.25
2009,2,NO,PHI,0,-2.5,46.0,24.25
2009,2,NYG,DAL,0,3.0,45.5,21.25
2009,2,NYJ,NE,1,-3.5,45.0,20.75
2009,2,OAK,KC,0,1.5,40.0,19.25
2009,2,PHI,NO,1,-2.5,46.0,21.75
2009,2,PIT,CHI,0,-1.0,37.5,19.25
2009,2,SD,BAL,1,3.0,40.0,21.5
2009,2,SEA,SF,0,1.0,39.5,19.25
2009,2,SF,SEA,1,1.0,39.5,20.25
2009,2,STL,WAS,0,10.0,37.0,13.5
2009,2,TB,BUF,0,4.5,42.0,18.75
2009,2,TEN,HOU,1,7.0,40.5,23.75
2009,2,WAS,STL,1,10.0,37.0,23.5
2009,3,ARI,IND,1,3.0,49.0,26.0
2009,3,ATL,NE,0,4.5,45.5,20.5
2009,3,BAL,CLE,1,13.5,38.5,26.0
2009,3,BUF,NO,1,-5.5,51.5,23.0
2009,3,CAR,DAL,0,9.0,48.0,19.5
2009,3,CHI,SEA,0,-1.0,37.5,19.25
2009,3,CIN,PIT,1,-3.5,36.5,16.5
2009,3,CLE,BAL,0,13.5,38.5,12.5
2009,3,DAL,CAR,1,9.0,48.0,28.5
2009,3,DEN,OAK,0,-1.0,38.5,19.75
2009,3,DET,WAS,1,-6.5,39.5,16.5
2009,3,GB,STL,0,-6.5,42.5,24.5
2009,3,HOU,JAX,1,4.0,47.0,25.5
2009,3,IND,ARI,0,3.0,49.0,23.0
2009,3,JAX,HOU,0,4.0,47.0,21.5
2009,3,KC,PHI,0,7.5,38.5,15.5
2009,3,MIA,SD,0,5.5,45.0,19.75
2009,3,MIN,SF,1,7.0,39.0,23.0
2009,3,NE,ATL,1,4.5,45.5,25.0
2009,3,NO,BUF,0,-5.5,51.5,28.5
2009,3,NYG,TB,0,-6.0,46.0,26.0
2009,3,NYJ,TEN,1,1.0,36.5,18.75
2009,3,OAK,DEN,1,-1.0,38.5,18.75
2009,3,PHI,KC,1,7.5,38.5,23.0
2009,3,PIT,CIN,0,-3.5,36.5,20.0
2009,3,SD,MIA,1,5.5,45.0,25.25
2009,3,SEA,CHI,1,-1.0,37.5,18.25
2009,3,SF,MIN,0,7.0,39.0,16.0
2009,3,STL,GB,1,-6.5,42.5,18.0
2009,3,TB,NYG,1,-6.0,46.0,20.0
2009,3,TEN,NYJ,0,1.0,36.5,17.75
2009,3,WAS,DET,0,-6.5,39.5,23.0
2009,4,BAL,NE,0,1.0,45.5,22.25
2009,4,BUF,MIA,0,1.0,37.5,18.25
2009,4,CHI,DET,1,9.5,43.0,26.25
2009,4,CIN,CLE,0,-6.0,37.5,21.75
2009,4,CLE,CIN,1,-6.0,37.5,15.75
2009,4,DAL,DEN,0,-1.0,43.5,22.25
2009,4,DEN,DAL,1,-1.0,43.5,21.25
2009,4,DET,CHI,0,9.5,43.0,16.75
2009,4,GB,MIN,0,4.5,46.0,20.75
2009,4,HOU,OAK,1,9.0,42.5,25.75
2009,4,IND,SEA,1,10.0,43.5,26.75
2009,4,JAX,TEN,1,-3.0,42.0,19.5
2009,4,KC,NYG,1,-9.0,43.0,17.0
2009,4,MIA,BUF,1,1.0,37.5,19.25
2009,4,MIN,GB,1,4.5,46.0,25.25
2009,4,NE,BAL,1,1.0,45.5,23.25
2009,4,NO,NYJ,1,7.5,47.0,27.25
2009,4,NYG,KC,0,-9.0,43.0,26.0
2009,4,NYJ,NO,0,7.5,47.0,19.75
2009,4,OAK,HOU,0,9.0,42.5,16.75
2009,4,PIT,SD,1,5.5,43.0,24.25
2009,4,SD,PIT,0,5.5,43.0,18.75
2009,4,SEA,IND,0,10.0,43.5,16.75
2009,4,SF,STL,1,9.5,36.5,23.0
2009,4,STL,SF,0,9.5,36.5,13.5
2009,4,TB,WAS,0,9.5,36.5,13.5
2009,4,TEN,JAX,0,-3.0,42.0,22.5
2009,4,WAS,TB,1,9.5,36.5,23.0
2009,5,ARI,HOU,1,5.5,50.5,28.0
2009,5,ATL,SF,0,1.0,40.0,19.5
2009,5,BAL,CIN,1,9.0,42.0,25.5
2009,5,BUF,CLE,1,6.0,41.5,23.75
2009,5,CAR,WAS,1,5.0,38.0,21.5
2009,5,CIN,BAL,0,9.0,42.0,16.5
2009,5,CLE,BUF,0,6.0,41.5,17.75
2009,5,DAL,KC,0,-7.0,43.5,25.25
2009,5,DEN,NE,1,-3.0,41.0,19.0
2009,5,DET,PIT,1,-11.0,44.0,16.5
2009,5,HOU,ARI,0,5.5,50.5,22.5
2009,5,IND,TEN,0,-3.0,44.0,23.5
2009,5,JAX,SEA,0,1.0,44.0,21.5
2009,5,KC,DAL,1,-7.0,43.5,18.25
2009,5,MIA,NYJ,1,-3.0,36.0,16.5
2009,5,MIN,STL,0,-10.0,40.5,25.25
2009,5,NE,DEN,0,-3.0,41.0,22.0
2009,5,NYG,OAK,1,15.5,38.0,26.75
2009,5,NYJ,MIA,0,-3.0,36.0,19.5
2009,5,OAK,NYG,0,15.5,38.0,11.25
2009,5,PHI,TB,1,15.5,41.5,28.5
2009,5,PIT,DET,0,-11.0,44.0,27.5
2009,5,SEA,JAX,1,1.0,44.0,22.5
2009,5,SF,ATL,1,1.0,40.0,20.5
2009,5,STL,MIN,1,-10.0,40.5,15.25
2009,5,TB,PHI,0,15.5,41.5,13.0
2009,5,TEN,IND,1,-3.0,44.0,20.5
2009,5,WAS,CAR,0,5.0,38.0,16.5
2009,6,ARI,SEA,0,3.0,45.5,21.25
2009,6,ATL,CHI,1,4.0,46.0,25.0
2009,6,BAL,MIN,0,3.0,45.5,21.25
2009,6,BUF,NYJ,0,9.5,35.5,13.0
2009,6,CAR,TB,0,-3.0,40.5,21.75
2009,6,CHI,ATL,0,4.0,46.0,21.0
2009,6,CIN,HOU,1,4.0,46.0,25.0
2009,6,CLE,PIT,0,14.0,37.5,11.75
2009,6,DEN,SD,0,3.5,44.5,20.5
2009,6,DET,GB,0,14.0,48.5,17.25
2009,6,GB,DET,1,14.0,48.5,31.25
2009,6,HOU,CIN,0,4.0,46.0,21.0
2009,6,JAX,STL,1,9.5,42.0,25.75
2009,6,KC,WAS,0,6.5,36.5,15.0
2009,6,MIN,BAL,1,3.0,45.5,24.25
2009,6,NE,TEN,1,9.5,38.0,23.75
2009,6,NO,NYG,1,3.5,47.0,25.25
2009,6,NYG,NO,0,3.5,47.0,21.75
2009,6,NYJ,BUF,1,9.5,35.5,22.5
2009,6,OAK,PHI,1,-14.0,40.5,13.25
2009,6,PHI,OAK,0,-14.0,40.5,27.25
2009,6,PIT,CLE,1,14.0,37.5,25.75
2009,6,SD,DEN,1,3.5,44.5,24.0
2009,6,SEA,ARI,1,3.0,45.5,24.25
2009,6,STL,JAX,0,9.5,42.0,16.25
2009,6,TB,CAR,1,-3.0,40.5,18.75
2009,6,TEN,NE,0,9.5,38.0,14.25
2009,6,WAS,KC,1,6.5,36.5,21.5
2009,7,ARI,NYG,0,9.0,46.5,18.75
2009,7,ATL,DAL,0,5.5,47.5,21.0
2009,7,BUF,CAR,0,7.0,37.0,15.0
2009,7,CAR,BUF,1,7.0,37.0,22.0
2009,7,CHI,CIN,0,-1.0,42.5,21.75
2009,7,CIN,CHI,1,-1.0,42.5,20.75
2009,7,CLE,GB,1,-9.5,41.5,16.0
2009,7,DAL,ATL,1,5.5,47.5,26.5
2009,7,GB,CLE,0,-9.5,41.5,25.5
2009,7,HOU,SF,1,3.0,44.5,23.75
2009,7,IND,STL,0,-14.0,45.0,29.5
2009,7,KC,SD,1,-5.5,44.0,19.25
2009,7,MIA,NO,1,-6.0,48.0,21.0
2009,7,MIN,PIT,0,6.0,46.5,20.25
2009,7,NE,TB,0,-15.5,44.5,30.0
2009,7,NO,MIA,0,-6.0,48.0,27.0
2009,7,NYG,ARI,1,9.0,46.5,27.75
2009,7,NYJ,OAK,0,-6.0,34.0,20.0
2009,7,OAK,NYJ,1,-6.0,34.0,14.0
2009,7,PHI,WAS,0,-9.0,38.0,23.5
2009,7,PIT,MIN,1,6.0,46.5,26.25
2009,7,SD,KC,0,-5.5,44.0,24.75
2009,7,SF,HOU,0,3.0,44.5,20.75
2009,7,STL,IND,1,-14.0,45.0,15.5
2009,7,TB,NE,1,-15.5,44.5,14.5
2009,7,WAS,PHI,1,-9.0,38.0,14.5
2009,8,ARI,CAR,1,10.0,43.5,26.75
2009,8,ATL,NO,0,11.0,56.0,22.5
2009,8,BAL,DEN,1,4.5,42.5,23.5
2009,8,BUF,HOU,1,-3.5,42.0,19.25
2009,8,CAR,ARI,0,10.0,43.5,16.75
2009,8,CHI,CLE,1,11.5,40.0,25.75
2009,8,CLE,CHI,0,11.5,40.0,14.25
2009,8,DAL,SEA,1,10.0,46.0,28.0
2009,8,DEN,BAL,0,4.5,42.5,19.0
2009,8,DET,STL,1,3.5,43.5,23.5
2009,8,GB,MIN,1,3.5,46.5,25.0
2009,8,HOU,BUF,0,-3.5,42.0,22.75
2009,8,IND,SF,1,13.0,45.0,29.0
2009,8,JAX,TEN,0,3.0,44.0,20.5
2009,8,MIA,NYJ,0,3.5,40.0,18.25
2009,8,MIN,GB,0,3.5,46.5,21.5
2009,8,NO,ATL,1,11.0,56.0,33.5
2009,8,NYG,PHI,0,-1.0,43.0,22.0
2009,8,NYJ,MIA,1,3.5,40.0,21.75
2009,8,OAK,SD,0,16.0,41.5,12.75
2009,8,PHI,NYG,1,-1.0,43.0,21.0
2009,8,SD,OAK,1,16.0,41.5,28.75
2009,8,SEA,DAL,0,10.0,46.0,18.0
2009,8,SF,IND,0,13.0,45.0,16.0
2009,8,STL,DET,0,3.5,43.5,20.0
2009,8,TEN,JAX,1,3.0,44.0,23.5
2009,9,ARI,CHI,0,1.0,44.5,21.75
2009,9,ATL,WAS,1,9.0,41.0,25.0
2009,9,BAL,CIN,0,-3.0,45.0,24.0
2009,9,CAR,NO,0,12.5,51.0,19.25
2009,9,CHI,ARI,1,1.0,44.5,22.75
2009,9,CIN,BAL,1,-3.0,45.0,21.0
2009,9,DAL,PHI,0,3.0,50.0,23.5
2009,9,DEN,PIT,1,-3.0,41.0,19.0
2009,9,DET,SEA,0,11.0,42.0,15.5
2009,9,GB,TB,0,-9.5,43.0,26.25
2009,9,HOU,IND,0,7.5,50.5,21.5
2009,9,IND,HOU,1,7.5,50.5,29.0
2009,9,JAX,KC,1,7.0,41.5,24.25
2009,9,KC,JAX,0,7.0,41.5,17.25
2009,9,MIA,NE,0,10.5,47.0,18.25
2009,9,NE,MIA,1,10.5,47.0,28.75
2009,9,NO,CAR,1,12.5,51.0,31.75
2009,9,NYG,SD,1,5.0,48.5,26.75
2009,9,PHI,DAL,1,3.0,50.0,26.5
2009,9,PIT,DEN,0,-3.0,41.0,22.0
2009,9,SD,NYG,0,5.0,48.5,21.75
2009,9,SEA,DET,1,11.0,42.0,26.5
2009,9,SF,TEN,1,4.5,41.0,22.75
2009,9,TB,GB,1,-9.5,43.0,16.75
2009,9,TEN,SF,0,4.5,41.0,18.25
2009,9,WAS,ATL,0,9.0,41.0,16.0
2009,10,ARI,SEA,1,9.0,46.5,27.75
2009,10,ATL,CAR,0,-1.0,43.5,22.25
2009,10,BAL,CLE,0,-10.5,39.5,25.0
2009,10,BUF,TEN,0,9.0,41.0,16.0
2009,10,CAR,ATL,1,-1.0,43.5,21.25
2009,10,CHI,SF,0,3.5,43.0,19.75
2009,10,CIN,PIT,0,6.5,41.0,17.25
2009,10,CLE,BAL,1,-10.5,39.5,14.5
2009,10,DAL,GB,0,-3.0,48.0,25.5
2009,10,DEN,WAS,0,-3.5,36.0,19.75
2009,10,DET,MIN,0,17.0,47.5,15.25
2009,10,GB,DAL,1,-3.0,48.0,22.5
2009,10,IND,NE,1,1.0,48.0,24.5
2009,10,JAX,NYJ,0,6.5,41.0,17.25
2009,10,KC,OAK,0,1.0,36.5,17.75
2009,10,MIA,TB,1,10.0,43.0,26.5
2009,10,MIN,DET,1,17.0,47.5,32.25
2009,10,NE,IND,0,1.0,48.0,23.5
2009,10,NO,STL,0,-14.0,50.5,32.25
2009,10,NYJ,JAX,1,6.5,41.0,23.75
2009,10,OAK,KC,1,1.0,36.5,18.75
2009,10,PHI,SD,0,1.0,47.0,23.0
2009,10,PIT,CIN,1,6.5,41.0,23.75
2009,10,SD,PHI,1,1.0,47.0,24.0
2009,10,SEA,ARI,0,9.0,46.5,18.75
2009,10,SF,CHI,1,3.5,43.0,23.25
2009,10,STL,NO,1,-14.0,50.5,18.25
2009,10,TB,MIA,0,10.0,43.0,16.5
2009,10,TEN,BUF,1,9.0,41.0,25.0
2009,10,WAS,DEN,1,-3.5,36.0,16.25
2009,11,ARI,STL,0,-9.5,46.5,28.0
2009,11,ATL,NYG,0,7.0,46.0,19.5
2009,11,BAL,IND,1,-1.0,44.0,21.5
2009,11,BUF,JAX,0,9.0,41.0,16.0
2009,11,CAR,MIA,1,3.5,42.0,22.75
2009,11,CHI,PHI,1,-3.5,46.5,21.5
2009,11,CIN,OAK,0,-9.0,36.0,22.5
2009,11,CLE,DET,0,3.5,37.5,17.0
2009,11,DAL,WAS,1,11.0,41.5,26.25
2009,11,DEN,SD,1,-6.5,41.5,17.5
2009,11,DET,CLE,1,3.5,37.5,20.5
2009,11,GB,SF,1,6.0,42.0,24.0
2009,11,HOU,TEN,1,4.0,48.0,26.0
2009,11,IND,BAL,0,-1.0,44.0,22.5
2009,11,JAX,BUF,1,9.0,41.0,25.0
2009,11,KC,PIT,1,-10.5,39.5,14.5
2009,11,MIA,CAR,0,3.5,42.0,19.25
2009,11,MIN,SEA,1,10.5,47.0,28.75
2009,11,NE,NYJ,1,10.5,45.0,27.75
2009,11,NO,TB,0,-10.5,51.0,30.75
2009,11,NYG,ATL,1,7.0,46.0,26.5
2009,11,NYJ,NE,0,10.5,45.0,17.25
2009,11,OAK,CIN,1,-9.0,36.0,13.5
2009,11,PHI,CHI,0,-3.5,46.5,25.0
2009,11,PIT,KC,0,-10.5,39.5,25.0
2009,11,SD,DEN,0,-6.5,41.5,24.0
2009,11,SEA,MIN,0,10.5,47.0,18.25
2009,11,SF,GB,0,6.0,42.0,18.0
2009,11,STL,ARI,1,-9.5,46.5,18.5
2009,11,TB,NO,1,-10.5,51.0,20.25
2009,11,TEN,HOU,0,4.0,48.0,22.0
2009,11,WAS,DAL,0,11.0,41.5,15.25
2009,12,ARI,TEN,0,3.5,44.5,20.5
2009,12,ATL,TB,1,12.0,46.0,29.0
2009,12,BAL,PIT,1,9.0,35.0,22.0
2009,12,BUF,MIA,1,-3.5,38.0,17.25
2009,12,CAR,NYJ,0,3.5,41.0,18.75
2009,12,CHI,MIN,0,10.0,47.0,18.5
2009,12,CIN,CLE,1,12.0,39.5,25.75
2009,12,CLE,CIN,0,12.0,39.5,13.75
2009,12,DAL,OAK,1,13.5,40.5,27.0
2009,12,DEN,NYG,1,-4.5,43.5,19.5
2009,12,DET,GB,1,-11.0,48.0,18.5
2009,12,GB,DET,0,-11.0,48.0,29.5
2009,12,HOU,IND,1,-3.0,48.0,22.5
2009,12,IND,HOU,0,-3.0,48.0,25.5
2009,12,JAX,SF,0,3.0,42.5,19.75
2009,12,KC,SD,0,13.0,44.5,15.75
2009,12,MIA,BUF,0,-3.5,38.0,20.75
2009,12,MIN,CHI,1,10.0,47.0,28.5
2009,12,NE,NO,0,1.0,57.0,28.0
2009,12,NO,NE,1,1.0,57.0,29.0
2009,12,NYG,DEN,0,-4.5,43.5,24.0
2009,12,NYJ,CAR,1,3.5,41.0,22.25
2009,12,OAK,DAL,0,13.5,40.5,13.5
2009,12,PHI,WAS,1,9.5,40.5,25.0
2009,12,PIT,BAL,0,9.0,35.0,13.0
2009,12,SD,KC,1,13.0,44.5,28.75
2009,12,SEA,STL,0,-3.5,42.5,23.0
2009,12,SF,JAX,1,3.0,42.5,22.75
2009,12,STL,SEA,1,-3.5,42.5,19.5
2009,12,TB,ATL,0,12.0,46.0,17.0
2009,12,TEN,ARI,1,3.5,44.5,24.0
2009,12,WAS,PHI,0,9.5,40.5,15.5
2009,13,ARI,MIN,1,-3.5,48.0,22.25
2009,13,ATL,PHI,1,-4.0,43.5,19.75
2009,13,BAL,GB,0,4.0,43.0,19.5
2009,13,BUF,NYJ,1,-3.5,37.0,16.75
2009,13,CAR,TB,1,3.5,40.0,21.75
2009,13,CHI,STL,1,9.5,41.0,25.25
2009,13,CIN,DET,1,13.5,42.0,27.75
2009,13,CLE,SD,1,-13.5,42.5,14.5
2009,13,DAL,NYG,0,-1.0,45.5,23.25
2009,13,DEN,KC,0,-6.0,39.0,22.5
2009,13,DET,CIN,0,13.5,42.0,14.25
2009,13,GB,BAL,1,4.0,43.0,23.5
2009,13,HOU,JAX,0,-1.0,47.5,24.25
2009,13,IND,TEN,1,6.0,47.0,26.5
2009,13,JAX,HOU,1,-1.0,47.5,23.25
2009,13,KC,DEN,1,-6.0,39.0,16.5
2009,13,MIA,NE,1,-4.5,46.0,20.75
2009,13,MIN,ARI,0,-3.5,48.0,25.75
2009,13,NE,MIA,0,-4.5,46.0,25.25
2009,13,NO,WAS,0,-9.0,46.5,27.75
2009,13,NYG,DAL,1,-1.0,45.5,22.25
2009,13,NYJ,BUF,0,-3.5,37.0,20.25
2009,13,OAK,PIT,0,14.5,37.0,11.25
2009,13,PHI,ATL,0,-4.0,43.5,23.75
2009,13,PIT,OAK,1,14.5,37.0,25.75
2009,13,SD,CLE,0,-13.5,42.5,28.0
2009,13,SEA,SF,1,-1.0,41.5,20.25
2009,13,SF,SEA,0,-1.0,41.5,21.25
2009,13,STL,CHI,0,9.5,41.0,15.75
2009,13,TB,CAR,0,3.5,40.0,18.25
2009,13,TEN,IND,0,6.0,47.0,20.5
2009,13,WAS,NO,1,-9.0,46.5,18.75
2009,14,ARI,SF,0,-4.0,44.5,24.25
2009,14,ATL,NO,1,-10.0,50.5,20.25
2009,14,BAL,DET,1,14.0,40.5,27.25
2009,14,BUF,KC,0,-3.0,38.0,20.5
2009,14,CAR,NE,0,12.5,43.5,15.5
2009,14,CHI,GB,1,-4.0,41.0,18.5
2009,14,CIN,MIN,0,6.0,42.5,18.25
2009,14,CLE,PIT,1,-10.0,34.0,12.0
2009,14,DAL,SD,1,3.5,48.5,26.0
2009,14,DEN,IND,0,6.5,43.5,18.5
2009,14,DET,BAL,0,14.0,40.5,13.25
2009,14,GB,CHI,0,-4.0,41.0,22.5
2009,14,HOU,SEA,1,7.0,44.5,25.75
2009,14,IND,DEN,1,6.5,43.5,25.0
2009,14,JAX,MIA,1,1.0,43.0,22.0
2009,14,KC,BUF,1,-3.0,38.0,17.5
2009,14,MIA,JAX,0,1.0,43.0,21.0
2009,14,MIN,CIN,1,6.0,42.5,24.25
2009,14,NE,CAR,1,12.5,43.5,28.0
2009,14,NO,ATL,0,-10.0,50.5,30.25
2009,14,NYG,PHI,1,-1.0,42.5,20.75
2009,14,NYJ,TB,0,-3.5,36.5,20.0
2009,14,OAK,WAS,1,-1.0,37.5,18.25
2009,14,PHI,NYG,0,-1.0,42.5,21.75
2009,14,PIT,CLE,0,-10.0,34.0,22.0
2009,14,SD,DAL,0,3.5,48.5,22.5
2009,14,SEA,HOU,0,7.0,44.5,18.75
2009,14,SF,ARI,1,-4.0,44.5,20.25
2009,14,STL,TEN,0,13.5,40.0,13.25
2009,14,TB,NYJ,1,-3.5,36.5,16.5
2009,14,TEN,STL,1,13.5,40.0,26.75
2009,14,WAS,OAK,0,-1.0,37.5,19.25
2009,15,ARI,DET,0,-14.0,46.5,30.25
2009,15,ATL,NYJ,0,5.5,36.5,15.5
2009,15,BAL,CHI,1,10.5,39.5,25.0
2009,15,BUF,NE,1,-6.5,41.5,17.5
2009,15,CAR,MIN,1,-9.0,42.5,16.75
2009,15,CHI,BAL,0,10.5,39.5,14.5
2009,15,CIN,SD,0,6.5,44.0,18.75
2009,15,CLE,KC,0,1.0,39.0,19.0
2009,15,DAL,NO,0,7.5,53.5,23.0
2009,15,DEN,OAK,1,13.5,37.0,25.25
2009,15,DET,ARI,1,-14.0,46.5,16.25
2009,15,GB,PIT,0,2.5,41.5,19.5
2009,15,HOU,STL,0,-14.0,43.5,28.75
2009,15,IND,JAX,0,-3.5,43.0,23.25
2009,15,JAX,IND,1,-3.5,43.0,19.75
2009,15,KC,CLE,1,1.0,39.0,20.0
2009,15,MIA,TEN,0,4.5,42.5,19.0
2009,15,MIN,CAR,0,-9.0,42.5,25.75
2009,15,NE,BUF,0,-6.5,41.5,24.0
2009,15,NO,DAL,1,7.5,53.5,30.5
2009,15,NYG,WAS,0,-1.0,43.5,22.25
2009,15,NYJ,ATL,1,5.5,36.5,21.0
2009,15,OAK,DEN,0,13.5,37.0,11.75
2009,15,PHI,SF,1,7.0,41.0,24.0
2009,15,PIT,GB,1,2.5,41.5,22.0
2009,15,SD,CIN,1,6.5,44.0,25.25
2009,15,SEA,TB,1,6.5,39.0,22.75
2009,15,SF,PHI,0,7.0,41.0,17.0
2009,15,STL,HOU,1,-14.0,43.5,14.75
2009,15,TB,SEA,0,6.5,39.0,16.25
2009,15,TEN,MIA,1,4.5,42.5,23.5
2009,15,WAS,NYG,1,-1.0,43.5,21.25
2009,16,ARI,STL,1,16.0,44.0,30.0
2009,16,ATL,BUF,1,9.0,40.5,24.75
2009,16,BAL,PIT,0,3.0,43.0,20.0
2009,16,BUF,ATL,0,9.0,40.5,15.75
2009,16,CAR,NYG,0,9.0,43.0,17.0
2009,16,CHI,MIN,1,-9.0,41.0,16.0
2009,16,CIN,KC,1,13.0,39.5,26.25
2009,16,CLE,OAK,1,3.0,37.0,20.0
2009,16,DAL,WAS,0,-7.0,42.0,24.5
2009,16,DEN,PHI,0,7.0,43.0,18.0
2009,16,DET,SF,0,14.0,41.0,13.5
2009,16,GB,SEA,1,13.5,43.5,28.5
2009,16,HOU,MIA,0,1.0,47.0,23.0
2009,16,IND,NYJ,1,3.0,40.5,21.75
2009,16,JAX,NE,0,9.5,44.5,17.5
2009,16,KC,CIN,0,13.0,39.5,13.25
2009,16,MIA,HOU,1,1.0,47.0,24.0
2009,16,MIN,CHI,0,-9.0,41.0,25.0
2009,16,NE,JAX,1,9.5,44.5,27.0
2009,16,NO,TB,1,14.0,48.5,31.25
2009,16,NYG,CAR,1,9.0,43.0,26.0
2009,16,NYJ,IND,0,3.0,40.5,18.75
2009,16,OAK,CLE,0,3.0,37.0,17.0
2009,16,PHI,DEN,1,7.0,43.0,25.0
2009,16,PIT,BAL,1,3.0,43.0,23.0
2009,16,SD,TEN,0,1.0,47.5,23.25
2009,16,SEA,GB,0,13.5,43.5,15.0
2009,16,SF,DET,1,14.0,41.0,27.5
2009,16,STL,ARI,0,16.0,44.0,14.0
2009,16,TB,NO,0,14.0,48.5,17.25
2009,16,TEN,SD,1,1.0,47.5,24.25
2009,16,WAS,DAL,1,-7.0,42.0,17.5
2009,17,ARI,GB,1,3.0,42.0,22.5
2009,17,ATL,TB,0,-3.0,41.5,22.25
2009,17,BAL,OAK,0,-10.0,39.0,24.5
2009,17,BUF,IND,1,9.0,32.5,20.75
2009,17,CAR,NO,1,10.0,41.0,25.5
2009,17,CHI,DET,0,-4.0,44.0,24.0
2009,17,CIN,NYJ,0,9.5,33.5,12.0
2009,17,CLE,JAX,1,1.0,35.5,18.25
2009,17,DAL,PHI,1,3.0,47.5,25.25
2009,17,DEN,KC,1,9.5,38.0,23.75
2009,17,DET,CHI,1,-4.0,44.0,20.0
2009,17,GB,ARI,0,3.0,42.0,19.5
2009,17,HOU,NE,1,9.0,46.5,27.75
2009,17,IND,BUF,0,9.0,32.5,11.75
2009,17,JAX,CLE,0,1.0,35.5,17.25
2009,17,KC,DEN,0,9.5,38.0,14.25
2009,17,MIA,PIT,1,-3.0,46.0,21.5
2009,17,MIN,NYG,1,9.0,48.0,28.5
2009,17,NE,HOU,0,9.0,46.5,18.75
2009,17,NO,CAR,0,10.0,41.0,15.5
2009,17,NYG,MIN,0,9.0,48.0,19.5
2009,17,NYJ,CIN,1,9.5,33.5,21.5
2009,17,OAK,BAL,1,-10.0,39.0,14.5
2009,17,PHI,DAL,0,3.0,47.5,22.25
2009,17,PIT,MIA,0,-3.0,46.0,24.5
2009,17,SD,WAS,1,3.0,39.0,21.0
2009,17,SEA,TEN,1,-6.0,45.0,19.5
2009,17,SF,STL,0,-7.0,39.5,23.25
2009,17,STL,SF,1,-7.0,39.5,16.25
2009,17,TB,ATL,1,-3.0,41.5,19.25
2009,17,TEN,SEA,0,-6.0,45.0,25.5
2009,17,WAS,SD,0,3.0,39.0,18.0
2009,18,ARI,GB,1,-2.5,48.0,22.75
2009,18,BAL,NE,0,3.5,43.5,20.0
2009,18,CIN,NYJ,1,2.5,34.0,18.25
2009,18,DAL,PHI,1,3.5,45.5,24.5
2009,18,GB,ARI,0,-2.5,48.0,25.25
2009,18,NE,BAL,1,3.5,43.5,23.5
2009,18,NYJ,CIN,0,2.5,34.0,15.75
2009,18,PHI,DAL,0,3.5,45.5,21.0
2009,19,ARI,NO,0,7.0,57.0,25.0
2009,19,BAL,IND,0,6.5,44.0,18.75
2009,19,DAL,MIN,0,2.5,45.0,21.25
2009,19,IND,BAL,1,6.5,44.0,25.25
2009,19,MIN,DAL,1,2.5,45.0,23.75
2009,19,NO,ARI,1,7.0,57.0,32.0
2009,19,NYJ,SD,0,9.0,42.5,16.75
2009,19,SD,NYJ,1,9.0,42.5,25.75
2009,20,IND,NYJ,1,8.0,40.0,24.0
2009,20,MIN,NO,0,4.0,54.0,25.0
2009,20,NO,MIN,1,4.0,54.0,29.0
2009,20,NYJ,IND,0,8.0,40.0,16.0
2009,21,IND,NO,1,4.5,56.5,30.5
2009,21,NO,IND,0,4.5,56.5,26.0
2010,1,ARI,STL,0,-3.0,39.5,21.25
2010,1,ATL,PIT,0,-1.0,38.5,19.75
2010,1,BAL,NYJ,0,1.0,36.5,17.75
2010,1,BUF,MIA,1,-3.0,39.5,18.25
2010,1,CAR,NYG,0,5.5,40.5,17.5
2010,1,CHI,DET,1,6.5,44.5,25.5
2010,1,CIN,NE,0,5.0,44.5,19.75
2010,1,CLE,TB,0,2.5,37.0,17.25
2010,1,DAL,WAS,0,-3.5,39.5,21.5
2010,1,DEN,JAX,0,3.0,41.5,19.25
2010,1,DET,CHI,0,6.5,44.5,19.0
2010,1,GB,PHI,0,-3.0,47.5,25.25
2010,1,HOU,IND,1,-1.0,47.5,23.25
2010,1,IND,HOU,0,-1.0,47.5,24.25
2010,1,JAX,DEN,1,3.0,41.5,22.25
2010,1,KC,SD,1,-4.0,45.5,20.75
2010,1,MIA,BUF,0,-3.0,39.5,21.25
2010,1,MIN,NO,0,4.5,48.5,22.0
2010,1,NE,CIN,1,5.0,44.5,24.75
2010,1,NO,MIN,1,4.5,48.5,26.5
2010,1,NYG,CAR,1,5.5,40.5,23.0
2010,1,NYJ,BAL,1,1.0,36.5,18.75
2010,1,OAK,TEN,0,6.5,39.5,16.5
2010,1,PHI,GB,1,-3.0,47.5,22.25
2010,1,PIT,ATL,1,-1.0,38.5,18.75
2010,1,SD,KC,0,-4.0,45.5,24.75
2010,1,SEA,SF,1,-3.0,37.0,17.0
2010,1,SF,SEA,0,-3.0,37.0,20.0
2010,1,STL,ARI,1,-3.0,39.5,18.25
2010,1,TB,CLE,1,2.5,37.0,19.75
2010,1,TEN,OAK,1,6.5,39.5,23.0
2010,1,WAS,DAL,1,-3.5,39.5,18.0
2010,2,ARI,ATL,0,7.0,43.0,18.0
2010,2,ATL,ARI,1,7.0,43.0,25.0
2010,2,BAL,CIN,0,-2.5,39.5,21.0
2010,2,BUF,GB,0,12.5,43.0,15.25
2010,2,CAR,TB,1,4.0,38.0,21.0
2010,2,CHI,DAL,0,7.0,41.0,17.0
2010,2,CIN,BAL,1,-2.5,39.5,18.5
2010,2,CLE,KC,1,3.0,38.0,20.5
2010,2,DAL,CHI,1,7.0,41.0,24.0
2010,2,DEN,SEA,1,3.5,41.0,22.25
2010,2,DET,PHI,1,-6.5,41.0,17.25
2010,2,GB,BUF,1,12.5,43.0,27.75
2010,2,HOU,WAS,0,-2.5,43.0,22.75
2010,2,IND,NYG,1,4.0,47.5,25.75
2010,2,JAX,SD,0,7.0,45.5,19.25
2010,2,KC,CLE,0,3.0,38.0,17.5
2010,2,MIA,MIN,0,5.5,40.5,17.5
2010,2,MIN,MIA,1,5.5,40.5,23.0
2010,2,NE,NYJ,0,-3.0,39.5,21.25
2010,2,NO,SF,0,-4.5,43.5,24.0
2010,2,NYG,IND,0,4.0,47.5,21.75
2010,2,NYJ,NE,1,-3.0,39.5,18.25
2010,2,OAK,STL,1,3.0,37.5,20.25
2010,2,PHI,DET,0,-6.5,41.0,23.75
2010,2,PIT,TEN,0,6.0,36.5,15.25
2010,2,SD,JAX,1,7.0,45.5,26.25
2010,2,SEA,DEN,0,3.5,41.0,18.75
2010,2,SF,NO,1,-4.5,43.5,19.5
2010,2,STL,OAK,0,3.0,37.5,17.25
2010,2,TB,CAR,0,4.0,38.0,17.0
2010,2,TEN,PIT,1,6.0,36.5,21.25
2010,2,WAS,HOU,1,-2.5,43.0,20.25
2010,3,ARI,OAK,1,5.5,38.5,22.0
2010,3,ATL,NO,0,3.0,49.5,23.25
2010,3,BAL,CLE,1,12.0,36.5,24.25
2010,3,BUF,NE,0,14.0,42.5,14.25
2010,3,CAR,CIN,1,-3.0,37.5,17.25
2010,3,CHI,GB,1,-3.0,45.5,21.25
2010,3,CIN,CAR,0,-3.0,37.5,20.25
2010,3,CLE,BAL,0,12.0,36.5,12.25
2010,3,DAL,HOU,0,1.5,47.5,23.0
2010,3,DEN,IND,1,-5.5,47.0,20.75
2010,3,DET,MIN,0,13.0,42.5,14.75
2010,3,GB,CHI,0,-3.0,45.5,24.25
2010,3,HOU,DAL,1,1.5,47.5,24.5
2010,3,IND,DEN,0,-5.5,47.0,26.25
2010,3,JAX,PHI,1,-2.0,45.0,21.5
2010,3,KC,SF,1,-2.5,38.0,17.75
2010,3,MIA,NYJ,1,1.0,35.5,18.25
2010,3,MIN,DET,1,13.0,42.5,27.75
2010,3,NE,BUF,1,14.0,42.5,28.25
2010,3,NO,ATL,1,3.0,49.5,26.25
2010,3,NYG,TEN,1,3.0,43.5,23.25
2010,3,NYJ,MIA,0,1.0,35.5,17.25
2010,3,OAK,ARI,0,5.5,38.5,16.5
2010,3,PHI,JAX,0,-2.0,45.0,23.5
2010,3,PIT,TB,0,-2.0,33.0,17.5
2010,3,SD,SEA,0,-3.5,44.0,23.75
2010,3,SEA,SD,1,-3.5,44.0,20.25
2010,3,SF,KC,0,-2.5,38.0,20.25
2010,3,STL,WAS,1,-4.5,39.0,17.25
2010,3,TB,PIT,1,-2.0,33.0,15.5
2010,3,TEN,NYG,0,3.0,43.5,20.25
2010,3,WAS,STL,0,-4.5,39.0,21.75
2010,4,ARI,SD,0,10.0,47.0,18.5
2010,4,ATL,SF,1,7.0,42.5,24.75
2010,4,BAL,PIT,0,2.0,34.5,16.25
2010,4,BUF,NYJ,1,-5.5,36.5,15.5
2010,4,CAR,NO,0,12.5,43.5,15.5
2010,4,CHI,NYG,0,3.5,44.0,20.25
2010,4,CIN,CLE,0,-1.5,36.5,19.0
2010,4,CLE,CIN,1,-1.5,36.5,17.5
2010,4,DEN,TEN,0,6.0,43.5,18.75
2010,4,DET,GB,0,14.5,46.0,15.75
2010,4,GB,DET,1,14.5,46.0,30.25
2010,4,HOU,OAK,0,-3.5,43.5,23.5
2010,4,IND,JAX,0,-7.0,45.5,26.25
2010,4,JAX,IND,1,-7.0,45.5,19.25
2010,4,MIA,NE,1,1.0,48.0,24.5
2010,4,NE,MIA,0,1.0,48.0,23.5
2010,4,NO,CAR,1,12.5,43.5,28.0
2010,4,NYG,CHI,1,3.5,44.0,23.75
2010,4,NYJ,BUF,0,-5.5,36.5,21.0
2010,4,OAK,HOU,1,-3.5,43.5,20.0
2010,4,PHI,WAS,1,5.0,44.0,24.5
2010,4,PIT,BAL,1,2.0,34.5,18.25
2010,4,SD,ARI,1,10.0,47.0,28.5
2010,4,SEA,STL,0,-1.5,40.0,20.75
2010,4,SF,ATL,0,7.0,42.5,17.75
2010,4,STL,SEA,1,-1.5,40.0,19.25
2010,4,TEN,DEN,1,6.0,43.5,24.75
2010,4,WAS,PHI,0,5.0,44.0,19.5
2010,5,ARI,NO,1,-6.5,45.5,19.5
2010,5,ATL,CLE,0,-3.0,41.5,22.25
2010,5,BAL,DEN,1,8.0,39.5,23.75
2010,5,BUF,JAX,1,2.5,41.5,22.0
2010,5,CAR,CHI,1,2.5,33.0,17.75
2010,5,CHI,CAR,0,2.5,33.0,15.25
2010,5,CIN,TB,1,6.5,38.0,22.25
2010,5,CLE,ATL,1,-3.0,41.5,19.25
2010,5,DAL,TEN,1,6.5,43.5,25.0
2010,5,DEN,BAL,0,8.0,39.5,15.75
2010,5,DET,STL,1,3.0,43.5,23.25
2010,5,GB,WAS,0,-2.5,45.5,24.0
2010,5,HOU,NYG,1,3.0,48.5,25.75
2010,5,IND,KC,1,7.5,46.0,26.75
2010,5,JAX,BUF,0,2.5,41.5,19.5
2010,5,KC,IND,0,7.5,46.0,19.25
2010,5,MIN,NYJ,0,4.0,38.0,17.0
2010,5,NO,ARI,0,-6.5,45.5,26.0
2010,5,NYG,HOU,0,3.0,48.5,22.75
2010,5,NYJ,MIN,1,4.0,38.0,21.0
2010,5,OAK,SD,1,-7.0,44.0,18.5
2010,5,PHI,SF,0,3.0,39.5,18.25
2010,5,SD,OAK,0,-7.0,44.0,25.5
2010,5,SF,PHI,1,3.0,39.5,21.25
2010,5,STL,DET,0,3.0,43.5,20.25
2010,5,TB,CIN,0,6.5,38.0,15.75
2010,5,TEN,DAL,0,6.5,43.5,18.5
2010,5,WAS,GB,1,-2.5,45.5,21.5
2010,6,ATL,PHI,0,1.0,43.0,21.0
2010,6,BAL,NE,0,3.0,44.5,20.75
2010,6,CHI,SEA,1,6.0,37.5,21.75
2010,6,CLE,PIT,0,14.0,37.5,11.75
2010,6,DAL,MIN,0,1.0,43.5,21.25
2010,6,DEN,NYJ,1,-3.5,43.0,19.75
2010,6,DET,NYG,0,10.0,45.5,17.75
2010,6,GB,MIA,1,3.0,44.0,23.5
2010,6,HOU,KC,1,4.5,45.5,25.0
2010,6,IND,WAS,0,-3.0,44.5,23.75
2010,6,JAX,TEN,1,-3.0,43.5,20.25
2010,6,KC,HOU,0,4.5,45.5,20.5
2010,6,MIA,GB,0,3.0,44.0,20.5
2010,6,MIN,DAL,1,1.0,43.5,22.25
2010,6,NE,BAL,1,3.0,44.5,23.75
2010,6,NO,TB,0,-5.5,43.5,24.5
2010,6,NYG,DET,1,10.0,45.5,27.75
2010,6,NYJ,DEN,0,-3.5,43.0,23.25
2010,6,OAK,SF,0,9.0,40.5,15.75
2010,6,PHI,ATL,1,1.0,43.0,22.0
2010,6,PIT,CLE,1,14.0,37.5,25.75
2010,6,SD,STL,0,-9.5,44.5,27.0
2010,6,SEA,CHI,0,6.0,37.5,15.75
2010,6,SF,OAK,1,9.0,40.5,24.75
2010,6,STL,SD,1,-9.5,44.5,17.5
2010,6,TB,NO,1,-5.5,43.5,19.0
2010,6,TEN,JAX,0,-3.0,43.5,23.25
2010,6,WAS,IND,1,-3.0,44.5,20.75
2010,7,ARI,SEA,0,6.5,40.5,17.0
2010,7,ATL,CIN,1,3.5,43.0,23.25
2010,7,BAL,BUF,1,12.0,39.5,25.75
2010,7,BUF,BAL,0,12.0,39.5,13.75
2010,7,CAR,SF,1,-1.0,36.5,17.75
2010,7,CHI,WAS,1,3.0,40.5,21.75
2010,7,CIN,ATL,0,3.5,43.0,19.75
2010,7,CLE,NO,0,12.0,44.0,16.0
2010,7,DAL,NYG,1,3.5,45.0,24.25
2010,7,DEN,OAK,1,7.0,43.0,25.0
2010,7,GB,MIN,1,2.5,43.5,23.0
2010,7,JAX,KC,0,9.0,38.5,14.75
2010,7,KC,JAX,1,9.0,38.5,23.75
2010,7,MIA,PIT,1,-3.0,40.5,18.75
2010,7,MIN,GB,0,2.5,43.5,20.5
2010,7,NE,SD,0,2.5,49.0,23.25
2010,7,NO,CLE,1,12.0,44.0,28.0
2010,7,NYG,DAL,0,3.5,45.0,20.75
2010,7,OAK,DEN,0,7.0,43.0,18.0
2010,7,PHI,TEN,0,3.0,41.0,19.0
2010,7,PIT,MIA,0,-3.0,40.5,21.75
2010,7,SD,NE,1,2.5,49.0,25.75
2010,7,SEA,ARI,1,6.5,40.5,23.5
2010,7,SF,CAR,0,-1.0,36.5,18.75
2010,7,STL,TB,0,3.0,38.5,17.75
2010,7,TB,STL,1,3.0,38.5,20.75
2010,7,TEN,PHI,1,3.0,41.0,22.0
2010,7,WAS,CHI,0,3.0,40.5,18.75
2010,8,ARI,TB,1,3.0,38.0,20.5
2010,8,BUF,KC,0,7.0,45.0,19.0
2010,8,CAR,STL,0,2.5,38.0,17.75
2010,8,CIN,MIA,1,-1.0,43.0,21.0
2010,8,DAL,JAX,1,6.5,43.5,25.0
2010,8,DEN,SF,0,2.0,41.0,19.5
2010,8,DET,WAS,1,2.5,44.5,23.5
2010,8,GB,NYJ,0,6.5,41.5,17.5
2010,8,HOU,IND,0,5.5,50.5,22.5
2010,8,IND,HOU,1,5.5,50.5,28.0
2010,8,JAX,DAL,0,6.5,43.5,18.5
2010,8,KC,BUF,1,7.0,45.0,26.0
2010,8,MIA,CIN,0,-1.0,43.0,22.0
2010,8,MIN,NE,0,5.0,44.5,19.75
2010,8,NE,MIN,1,5.0,44.5,24.75
2010,8,NO,PIT,1,1.0,45.0,23.0
2010,8,NYJ,GB,1,6.5,41.5,24.0
2010,8,OAK,SEA,1,1.5,39.5,20.5
2010,8,PIT,NO,0,1.0,45.0,22.0
2010,8,SD,TEN,1,6.0,45.0,25.5
2010,8,SEA,OAK,0,1.5,39.5,19.0
2010,8,SF,DEN,1,2.0,41.0,21.5
2010,8,STL,CAR,1,2.5,38.0,20.25
2010,8,TB,ARI,0,3.0,38.0,17.5
2010,8,TEN,SD,0,6.0,45.0,19.5
2010,8,WAS,DET,0,2.5,44.5,21.0
2010,9,ARI,MIN,0,7.0,42.5,17.75
2010,9,ATL,TB,1,10.0,44.5,27.25
2010,9,BAL,MIA,1,5.0,40.5,22.75
2010,9,BUF,CHI,1,-3.0,41.5,19.25
2010,9,CAR,NO,1,-5.5,40.0,17.25
2010,9,CHI,BUF,0,-3.0,41.5,22.25
2010,9,CIN,PIT,1,-5.0,41.5,18.25
2010,9,CLE,NE,1,-4.0,44.0,20.0
2010,9,DAL,GB,0,7.0,46.0,19.5
2010,9,DET,NYJ,1,-5.5,42.5,18.5
2010,9,GB,DAL,1,7.0,46.0,26.5
2010,9,HOU,SD,1,-3.0,50.0,23.5
2010,9,IND,PHI,0,3.5,46.5,21.5
2010,9,KC,OAK,0,-1.0,41.0,21.0
2010,9,MIA,BAL,0,5.0,40.5,17.75
2010,9,MIN,ARI,1,7.0,42.5,24.75
2010,9,NE,CLE,0,-4.0,44.0,24.0
2010,9,NO,CAR,0,-5.5,40.0,22.75
2010,9,NYG,SEA,0,-7.0,40.5,23.75
2010,9,NYJ,DET,0,-5.5,42.5,24.0
2010,9,OAK,KC,1,-1.0,41.0,20.0
2010,9,PHI,IND,1,3.5,46.5,25.0
2010,9,PIT,CIN,0,-5.0,41.5,23.25
2010,9,SD,HOU,0,-3.0,50.0,26.5
2010,9,SEA,NYG,1,-7.0,40.5,16.75
2010,9,TB,ATL,0,10.0,44.5,17.25
2010,10,ARI,SEA,1,3.5,41.0,22.25
2010,10,ATL,BAL,1,1.0,43.5,22.25
2010,10,BAL,ATL,0,1.0,43.5,21.25
2010,10,BUF,DET,1,1.5,45.0,23.25
2010,10,CAR,TB,0,7.0,36.5,14.75
2010,10,CHI,MIN,1,1.0,41.0,21.0
2010,10,CIN,IND,0,6.5,47.0,20.25
2010,10,CLE,NYJ,1,-3.5,37.0,16.75
2010,10,DAL,NYG,0,11.5,46.0,17.25
2010,10,DEN,KC,1,-1.0,44.0,21.5
2010,10,DET,BUF,0,1.5,45.0,21.75
2010,10,HOU,JAX,0,1.0,48.0,23.5
2010,10,IND,CIN,1,6.5,47.0,26.75
2010,10,JAX,HOU,1,1.0,48.0,24.5
2010,10,KC,DEN,0,-1.0,44.0,22.5
2010,10,MIA,TEN,1,1.0,43.0,22.0
2010,10,MIN,CHI,0,1.0,41.0,20.0
2010,10,NE,PIT,0,4.5,44.5,20.0
2010,10,NYG,DAL,1,11.5,46.0,28.75
2010,10,NYJ,CLE,0,-3.5,37.0,20.25
2010,10,PHI,WAS,0,-3.5,43.5,23.5
2010,10,PIT,NE,1,4.5,44.5,24.5
2010,10,SEA,ARI,0,3.5,41.0,18.75
2010,10,SF,STL,1,4.5,38.5,21.5
2010,10,STL,SF,0,4.5,38.5,17.0
2010,10,TB,CAR,1,7.0,36.5,21.75
2010,10,TEN,MIA,0,1.0,43.0,21.0
2010,10,WAS,PHI,1,-3.5,43.5,20.0
2010,11,ARI,KC,0,7.0,45.0,19.0
2010,11,ATL,STL,0,-3.5,43.0,23.25
2010,11,BAL,CAR,0,-13.0,37.0,25.0
2010,11,BUF,CIN,0,4.0,41.0,18.5
2010,11,CAR,BAL,1,-13.0,37.0,12.0
2010,11,CHI,MIA,0,2.5,40.0,18.75
2010,11,CIN,BUF,1,4.0,41.0,22.5
2010,11,CLE,JAX,0,2.5,43.0,20.25
2010,11,DAL,DET,1,5.0,47.5,26.25
2010,11,DEN,SD,0,9.0,50.0,20.5
2010,11,DET,DAL,0,5.0,47.5,21.25
2010,11,GB,MIN,0,-3.0,45.0,24.0
2010,11,HOU,NYJ,0,6.5,46.0,19.75
2010,11,IND,NE,0,4.0,49.5,22.75
2010,11,JAX,CLE,1,2.5,43.0,22.75
2010,11,KC,ARI,1,7.0,45.0,26.0
2010,11,MIA,CHI,1,2.5,40.0,21.25
2010,11,MIN,GB,1,-3.0,45.0,21.0
2010,11,NE,IND,1,4.0,49.5,26.75
2010,11,NO,SEA,1,11.0,44.5,27.75
2010,11,NYG,PHI,0,3.5,47.5,22.0
2010,11,NYJ,HOU,1,6.5,46.0,26.25
2010,11,OAK,PIT,0,7.0,41.0,17.0
2010,11,PHI,NYG,1,3.5,47.5,25.5
2010,11,PIT,OAK,1,7.0,41.0,24.0
2010,11,SD,DEN,1,9.0,50.0,29.5
2010,11,SEA,NO,0,11.0,44.5,16.75
2010,11,SF,TB,1,3.5,41.0,22.25
2010,11,STL,ATL,1,-3.5,43.0,19.75
2010,11,TB,SF,0,3.5,41.0,18.75
2010,11,TEN,WAS,1,7.0,44.0,25.5
2010,11,WAS,TEN,0,7.0,44.0,18.5
2010,12,ARI,SF,1,-1.0,41.5,20.25
2010,12,ATL,GB,1,2.5,47.5,25.0
2010,12,BAL,TB,1,7.5,41.0,24.25
2010,12,BUF,PIT,1,-6.5,43.5,18.5
2010,12,CAR,CLE,0,9.0,37.5,14.25
2010,12,CHI,PHI,1,-3.0,41.5,19.25
2010,12,CIN,NYJ,0,10.0,43.0,16.5
2010,12,CLE,CAR,1,9.0,37.5,23.25
2010,12,DAL,NO,1,-4.5,48.0,21.75
2010,12,DEN,STL,1,3.0,46.5,24.75
2010,12,DET,NE,1,-6.0,50.5,22.25
2010,12,GB,ATL,0,2.5,47.5,22.5
2010,12,HOU,TEN,1,5.0,46.5,25.75
2010,12,IND,SD,1,2.0,50.0,26.0
2010,12,JAX,NYG,0,8.0,42.5,17.25
2010,12,KC,SEA,0,-1.0,45.0,23.0
2010,12,MIA,OAK,0,3.0,38.0,17.5
2010,12,MIN,WAS,0,-1.0,43.5,22.25
2010,12,NE,DET,0,-6.0,50.5,28.25
2010,12,NO,DAL,0,-4.5,48.0,26.25
2010,12,NYG,JAX,1,8.0,42.5,25.25
2010,12,NYJ,CIN,1,10.0,43.0,26.5
2010,12,OAK,MIA,1,3.0,38.0,20.5
2010,12,PHI,CHI,0,-3.0,41.5,22.25
2010,12,PIT,BUF,0,-6.5,43.5,25.0
2010,12,SD,IND,0,2.0,50.0,24.0
2010,12,SEA,KC,1,-1.0,45.0,22.0
2010,12,SF,ARI,0,-1.0,41.5,21.25
2010,12,STL,DEN,0,3.0,46.5,21.75
2010,12,TB,BAL,0,7.5,41.0,16.75
2010,12,TEN,HOU,0,5.0,46.5,20.75
2010,12,WAS,MIN,1,-1.0,43.5,21.25
2010,13,ARI,STL,1,-3.0,43.5,20.25
2010,13,ATL,TB,0,-3.0,43.5,23.25
2010,13,BAL,PIT,1,3.0,38.0,20.5
2010,13,BUF,MIN,0,5.0,43.5,19.25
2010,13,CAR,SEA,0,4.5,40.0,17.75
2010,13,CHI,DET,0,-5.0,43.0,24.0
2010,13,CIN,NO,1,-6.5,45.0,19.25
2010,13,CLE,MIA,0,6.0,43.5,18.75
2010,13,DAL,IND,0,5.5,47.5,21.0
2010,13,DEN,KC,0,9.0,48.0,19.5
2010,13,DET,CHI,1,-5.0,43.0,19.0
2010,13,GB,SF,1,9.0,41.0,25.0
2010,13,HOU,PHI,0,8.5,51.0,21.25
2010,13,IND,DAL,1,5.5,47.5,26.5
2010,13,JAX,TEN,0,3.0,43.5,20.25
2010,13,KC,DEN,1,9.0,48.0,28.5
2010,13,MIA,CLE,1,6.0,43.5,24.75
2010,13,MIN,BUF,1,5.0,43.5,24.25
2010,13,NE,NYJ,1,4.0,44.5,24.25
2010,13,NO,CIN,0,-6.5,45.0,25.75
2010,13,NYG,WAS,1,7.0,43.0,25.0
2010,13,NYJ,NE,0,4.0,44.5,20.25
2010,13,OAK,SD,0,12.5,44.5,16.0
2010,13,PHI,HOU,1,8.5,51.0,29.75
2010,13,PIT,BAL,0,3.0,38.0,17.5
2010,13,SD,OAK,1,12.5,44.5,28.5
2010,13,SEA,CAR,1,4.5,40.0,22.25
2010,13,SF,GB,0,9.0,41.0,16.0
2010,13,STL,ARI,0,-3.0,43.5,23.25
2010,13,TB,ATL,1,-3.0,43.5,20.25
2010,13,TEN,JAX,1,3.0,43.5,23.25
2010,13,WAS,NYG,0,7.0,43.0,18.0
2010,14,ARI,DEN,1,-4.0,44.5,20.25
2010,14,ATL,CAR,0,-7.0,41.0,24.0
2010,14,BAL,HOU,0,-3.0,47.0,25.0
2010,14,BUF,CLE,1,1.0,39.5,20.25
2010,14,CAR,ATL,1,-7.0,41.0,17.0
2010,14,CHI,NE,1,-3.0,37.5,17.25
2010,14,CIN,PIT,0,9.0,39.5,15.25
2010,14,CLE,BUF,0,1.0,39.5,19.25
2010,14,DAL,PHI,1,-4.0,50.5,23.25
2010,14,DEN,ARI,0,-4.0,44.5,24.25
2010,14,DET,GB,1,-7.0,45.5,19.25
2010,14,GB,DET,0,-7.0,45.5,26.25
2010,14,HOU,BAL,1,-3.0,47.0,22.0
2010,14,IND,TEN,0,-3.0,44.0,23.5
2010,14,JAX,OAK,1,3.5,41.0,22.25
2010,14,KC,SD,0,10.0,45.5,17.75
2010,14,MIA,NYJ,0,5.0,37.5,16.25
2010,14,MIN,NYG,1,-4.5,43.5,19.5
2010,14,NE,CHI,0,-3.0,37.5,20.25
2010,14,NO,STL,1,9.5,47.0,28.25
2010,14,NYG,MIN,0,-4.5,43.5,24.0
2010,14,NYJ,MIA,1,5.0,37.5,21.25
2010,14,OAK,JAX,0,3.5,41.0,18.75
2010,14,PHI,DAL,0,-4.0,50.5,27.25
2010,14,PIT,CIN,1,9.0,39.5,24.25
2010,14,SD,KC,1,10.0,45.5,27.75
2010,14,SEA,SF,0,4.5,42.5,19.0
2010,14,SF,SEA,1,4.5,42.5,23.5
2010,14,STL,NO,0,9.5,47.0,18.75
2010,14,TB,WAS,0,-1.0,41.0,21.0
2010,14,TEN,IND,1,-3.0,44.0,20.5
2010,14,WAS,TB,1,-1.0,41.0,20.0
2010,15,ARI,CAR,0,2.5,37.5,17.5
2010,15,ATL,SEA,0,-5.5,46.0,25.75
2010,15,BAL,NO,1,1.0,45.0,23.0
2010,15,BUF,MIA,0,5.5,40.0,17.25
2010,15,CAR,ARI,1,2.5,37.5,20.0
2010,15,CHI,MIN,0,-5.5,34.0,19.75
2010,15,CIN,CLE,1,1.0,41.5,21.25
2010,15,CLE,CIN,0,1.0,41.5,20.25
2010,15,DAL,WAS,1,9.5,43.5,26.5
2010,15,DEN,OAK,0,9.0,41.5,16.25
2010,15,DET,TB,0,3.5,43.0,19.75
2010,15,GB,NE,0,14.0,43.5,14.75
2010,15,HOU,TEN,0,2.0,47.5,22.75
2010,15,IND,JAX,1,4.0,48.0,26.0
2010,15,JAX,IND,0,4.0,48.0,22.0
2010,15,KC,STL,0,3.0,42.5,19.75
2010,15,MIA,BUF,1,5.5,40.0,22.75
2010,15,MIN,CHI,1,-5.5,34.0,14.25
2010,15,NE,GB,1,14.0,43.5,28.75
2010,15,NO,BAL,0,1.0,45.0,22.0
2010,15,NYG,PHI,1,3.0,46.5,24.75
2010,15,NYJ,PIT,0,3.5,36.0,16.25
2010,15,OAK,DEN,1,9.0,41.5,25.25
2010,15,PHI,NYG,0,3.0,46.5,21.75
2010,15,PIT,NYJ,1,3.5,36.0,19.75
2010,15,SD,SF,1,10.0,44.5,27.25
2010,15,SEA,ATL,1,-5.5,46.0,20.25
2010,15,SF,SD,0,10.0,44.5,17.25
2010,15,STL,KC,1,3.0,42.5,22.75
2010,15,TB,DET,1,3.5,43.0,23.25
2010,15,TEN,HOU,1,2.0,47.5,24.75
2010,15,WAS,DAL,0,9.5,43.5,17.0
2010,16,ARI,DAL,1,-7.0,45.0,19.0
2010,16,ATL,NO,1,2.0,50.0,26.0
2010,16,BAL,CLE,0,-3.5,39.5,21.5
2010,16,BUF,NE,1,-7.0,46.5,19.75
2010,16,CAR,PIT,0,14.0,37.5,11.75
2010,16,CHI,NYJ,1,1.5,36.0,18.75
2010,16,CIN,SD,1,-9.0,43.5,17.25
2010,16,CLE,BAL,1,-3.5,39.5,18.0
2010,16,DAL,ARI,0,-7.0,45.0,26.0
2010,16,DEN,HOU,1,-2.0,49.5,23.75
2010,16,DET,MIA,0,3.5,41.0,18.75
2010,16,GB,NYG,1,3.0,43.0,23.0
2010,16,HOU,DEN,0,-2.0,49.5,25.75
2010,16,IND,OAK,0,-1.0,46.0,23.5
2010,16,JAX,WAS,1,7.0,45.5,26.25
2010,16,KC,TEN,1,4.0,42.5,23.25
2010,16,MIA,DET,1,3.5,41.0,22.25
2010,16,MIN,PHI,0,14.0,44.0,15.0
2010,16,NE,BUF,0,-7.0,46.5,26.75
2010,16,NO,ATL,0,2.0,50.0,24.0
2010,16,NYG,GB,0,3.0,43.0,20.0
2010,16,NYJ,CHI,0,1.5,36.0,17.25
2010,16,OAK,IND,1,-1.0,46.0,22.5
2010,16,PHI,MIN,1,14.0,44.0,29.0
2010,16,PIT,CAR,1,14.0,37.5,25.75
2010,16,SD,CIN,0,-9.0,43.5,26.25
2010,16,SEA,TB,0,5.0,43.5,19.25
2010,16,SF,STL,0,2.0,40.0,19.0
2010,16,STL,SF,1,2.0,40.0,21.0
2010,16,TB,SEA,1,5.0,43.5,24.25
2010,16,TEN,KC,0,4.0,42.5,19.25
2010,16,WAS,JAX,0,7.0,45.5,19.25
2010,17,ARI,SF,0,6.0,39.5,16.75
2010,17,ATL,CAR,1,14.0,41.0,27.5
2010,17,BAL,CIN,1,9.5,43.0,26.25
2010,17,BUF,NYJ,0,1.0,38.0,18.5
2010,17,CAR,ATL,0,14.0,41.0,13.5
2010,17,CHI,GB,0,11.0,43.5,16.25
2010,17,CIN,BAL,0,9.5,43.0,16.75
2010,17,CLE,PIT,1,-6.5,38.0,15.75
2010,17,DAL,PHI,0,-1.5,43.0,22.25
2010,17,DEN,SD,1,-5.0,47.5,21.25
2010,17,DET,MIN,1,3.5,43.5,23.5
2010,17,GB,CHI,1,11.0,43.5,27.25
2010,17,HOU,JAX,1,4.5,47.5,26.0
2010,17,IND,TEN,1,9.0,47.5,28.25
2010,17,JAX,HOU,0,4.5,47.5,21.5
2010,17,KC,OAK,1,4.5,43.0,23.75
2010,17,MIA,NE,0,4.0,44.0,20.0
2010,17,MIN,DET,0,3.5,43.5,20.0
2010,17,NE,MIA,1,4.0,44.0,24.0
2010,17,NO,TB,1,7.0,46.5,26.75
2010,17,NYG,WAS,0,-4.5,44.5,24.5
2010,17,NYJ,BUF,1,1.0,38.0,19.5
2010,17,OAK,KC,0,4.5,43.0,19.25
2010,17,PHI,DAL,1,-1.5,43.0,20.75
2010,17,PIT,CLE,0,-6.5,38.0,22.25
2010,17,SD,DEN,0,-5.0,47.5,26.25
2010,17,SEA,STL,1,-3.0,42.5,19.75
2010,17,SF,ARI,1,6.0,39.5,22.75
2010,17,STL,SEA,0,-3.0,42.5,22.75
2010,17,TB,NO,0,7.0,46.5,19.75
2010,17,TEN,IND,0,9.0,47.5,19.25
2010,17,WAS,NYG,1,-4.5,44.5,20.0
2010,18,BAL,KC,0,-3.0,41.0,22.0
2010,18,GB,PHI,0,1.0,46.5,22.75
2010,18,IND,NYJ,1,1.0,44.0,22.5
2010,18,KC,BAL,1,-3.0,41.0,19.0
2010,18,NO,SEA,0,-9.5,45.5,27.5
2010,18,NYJ,IND,0,1.0,44.0,21.5
2010,18,PHI,GB,1,1.0,46.5,23.75
2010,18,SEA,NO,1,-9.5,45.5,18.0
2010,19,ATL,GB,1,1.0,43.5,22.25
2010,19,BAL,PIT,0,3.5,37.5,17.0
2010,19,CHI,SEA,1,10.0,42.5,26.25
2010,19,GB,ATL,0,1.0,43.5,21.25
2010,19,NE,NYJ,1,9.5,45.0,27.25
2010,19,NYJ,NE,0,9.5,45.0,17.75
2010,19,PIT,BAL,1,3.5,37.5,20.5
2010,19,SEA,CHI,0,10.0,42.5,16.25
2010,20,CHI,GB,1,-3.5,42.0,19.25
2010,20,GB,CHI,0,-3.5,42.0,22.75
2010,20,NYJ,PIT,0,4.0,38.0,17.0
2010,20,PIT,NYJ,1,4.0,38.0,21.0
2010,21,GB,PIT,1,3.0,44.5,23.75
2010,21,PIT,GB,0,3.0,44.5,20.75
2011,1,ARI,CAR,1,6.5,37.5,22.0
2011,1,ATL,CHI,0,-1.0,40.5,20.75
2011,1,BAL,PIT,1,1.0,37.0,19.0
2011,1,BUF,KC,0,3.5,38.5,17.5
2011,1,CAR,ARI,0,6.5,37.5,15.5
2011,1,CHI,ATL,1,-1.0,40.5,19.75
2011,1,CIN,CLE,0,6.5,36.5,15.0
2011,1,CLE,CIN,1,6.5,36.5,21.5
2011,1,DAL,NYJ,0,6.5,40.5,17.0
2011,1,DEN,OAK,1,3.0,42.5,22.75
2011,1,DET,TB,0,1.0,43.5,21.25
2011,1,GB,NO,1,4.5,47.5,26.0
2011,1,HOU,IND,1,9.0,44.0,26.5
2011,1,IND,HOU,0,9.0,44.0,17.5
2011,1,JAX,TEN,1,-1.0,38.0,18.5
2011,1,KC,BUF,1,3.5,38.5,21.0
2011,1,MIA,NE,1,-7.0,46.5,19.75
2011,1,MIN,SD,0,9.0,43.5,17.25
2011,1,NE,MIA,0,-7.0,46.5,26.75
2011,1,NO,GB,0,4.5,47.5,21.5
2011,1,NYG,WAS,0,-1.0,40.5,20.75
2011,1,NYJ,DAL,1,6.5,40.5,23.5
2011,1,OAK,DEN,0,3.0,42.5,19.75
2011,1,PHI,STL,0,-3.5,44.0,23.75
2011,1,PIT,BAL,0,1.0,37.0,18.0
2011,1,SD,MIN,1,9.0,43.5,26.25
2011,1,SEA,SF,0,6.0,38.0,16.0
2011,1,SF,SEA,1,6.0,38.0,22.0
2011,1,STL,PHI,1,-3.5,44.0,20.25
2011,1,TB,DET,1,1.0,43.5,22.25
2011,1,TEN,JAX,0,-1.0,38.0,19.5
2011,1,WAS,NYG,1,-1.0,40.5,19.75
2011,2,ARI,WAS,0,4.5,44.5,20.0
2011,2,ATL,PHI,1,-2.5,49.0,23.25
2011,2,BAL,TEN,0,-5.5,39.5,22.5
2011,2,BUF,OAK,1,3.5,40.5,22.0
2011,2,CAR,GB,1,-10.5,45.5,17.5
2011,2,CHI,NO,0,4.5,46.5,21.0
2011,2,CIN,DEN,0,3.5,40.5,18.5
2011,2,CLE,IND,0,-1.0,39.5,20.25
2011,2,DAL,SF,0,-3.0,41.0,22.0
2011,2,DEN,CIN,1,3.5,40.5,22.0
2011,2,DET,KC,1,9.0,45.0,27.0
2011,2,GB,CAR,0,-10.5,45.5,28.0
2011,2,HOU,MIA,0,-3.0,46.5,24.75
2011,2,IND,CLE,1,-1.0,39.5,19.25
2011,2,JAX,NYJ,0,9.0,38.0,14.5
2011,2,KC,DET,0,9.0,45.0,18.0
2011,2,MIA,HOU,1,-3.0,46.5,21.75
2011,2,MIN,TB,1,1.0,41.0,21.0
2011,2,NE,SD,1,6.5,53.5,30.0
2011,2,NO,CHI,1,4.5,46.5,25.5
2011,2,NYG,STL,1,7.0,43.5,25.25
2011,2,NYJ,JAX,1,9.0,38.0,23.5
2011,2,OAK,BUF,0,3.5,40.5,18.5
2011,2,PHI,ATL,0,-2.5,49.0,25.75
2011,2,PIT,SEA,1,13.5,39.5,26.5
2011,2,SD,NE,0,6.5,53.5,23.5
2011,2,SEA,PIT,0,13.5,39.5,13.0
2011,2,SF,DAL,1,-3.0,41.0,19.0
2011,2,STL,NYG,0,7.0,43.5,18.25
2011,2,TB,MIN,0,1.0,41.0,20.0
2011,2,TEN,BAL,1,-5.5,39.5,17.0
2011,2,WAS,ARI,1,4.5,44.5,24.5
2011,3,ARI,SEA,0,-3.0,42.5,22.75
2011,3,ATL,TB,0,1.0,45.0,22.0
2011,3,BAL,STL,0,-5.5,41.5,23.5
2011,3,BUF,NE,1,-7.0,54.0,23.5
2011,3,CAR,JAX,1,3.5,43.0,23.25
2011,3,CHI,GB,1,-4.0,45.5,20.75
2011,3,CIN,SF,1,1.0,38.5,19.75
2011,3,CLE,MIA,1,-1.0,42.5,20.75
2011,3,DAL,WAS,1,3.5,44.5,24.0
2011,3,DEN,TEN,0,7.0,43.5,18.25
2011,3,DET,MIN,0,-3.0,44.5,23.75
2011,3,GB,CHI,0,-4.0,45.5,24.75
2011,3,HOU,NO,0,3.5,51.0,23.75
2011,3,IND,PIT,1,-10.5,39.5,14.5
2011,3,JAX,CAR,0,3.5,43.0,19.75
2011,3,KC,SD,0,14.0,44.5,15.25
2011,3,MIA,CLE,0,-1.0,42.5,21.75
2011,3,MIN,DET,1,-3.0,44.5,20.75
2011,3,NE,BUF,0,-7.0,54.0,30.5
2011,3,NO,HOU,1,3.5,51.0,27.25
2011,3,NYG,PHI,0,9.0,46.5,18.75
2011,3,NYJ,OAK,0,-1.0,40.0,20.5
2011,3,OAK,NYJ,1,-1.0,40.0,19.5
2011,3,PHI,NYG,1,9.0,46.5,27.75
2011,3,PIT,IND,0,-10.5,39.5,25.0
2011,3,SD,KC,1,14.0,44.5,29.25
2011,3,SEA,ARI,1,-3.0,42.5,19.75
2011,3,SF,CIN,0,1.0,38.5,18.75
2011,3,STL,BAL,1,-5.5,41.5,18.0
2011,3,TB,ATL,1,1.0,45.0,23.0
2011,3,TEN,DEN,1,7.0,43.5,25.25
2011,3,WAS,DAL,0,3.5,44.5,20.5
2011,4,ARI,NYG,1,-1.0,45.5,22.25
2011,4,ATL,SEA,0,-6.0,39.5,22.75
2011,4,BAL,NYJ,1,5.0,43.0,24.0
2011,4,BUF,CIN,0,-3.0,41.5,22.25
2011,4,CAR,CHI,0,7.0,41.5,17.25
2011,4,CHI,CAR,1,7.0,41.5,24.25
2011,4,CIN,BUF,1,-3.0,41.5,19.25
2011,4,CLE,TEN,1,1.0,37.5,19.25
2011,4,DAL,DET,1,2.5,46.0,24.25
2011,4,DEN,GB,0,12.0,46.5,17.25
2011,4,DET,DAL,0,2.5,46.0,21.75
2011,4,GB,DEN,1,12.0,46.5,29.25
2011,4,HOU,PIT,1,4.0,46.0,25.0
2011,4,IND,TB,0,10.0,40.0,15.0
2011,4,JAX,NO,1,-9.0,45.0,18.0
2011,4,KC,MIN,1,-3.0,40.0,18.5
2011,4,MIA,SD,0,6.5,45.0,19.25
2011,4,MIN,KC,0,-3.0,40.0,21.5
2011,4,NE,OAK,0,-6.0,55.0,30.5
2011,4,NO,JAX,0,-9.0,45.0,27.0
2011,4,NYG,ARI,0,-1.0,45.5,23.25
2011,4,NYJ,BAL,0,5.0,43.0,19.0
2011,4,OAK,NE,1,-6.0,55.0,24.5
2011,4,PHI,SF,1,9.5,43.5,26.5
2011,4,PIT,HOU,0,4.0,46.0,21.0
2011,4,SD,MIA,1,6.5,45.0,25.75
2011,4,SEA,ATL,1,-6.0,39.5,16.75
2011,4,SF,PHI,0,9.5,43.5,17.0
2011,4,STL,WAS,1,-3.0,44.0,20.5
2011,4,TB,IND,1,10.0,40.0,25.0
2011,4,TEN,CLE,0,1.0,37.5,18.25
2011,4,WAS,STL,0,-3.0,44.0,23.5
2011,5,ARI,MIN,0,3.5,44.5,20.5
2011,5,ATL,GB,1,-6.0,53.5,23.75
2011,5,BUF,PHI,1,-3.0,52.5,24.75
2011,5,CAR,NO,1,-6.5,51.0,22.25
2011,5,CHI,DET,0,6.5,47.0,20.25
2011,5,CIN,JAX,0,-1.0,37.0,19.0
2011,5,DEN,SD,1,-3.5,47.0,21.75
2011,5,DET,CHI,1,6.5,47.0,26.75
2011,5,GB,ATL,0,-6.0,53.5,29.75
2011,5,HOU,OAK,1,4.5,47.5,26.0
2011,5,IND,KC,1,1.0,37.5,19.25
2011,5,JAX,CIN,1,-1.0,37.0,18.0
2011,5,KC,IND,0,1.0,37.5,18.25
2011,5,MIN,ARI,1,3.5,44.5,24.0
2011,5,NE,NYJ,1,7.5,50.5,29.0
2011,5,NO,CAR,0,-6.5,51.0,28.75
2011,5,NYG,SEA,1,10.0,43.5,26.75
2011,5,NYJ,NE,0,7.5,50.5,21.5
2011,5,OAK,HOU,0,4.5,47.5,21.5
2011,5,PHI,BUF,0,-3.0,52.5,27.75
2011,5,PIT,TEN,1,3.0,40.0,21.5
2011,5,SD,DEN,0,-3.5,47.0,25.25
2011,5,SEA,NYG,0,10.0,43.5,16.75
2011,5,SF,TB,1,2.5,41.0,21.75
2011,5,TB,SF,0,2.5,41.0,19.25
2011,5,TEN,PIT,0,3.0,40.0,18.5
2011,6,ATL,CAR,1,3.5,49.0,26.25
2011,6,BAL,HOU,1,7.0,43.5,25.25
2011,6,BUF,NYG,0,3.0,49.0,23.0
2011,6,CAR,ATL,0,3.5,49.0,22.75
2011,6,CHI,MIN,1,1.0,41.5,21.25
2011,6,CIN,IND,1,5.0,40.0,22.5
2011,6,CLE,OAK,0,6.5,44.5,19.0
2011,6,DAL,NE,0,6.5,54.5,24.0
2011,6,DET,SF,1,5.5,45.0,25.25
2011,6,GB,STL,1,14.0,47.0,30.5
2011,6,HOU,BAL,0,7.0,43.5,18.25
2011,6,IND,CIN,0,5.0,40.0,17.5
2011,6,JAX,PIT,0,12.5,40.0,13.75
2011,6,MIA,NYJ,0,7.0,41.5,17.25
2011,6,MIN,CHI,0,1.0,41.5,20.25
2011,6,NE,DAL,1,6.5,54.5,30.5
2011,6,NO,TB,0,-6.0,49.5,27.75
2011,6,NYG,BUF,1,3.0,49.0,26.0
2011,6,NYJ,MIA,1,7.0,41.5,24.25
2011,6,OAK,CLE,1,6.5,44.5,25.5
2011,6,PHI,WAS,0,-3.0,46.5,24.75
2011,6,PIT,JAX,1,12.5,40.0,26.25
2011,6,SF,DET,0,5.5,45.0,19.75
2011,6,STL,GB,0,14.0,47.0,16.5
2011,6,TB,NO,1,-6.0,49.5,21.75
2011,6,WAS,PHI,1,-3.0,46.5,21.75
2011,7,ARI,PIT,1,-4.0,46.0,21.0
2011,7,ATL,DET,0,4.5,47.0,21.25
2011,7,BAL,JAX,0,-10.0,38.5,24.25
2011,7,CAR,WAS,1,1.5,44.5,23.0
2011,7,CHI,TB,0,-1.5,44.0,22.75
2011,7,CLE,SEA,1,3.0,41.0,22.0
2011,7,DAL,STL,1,14.0,43.0,28.5
2011,7,DEN,MIA,0,-1.0,41.5,21.25
2011,7,DET,ATL,1,4.5,47.0,25.75
2011,7,GB,MIN,0,-10.0,47.0,28.5
2011,7,HOU,TEN,0,3.0,44.0,20.5
2011,7,IND,NO,0,13.5,49.0,17.75
2011,7,JAX,BAL,1,-10.0,38.5,14.25
2011,7,KC,OAK,0,3.5,41.5,19.0
2011,7,MIA,DEN,1,-1.0,41.5,20.25
2011,7,MIN,GB,1,-10.0,47.0,18.5
2011,7,NO,IND,1,13.5,49.0,31.25
2011,7,NYJ,SD,1,-1.0,43.0,21.0
2011,7,OAK,KC,1,3.5,41.5,22.5
2011,7,PIT,ARI,0,-4.0,46.0,25.0
2011,7,SD,NYJ,0,-1.0,43.0,22.0
2011,7,SEA,CLE,0,3.0,41.0,19.0
2011,7,STL,DAL,0,14.0,43.0,14.5
2011,7,TB,CHI,1,-1.5,44.0,21.25
2011,7,TEN,HOU,1,3.0,44.0,23.5
2011,7,WAS,CAR,0,1.5,44.5,21.5
2011,8,ARI,BAL,0,12.0,43.0,15.5
2011,8,BAL,ARI,1,12.0,43.0,27.5
2011,8,BUF,WAS,1,4.0,46.5,25.25
2011,8,CAR,MIN,1,3.0,47.0,25.0
2011,8,CIN,SEA,0,-1.0,37.5,19.25
2011,8,CLE,SF,0,9.0,38.5,14.75
2011,8,DAL,PHI,0,3.0,49.0,23.0
2011,8,DEN,DET,1,-3.0,43.5,20.25
2011,8,DET,DEN,0,-3.0,43.5,23.25
2011,8,HOU,JAX,1,10.0,41.0,25.5
2011,8,IND,TEN,0,9.0,43.5,17.25
2011,8,JAX,HOU,0,10.0,41.0,15.5
2011,8,KC,SD,1,-3.0,44.5,20.75
2011,8,MIA,NYG,0,9.5,43.5,17.0
2011,8,MIN,CAR,0,3.0,47.0,22.0
2011,8,NE,PIT,0,-3.0,52.0,27.5
2011,8,NO,STL,0,-13.5,48.5,31.0
2011,8,NYG,MIA,1,9.5,43.5,26.5
2011,8,PHI,DAL,1,3.0,49.0,26.0
2011,8,PIT,NE,1,-3.0,52.0,24.5
2011,8,SD,KC,0,-3.0,44.5,23.75
2011,8,SEA,CIN,1,-1.0,37.5,18.25
2011,8,SF,CLE,1,9.0,38.5,23.75
2011,8,STL,NO,1,-13.5,48.5,17.5
2011,8,TEN,IND,1,9.0,43.5,26.25
2011,8,WAS,BUF,0,4.0,46.5,21.25
2011,9,ARI,STL,1,1.0,41.5,21.25
2011,9,ATL,IND,0,-6.5,45.0,25.75
2011,9,BAL,PIT,0,3.5,41.5,19.0
2011,9,BUF,NYJ,1,2.5,45.0,23.75
2011,9,CHI,PHI,0,9.0,47.5,19.25
2011,9,CIN,TEN,0,1.5,41.5,20.0
2011,9,CLE,HOU,0,10.5,42.5,16.0
2011,9,DAL,SEA,1,11.0,46.0,28.5
2011,9,DEN,OAK,0,7.0,41.5,17.25
2011,9,GB,SD,0,-5.5,50.5,28.0
2011,9,HOU,CLE,1,10.5,42.5,26.5
2011,9,IND,ATL,1,-6.5,45.0,19.25
2011,9,KC,MIA,1,5.0,41.0,23.0
2011,9,MIA,KC,0,5.0,41.0,18.0
2011,9,NE,NYG,1,9.5,51.5,30.5
2011,9,NO,TB,1,9.0,50.5,29.75
2011,9,NYG,NE,0,9.5,51.5,21.0
2011,9,NYJ,BUF,0,2.5,45.0,21.25
2011,9,OAK,DEN,1,7.0,41.5,24.25
2011,9,PHI,CHI,1,9.0,47.5,28.25
2011,9,PIT,BAL,1,3.5,41.5,22.5
2011,9,SD,GB,1,-5.5,50.5,22.5
2011,9,SEA,DAL,0,11.0,46.0,17.5
2011,9,SF,WAS,0,-5.0,38.0,21.5
2011,9,STL,ARI,0,1.0,41.5,20.25
2011,9,TB,NO,0,9.0,50.5,20.75
2011,9,TEN,CIN,1,1.5,41.5,21.5
2011,9,WAS,SF,1,-5.0,38.0,16.5
2011,10,ARI,PHI,0,13.5,47.0,16.75
2011,10,ATL,NO,1,1.0,49.5,25.25
2011,10,BAL,SEA,0,-7.0,38.5,22.75
2011,10,BUF,DAL,0,4.5,48.5,22.0
2011,10,CAR,TEN,1,3.5,47.5,25.5
2011,10,CHI,DET,1,2.5,42.5,22.5
2011,10,CIN,PIT,1,-3.5,40.5,18.5
2011,10,CLE,STL,1,2.5,36.5,19.5
2011,10,DAL,BUF,1,4.5,48.5,26.5
2011,10,DEN,KC,0,3.0,42.0,19.5
2011,10,DET,CHI,0,2.5,42.5,20.0
2011,10,GB,MIN,1,12.5,49.0,30.75
2011,10,HOU,TB,0,-3.5,45.5,24.5
2011,10,IND,JAX,1,-3.0,37.5,17.25
2011,10,JAX,IND,0,-3.0,37.5,20.25
2011,10,KC,DEN,1,3.0,42.0,22.5
2011,10,MIA,WAS,1,4.0,38.5,21.25
2011,10,MIN,GB,0,12.5,49.0,18.25
2011,10,NE,NYJ,0,2.5,47.0,22.25
2011,10,NO,ATL,0,1.0,49.5,24.25
2011,10,NYG,SF,0,4.0,42.5,19.25
2011,10,NYJ,NE,1,2.5,47.0,24.75
2011,10,OAK,SD,0,7.5,47.5,20.0
2011,10,PHI,ARI,1,13.5,47.0,30.25
2011,10,PIT,CIN,0,-3.5,40.5,22.0
2011,10,SD,OAK,1,7.5,47.5,27.5
2011,10,SEA,BAL,1,-7.0,38.5,15.75
2011,10,SF,NYG,1,4.0,42.5,23.25
2011,10,STL,CLE,0,2.5,36.5,17.0
2011,10,TB,HOU,1,-3.5,45.5,21.0
2011,10,TEN,CAR,0,3.5,47.5,22.0
2011,10,WAS,MIA,0,4.0,38.5,17.25
2011,11,ARI,SF,0,10.0,40.5,15.25
2011,11,ATL,TEN,1,6.0,44.0,25.0
2011,11,BAL,CIN,1,7.0,39.5,23.25
2011,11,BUF,MIA,0,3.0,44.0,20.5
2011,11,CAR,DET,0,7.0,47.5,20.25
2011,11,CHI,SD,1,4.5,45.0,24.75
2011,11,CIN,BAL,0,7.0,39.5,16.25
2011,11,CLE,JAX,1,1.0,34.5,17.75
2011,11,DAL,WAS,0,-7.0,43.0,25.0
2011,11,DEN,NYJ,1,-6.5,38.5,16.0
2011,11,DET,CAR,1,7.0,47.5,27.25
2011,11,GB,TB,1,13.5,48.5,31.0
2011,11,JAX,CLE,0,1.0,34.5,16.75
2011,11,KC,NE,0,17.0,46.5,14.75
2011,11,MIA,BUF,1,3.0,44.0,23.5
2011,11,MIN,OAK,1,1.0,46.0,23.5
2011,11,NE,KC,1,17.0,46.5,31.75
2011,11,NYG,PHI,1,6.0,45.0,25.5
2011,11,NYJ,DEN,0,-6.5,38.5,22.5
2011,11,OAK,MIN,0,1.0,46.0,22.5
2011,11,PHI,NYG,0,6.0,45.0,19.5
2011,11,SD,CHI,0,4.5,45.0,20.25
2011,11,SEA,STL,0,3.0,40.5,18.75
2011,11,SF,ARI,1,10.0,40.5,25.25
2011,11,STL,SEA,1,3.0,40.5,21.75
2011,11,TB,GB,0,13.5,48.5,17.5
2011,11,TEN,ATL,0,6.0,44.0,19.0
2011,11,WAS,DAL,1,-7.0,43.0,18.0
2011,12,ARI,STL,0,1.0,40.0,19.5
2011,12,ATL,MIN,1,10.0,44.0,27.0
2011,12,BAL,SF,1,3.0,38.5,20.75
2011,12,BUF,NYJ,0,9.5,42.5,16.5
2011,12,CAR,IND,0,-3.5,46.5,25.0
2011,12,CHI,OAK,0,3.0,40.5,18.75
2011,12,CIN,CLE,1,6.5,38.5,22.5
2011,12,CLE,CIN,0,6.5,38.5,16.0
2011,12,DAL,MIA,1,7.0,45.5,26.25
2011,12,DEN,SD,0,4.5,42.5,19.0
2011,12,DET,GB,1,-4.0,55.0,25.5
2011,12,GB,DET,0,-4.0,55.0,29.5
2011,12,HOU,JAX,0,-6.0,37.0,21.5
2011,12,IND,CAR,1,-3.5,46.5,21.5
2011,12,JAX,HOU,1,-6.0,37.0,15.5
2011,12,KC,PIT,1,-10.5,41.5,15.5
2011,12,MIA,DAL,0,7.0,45.5,19.25
2011,12,MIN,ATL,0,10.0,44.0,17.0
2011,12,NE,PHI,0,-3.0,50.5,26.75
2011,12,NO,NYG,1,7.0,51.0,29.0
2011,12,NYG,NO,0,7.0,51.0,22.0
2011,12,NYJ,BUF,1,9.5,42.5,26.0
2011,12,OAK,CHI,1,3.0,40.5,21.75
2011,12,PHI,NE,1,-3.0,50.5,23.75
2011,12,PIT,KC,0,-10.5,41.5,26.0
2011,12,SD,DEN,1,4.5,42.5,23.5
2011,12,SEA,WAS,1,3.0,37.0,20.0
2011,12,SF,BAL,0,3.0,38.5,17.75
2011,12,STL,ARI,1,1.0,40.0,20.5
2011,12,TB,TEN,0,3.0,43.5,20.25
2011,12,TEN,TB,1,3.0,43.5,23.25
2011,12,WAS,SEA,0,3.0,37.0,17.0
2011,13,ARI,DAL,1,-4.0,46.5,21.25
2011,13,ATL,HOU,0,-1.0,38.5,19.75
2011,13,BAL,CLE,0,-7.0,38.5,22.75
2011,13,BUF,TEN,1,1.0,43.5,22.25
2011,13,CAR,TB,0,-1.0,45.5,23.25
2011,13,CHI,KC,1,9.0,35.0,22.0
2011,13,CIN,PIT,0,7.0,43.5,18.25
2011,13,CLE,BAL,1,-7.0,38.5,15.75
2011,13,DAL,ARI,0,-4.0,46.5,25.25
2011,13,DEN,MIN,0,1.0,37.5,18.25
2011,13,DET,NO,0,9.5,55.0,22.75
2011,13,GB,NYG,0,-7.0,53.5,30.25
2011,13,HOU,ATL,1,-1.0,38.5,18.75
2011,13,IND,NE,0,20.5,48.5,14.0
2011,13,JAX,SD,1,-3.0,39.5,18.25
2011,13,KC,CHI,0,9.0,35.0,13.0
2011,13,MIA,OAK,1,3.5,43.0,23.25
2011,13,MIN,DEN,1,1.0,37.5,19.25
2011,13,NE,IND,1,20.5,48.5,34.5
2011,13,NO,DET,1,9.5,55.0,32.25
2011,13,NYG,GB,1,-7.0,53.5,23.25
2011,13,NYJ,WAS,0,-3.0,38.5,20.75
2011,13,OAK,MIA,0,3.5,43.0,19.75
2011,13,PHI,SEA,0,-3.0,43.5,23.25
2011,13,PIT,CIN,1,7.0,43.5,25.25
2011,13,SD,JAX,0,-3.0,39.5,21.25
2011,13,SEA,PHI,1,-3.0,43.5,20.25
2011,13,SF,STL,1,14.0,38.5,26.25
2011,13,STL,SF,0,14.0,38.5,12.25
2011,13,TB,CAR,1,-1.0,45.5,22.25
2011,13,TEN,BUF,0,1.0,43.5,21.25
2011,13,WAS,NYJ,1,-3.0,38.5,17.75
2011,14,ARI,SF,1,-3.5,39.0,17.75
2011,14,ATL,CAR,0,-3.0,48.0,25.5
2011,14,BAL,IND,1,16.5,41.5,29.0
2011,14,BUF,SD,0,7.0,49.5,21.25
2011,14,CAR,ATL,1,-3.0,48.0,22.5
2011,14,CHI,DEN,0,3.5,35.0,15.75
2011,14,CIN,HOU,1,2.5,37.5,20.0
2011,14,CLE,PIT,0,14.0,40.0,13.0
2011,14,DAL,NYG,1,4.5,48.5,26.5
2011,14,DEN,CHI,1,3.5,35.0,19.25
2011,14,DET,MIN,1,10.0,48.0,29.0
2011,14,GB,OAK,1,11.5,49.5,30.5
2011,14,HOU,CIN,0,2.5,37.5,17.5
2011,14,IND,BAL,0,16.5,41.5,12.5
2011,14,JAX,TB,1,-3.0,41.5,19.25
2011,14,KC,NYJ,0,10.5,35.5,12.5
2011,14,MIA,PHI,1,3.0,44.5,23.75
2011,14,MIN,DET,0,10.0,48.0,19.0
2011,14,NE,WAS,0,-7.5,46.5,27.0
2011,14,NO,TEN,0,-3.5,47.5,25.5
2011,14,NYG,DAL,0,4.5,48.5,22.0
2011,14,NYJ,KC,1,10.5,35.5,23.0
2011,14,OAK,GB,0,11.5,49.5,19.0
2011,14,PHI,MIA,0,3.0,44.5,20.75
2011,14,PIT,CLE,1,14.0,40.0,27.0
2011,14,SD,BUF,1,7.0,49.5,28.25
2011,14,SEA,STL,1,9.0,38.0,23.5
2011,14,SF,ARI,0,-3.5,39.0,21.25
2011,14,STL,SEA,0,9.0,38.0,14.5
2011,14,TB,JAX,0,-3.0,41.5,22.25
2011,14,TEN,NO,1,-3.5,47.5,22.0
2011,14,WAS,NE,1,-7.5,46.5,19.5
2011,15,ARI,CLE,1,6.0,37.0,21.5
2011,15,ATL,JAX,1,14.0,41.5,27.75
2011,15,BAL,SD,0,-1.0,44.5,22.75
2011,15,BUF,MIA,1,-1.0,42.5,20.75
2011,15,CAR,HOU,0,4.5,45.0,20.25
2011,15,CHI,SEA,1,3.5,34.5,19.0
2011,15,CIN,STL,0,-7.0,38.5,22.75
2011,15,CLE,ARI,0,6.0,37.0,15.5
2011,15,DAL,TB,0,-7.0,47.0,27.0
2011,15,DEN,NE,1,-7.0,47.5,20.25
2011,15,DET,OAK,0,-1.0,47.5,24.25
2011,15,GB,KC,0,-11.0,46.0,28.5
2011,15,HOU,CAR,1,4.5,45.0,24.75
2011,15,IND,TEN,1,-6.5,41.5,17.5
2011,15,JAX,ATL,0,14.0,41.5,13.75
2011,15,KC,GB,1,-11.0,46.0,17.5
2011,15,MIA,BUF,0,-1.0,42.5,21.75
2011,15,MIN,NO,1,-7.0,53.5,23.25
2011,15,NE,DEN,0,-7.0,47.5,27.25
2011,15,NO,MIN,0,-7.0,53.5,30.25
2011,15,NYG,WAS,1,5.5,45.0,25.25
2011,15,NYJ,PHI,0,3.0,44.0,20.5
2011,15,OAK,DET,1,-1.0,47.5,23.25
2011,15,PHI,NYJ,1,3.0,44.0,23.5
2011,15,PIT,SF,0,3.0,37.0,17.0
2011,15,SD,BAL,1,-1.0,44.5,21.75
2011,15,SEA,CHI,0,3.5,34.5,15.5
2011,15,SF,PIT,1,3.0,37.0,20.0
2011,15,STL,CIN,1,-7.0,38.5,15.75
2011,15,TB,DAL,1,-7.0,47.0,20.0
2011,15,TEN,IND,0,-6.5,41.5,24.0
2011,15,WAS,NYG,0,5.5,45.0,19.75
2011,16,ARI,CIN,0,3.5,41.0,18.75
2011,16,ATL,NO,0,7.0,53.0,23.0
2011,16,BAL,CLE,1,10.5,38.0,24.25
2011,16,BUF,DEN,1,-3.0,43.5,20.25
2011,16,CAR,TB,1,9.0,48.5,28.75
2011,16,CHI,GB,0,13.0,41.5,14.25
2011,16,CIN,ARI,1,3.5,41.0,22.25
2011,16,CLE,BAL,0,10.5,38.0,13.75
2011,16,DAL,PHI,1,-1.5,49.5,24.0
2011,16,DEN,BUF,0,-3.0,43.5,23.25
2011,16,DET,SD,1,-1.0,52.5,25.75
2011,16,GB,CHI,1,13.0,41.5,27.25
2011,16,HOU,IND,0,-7.0,40.5,23.75
2011,16,IND,HOU,1,-7.0,40.5,16.75
2011,16,JAX,TEN,0,8.5,38.5,15.0
2011,16,KC,OAK,1,3.0,43.0,23.0
2011,16,MIA,NE,0,7.5,49.0,20.75
2011,16,MIN,WAS,0,6.0,43.0,18.5
2011,16,NE,MIA,1,7.5,49.0,28.25
2011,16,NO,ATL,1,7.0,53.0,30.0
2011,16,NYG,NYJ,0,1.5,45.5,22.0
2011,16,NYJ,NYG,1,1.5,45.5,23.5
2011,16,OAK,KC,0,3.0,43.0,20.0
2011,16,PHI,DAL,0,-1.5,49.5,25.5
2011,16,PIT,STL,1,10.0,33.5,21.75
2011,16,SD,DET,0,-1.0,52.5,26.75
2011,16,SEA,SF,1,-1.5,36.5,17.5
2011,16,SF,SEA,0,-1.5,36.5,19.0
2011,16,STL,PIT,0,10.0,33.5,11.75
2011,16,TB,CAR,0,9.0,48.5,19.75
2011,16,TEN,JAX,1,8.5,38.5,23.5
2011,16,WAS,MIN,1,6.0,43.0,24.5
2011,17,ARI,SEA,1,2.5,40.5,21.5
2011,17,ATL,TB,1,10.0,45.5,27.75
2011,17,BAL,CIN,0,-2.5,37.5,20.0
2011,17,BUF,NE,0,10.0,49.5,19.75
2011,17,CAR,NO,0,7.0,54.5,23.75
2011,17,CHI,MIN,0,1.5,41.5,20.0
2011,17,CIN,BAL,1,-2.5,37.5,17.5
2011,17,CLE,PIT,1,-7.0,33.0,13.0
2011,17,DAL,NYG,0,3.0,48.0,22.5
2011,17,DEN,KC,1,1.0,37.0,19.0
2011,17,DET,GB,0,-6.5,41.5,24.0
2011,17,GB,DET,1,-6.5,41.5,17.5
2011,17,HOU,TEN,1,-1.0,38.5,18.75
2011,17,IND,JAX,0,3.0,36.5,16.75
2011,17,JAX,IND,1,3.0,36.5,19.75
2011,17,KC,DEN,0,1.0,37.0,18.0
2011,17,MIA,NYJ,1,1.5,38.0,19.75
2011,17,MIN,CHI,1,1.5,41.5,21.5
2011,17,NE,BUF,1,10.0,49.5,29.75
2011,17,NO,CAR,1,7.0,54.5,30.75
2011,17,NYG,DAL,1,3.0,48.0,25.5
2011,17,NYJ,MIA,0,1.5,38.0,18.25
2011,17,OAK,SD,1,2.5,50.5,26.5
2011,17,PHI,WAS,1,7.0,44.0,25.5
2011,17,PIT,CLE,0,-7.0,33.0,20.0
2011,17,SD,OAK,0,2.5,50.5,24.0
2011,17,SEA,ARI,0,2.5,40.5,19.0
2011,17,SF,STL,0,-12.5,35.5,24.0
2011,17,STL,SF,1,-12.5,35.5,11.5
2011,17,TB,ATL,0,10.0,45.5,17.75
2011,17,TEN,HOU,0,-1.0,38.5,19.75
2011,17,WAS,PHI,0,7.0,44.0,18.5
2011,18,ATL,NYG,0,3.0,47.5,22.25
2011,18,CIN,HOU,0,4.0,38.0,17.0
2011,18,DEN,PIT,1,-7.5,34.0,13.25
2011,18,DET,NO,0,10.5,59.5,24.5
2011,18,HOU,CIN,1,4.0,38.0,21.0
2011,18,NO,DET,1,10.5,59.5,35.0
2011,18,NYG,ATL,1,3.0,47.5,25.25
2011,18,PIT,DEN,0,-7.5,34.0,20.75
2011,19,BAL,HOU,1,7.5,37.0,22.25
2011,19,DEN,NE,0,14.0,50.0,18.0
2011,19,GB,NYG,1,8.5,54.0,31.25
2011,19,HOU,BAL,0,7.5,37.0,14.75
2011,19,NE,DEN,1,14.0,50.0,32.0
2011,19,NO,SF,0,-3.5,46.5,25.0
2011,19,NYG,GB,0,8.5,54.0,22.75
2011,19,SF,NO,1,-3.5,46.5,21.5
2011,20,BAL,NE,0,7.0,49.0,21.0
2011,20,NE,BAL,1,7.0,49.0,28.0
2011,20,NYG,SF,0,2.0,40.5,19.25
2011,20,SF,NYG,1,2.0,40.5,21.25
2011,21,NE,NYG,1,3.0,53.0,28.0
2011,21,NYG,NE,0,3.0,53.0,25.0
2012,1,ARI,SEA,1,-1.0,40.5,19.75
2012,1,ATL,KC,0,-1.0,43.0,22.0
2012,1,BAL,CIN,1,7.0,42.5,24.75
2012,1,BUF,NYJ,0,3.0,39.5,18.25
2012,1,CAR,TB,0,-3.0,45.5,24.25
2012,1,CHI,IND,1,10.0,41.5,25.75
2012,1,CIN,BAL,0,7.0,42.5,17.75
2012,1,CLE,PHI,1,-9.0,42.0,16.5
2012,1,DAL,NYG,0,3.5,45.5,21.0
2012,1,DEN,PIT,1,2.5,45.5,24.0
2012,1,DET,STL,1,9.0,46.0,27.5
2012,1,GB,SF,1,6.0,46.5,26.25
2012,1,HOU,MIA,1,13.0,41.5,27.25
2012,1,IND,CHI,0,10.0,41.5,15.75
2012,1,JAX,MIN,0,3.5,38.0,17.25
2012,1,KC,ATL,1,-1.0,43.0,21.0
2012,1,MIA,HOU,0,13.0,41.5,14.25
2012,1,MIN,JAX,1,3.5,38.0,20.75
2012,1,NE,TEN,0,-4.5,48.0,26.25
2012,1,NO,WAS,1,9.5,50.0,29.75
2012,1,NYG,DAL,1,3.5,45.5,24.5
2012,1,NYJ,BUF,1,3.0,39.5,21.25
2012,1,OAK,SD,1,1.0,47.5,24.25
2012,1,PHI,CLE,0,-9.0,42.0,25.5
2012,1,PIT,DEN,0,2.5,45.5,21.5
2012,1,SD,OAK,0,1.0,47.5,23.25
2012,1,SEA,ARI,0,-1.0,40.5,20.75
2012,1,SF,GB,0,6.0,46.5,20.25
2012,1,STL,DET,0,9.0,46.0,18.5
2012,1,TB,CAR,1,-3.0,45.5,21.25
2012,1,TEN,NE,1,-4.5,48.0,21.75
2012,1,WAS,NO,0,9.5,50.0,20.25
2012,2,ARI,NE,0,13.0,47.0,17.0
2012,2,ATL,DEN,1,3.0,50.0,26.5
2012,2,BAL,PHI,0,3.0,46.5,21.75
2012,2,BUF,KC,1,3.0,45.0,24.0
2012,2,CAR,NO,1,-3.0,53.0,25.0
2012,2,CHI,GB,0,5.0,50.5,22.75
2012,2,CIN,CLE,1,7.0,39.5,23.25
2012,2,CLE,CIN,0,7.0,39.5,16.25
2012,2,DAL,SEA,0,-3.0,43.0,23.0
2012,2,DEN,ATL,0,3.0,50.0,23.5
2012,2,DET,SF,0,7.0,46.0,19.5
2012,2,GB,CHI,1,5.0,50.5,27.75
2012,2,HOU,JAX,0,-6.5,40.0,23.25
2012,2,IND,MIN,1,-3.0,45.5,21.25
2012,2,JAX,HOU,1,-6.5,40.0,16.75
2012,2,KC,BUF,0,3.0,45.0,21.0
2012,2,MIA,OAK,1,-1.0,41.0,20.0
2012,2,MIN,IND,0,-3.0,45.5,24.25
2012,2,NE,ARI,1,13.0,47.0,30.0
2012,2,NO,CAR,0,-3.0,53.0,28.0
2012,2,NYG,TB,1,9.0,43.5,26.25
2012,2,NYJ,PIT,0,4.5,43.0,19.25
2012,2,OAK,MIA,0,-1.0,41.0,21.0
2012,2,PHI,BAL,1,3.0,46.5,24.75
2012,2,PIT,NYJ,1,4.5,43.0,23.75
2012,2,SD,TEN,1,6.5,43.5,25.0
2012,2,SEA,DAL,1,-3.0,43.0,20.0
2012,2,SF,DET,1,7.0,46.0,26.5
2012,2,STL,WAS,1,-3.5,42.5,19.5
2012,2,TB,NYG,0,9.0,43.5,17.25
2012,2,TEN,SD,0,6.5,43.5,18.5
2012,2,WAS,STL,0,-3.5,42.5,23.0
2012,3,ARI,PHI,1,-3.0,42.5,19.75
2012,3,ATL,SD,0,3.0,47.0,22.0
2012,3,BAL,NE,1,2.5,48.5,25.5
2012,3,BUF,CLE,0,-2.5,45.0,23.75
2012,3,CAR,NYG,1,2.5,49.0,25.75
2012,3,CHI,STL,1,7.0,41.5,24.25
2012,3,CIN,WAS,0,3.0,49.5,23.25
2012,3,CLE,BUF,1,-2.5,45.0,21.25
2012,3,DAL,TB,1,7.0,45.5,26.25
2012,3,DEN,HOU,1,-1.0,43.5,21.25
2012,3,DET,TEN,0,-3.5,47.0,25.25
2012,3,GB,SEA,0,-3.0,45.5,24.25
2012,3,HOU,DEN,0,-1.0,43.5,22.25
2012,3,IND,JAX,1,3.0,41.5,22.25
2012,3,JAX,IND,0,3.0,41.5,19.25
2012,3,KC,NO,0,9.0,51.5,21.25
2012,3,MIA,NYJ,1,-2.5,40.5,19.0
2012,3,MIN,SF,1,-6.5,42.5,18.0
2012,3,NE,BAL,0,2.5,48.5,23.0
2012,3,NO,KC,1,9.0,51.5,30.25
2012,3,NYG,CAR,0,2.5,49.0,23.25
2012,3,NYJ,MIA,0,-2.5,40.5,21.5
2012,3,OAK,PIT,1,-3.5,45.5,21.0
2012,3,PHI,ARI,0,-3.0,42.5,22.75
2012,3,PIT,OAK,0,-3.5,45.5,24.5
2012,3,SD,ATL,1,3.0,47.0,25.0
2012,3,SEA,GB,1,-3.0,45.5,21.25
2012,3,SF,MIN,0,-6.5,42.5,24.5
2012,3,STL,CHI,0,7.0,41.5,17.25
2012,3,TB,DAL,0,7.0,45.5,19.25
2012,3,TEN,DET,1,-3.5,47.0,21.75
2012,3,WAS,CIN,1,3.0,49.5,26.25
2012,4,ARI,MIA,1,4.0,38.5,21.25
2012,4,ATL,CAR,1,7.0,48.0,27.5
2012,4,BAL,CLE,1,11.5,44.0,27.75
2012,4,BUF,NE,1,-3.5,48.0,22.25
2012,4,CAR,ATL,0,7.0,48.0,20.5
2012,4,CHI,DAL,0,3.0,41.0,19.0
2012,4,CIN,JAX,0,1.0,45.5,22.25
2012,4,CLE,BAL,0,11.5,44.0,16.25
2012,4,DAL,CHI,1,3.0,41.0,22.0
2012,4,DEN,OAK,1,6.5,47.0,26.75
2012,4,DET,MIN,1,3.5,48.0,25.75
2012,4,GB,NO,1,7.5,54.0,30.75
2012,4,HOU,TEN,1,13.0,44.5,28.75
2012,4,JAX,CIN,1,1.0,45.5,23.25
2012,4,KC,SD,1,-2.5,43.0,20.25
2012,4,MIA,ARI,0,4.0,38.5,17.25
2012,4,MIN,DET,0,3.5,48.0,22.25
2012,4,NE,BUF,0,-3.5,48.0,25.75
2012,4,NO,GB,0,7.5,54.0,23.25
2012,4,NYG,PHI,0,1.5,46.0,22.25
2012,4,NYJ,SF,1,-3.5,40.5,18.5
2012,4,OAK,DEN,0,6.5,47.0,20.25
2012,4,PHI,NYG,1,1.5,46.0,23.75
2012,4,SD,KC,0,-2.5,43.0,22.75
2012,4,SEA,STL,0,-2.0,39.5,20.75
2012,4,SF,NYJ,0,-3.5,40.5,22.0
2012,4,STL,SEA,1,-2.0,39.5,18.75
2012,4,TB,WAS,1,1.5,44.5,23.0
2012,4,TEN,HOU,0,13.0,44.5,15.75
2012,4,WAS,TB,0,1.5,44.5,21.5
2012,5,ARI,STL,0,-1.0,37.5,19.25
2012,5,ATL,WAS,0,-3.0,50.5,26.75
2012,5,BAL,KC,0,-6.0,46.5,26.25
2012,5,BUF,SF,0,10.0,45.5,17.75
2012,5,CAR,SEA,1,1.0,42.5,21.75
2012,5,CHI,JAX,0,-6.0,38.5,22.25
2012,5,CIN,MIA,1,3.0,45.0,24.0
2012,5,CLE,NYG,0,7.5,44.0,18.25
2012,5,DEN,NE,0,6.0,50.5,22.25
2012,5,GB,IND,0,-6.5,49.5,28.0
2012,5,HOU,NYJ,0,-9.5,40.5,25.0
2012,5,IND,GB,1,-6.5,49.5,21.5
2012,5,JAX,CHI,1,-6.0,38.5,16.25
2012,5,KC,BAL,1,-6.0,46.5,20.25
2012,5,MIA,CIN,0,3.0,45.0,21.0
2012,5,MIN,TEN,1,6.0,44.0,25.0
2012,5,NE,DEN,1,6.0,50.5,28.25
2012,5,NO,SD,1,3.5,53.0,28.25
2012,5,NYG,CLE,1,7.5,44.0,25.75
2012,5,NYJ,HOU,1,-9.5,40.5,15.5
2012,5,PHI,PIT,0,4.0,44.0,20.0
2012,5,PIT,PHI,1,4.0,44.0,24.0
2012,5,SD,NO,0,3.5,53.0,24.75
2012,5,SEA,CAR,0,1.0,42.5,20.75
2012,5,SF,BUF,1,10.0,45.5,27.75
2012,5,STL,ARI,1,-1.0,37.5,18.25
2012,5,TEN,MIN,0,6.0,44.0,19.0
2012,5,WAS,ATL,1,-3.0,50.5,23.75
2012,6,ARI,BUF,1,5.0,44.0,24.5
2012,6,ATL,OAK,1,10.0,49.0,29.5
2012,6,BAL,DAL,1,3.0,45.5,24.25
2012,6,BUF,ARI,0,5.0,44.0,19.5
2012,6,CIN,CLE,0,-1.0,42.0,21.5
2012,6,CLE,CIN,1,-1.0,42.0,20.5
2012,6,DAL,BAL,0,3.0,45.5,21.25
2012,6,DEN,SD,0,1.0,47.5,23.25
2012,6,DET,PHI,0,3.5,47.5,22.0
2012,6,GB,HOU,0,4.0,46.5,21.25
2012,6,HOU,GB,1,4.0,46.5,25.25
2012,6,IND,NYJ,0,3.5,43.5,20.0
2012,6,KC,TB,0,5.0,39.5,17.25
2012,6,MIA,STL,1,5.5,38.0,21.75
2012,6,MIN,WAS,0,-1.5,44.0,22.75
2012,6,NE,SEA,0,-3.5,42.5,23.0
2012,6,NYG,SF,0,7.0,46.5,19.75
2012,6,NYJ,IND,1,3.5,43.5,23.5
2012,6,OAK,ATL,0,10.0,49.0,19.5
2012,6,PHI,DET,1,3.5,47.5,25.5
2012,6,PIT,TEN,0,-5.5,42.5,24.0
2012,6,SD,DEN,1,1.0,47.5,24.25
2012,6,SEA,NE,1,-3.5,42.5,19.5
2012,6,SF,NYG,1,7.0,46.5,26.75
2012,6,STL,MIA,0,5.5,38.0,16.25
2012,6,TB,KC,1,5.0,39.5,22.25
2012,6,TEN,PIT,1,-5.5,42.5,18.5
2012,6,WAS,MIN,1,-1.5,44.0,21.25
2012,7,ARI,MIN,0,7.0,38.5,15.75
2012,7,BAL,HOU,0,6.5,47.0,20.25
2012,7,BUF,TEN,1,4.0,47.0,25.5
2012,7,CAR,DAL,1,-2.5,45.0,21.25
2012,7,CHI,DET,1,6.5,45.5,26.0
2012,7,CIN,PIT,1,-1.0,46.5,22.75
2012,7,CLE,IND,0,1.0,46.5,22.75
2012,7,DAL,CAR,0,-2.5,45.0,23.75
2012,7,DET,CHI,0,6.5,45.5,19.5
2012,7,GB,STL,0,-4.0,45.0,24.5
2012,7,HOU,BAL,1,6.5,47.0,26.75
2012,7,IND,CLE,1,1.0,46.5,23.75
2012,7,JAX,OAK,0,6.0,44.5,19.25
2012,7,MIN,ARI,1,7.0,38.5,22.75
2012,7,NE,NYJ,1,11.0,47.5,29.25
2012,7,NO,TB,0,-1.0,49.5,25.25
2012,7,NYG,WAS,1,6.5,51.5,29.0
2012,7,NYJ,NE,0,11.0,47.5,18.25
2012,7,OAK,JAX,1,6.0,44.5,25.25
2012,7,PIT,CIN,0,-1.0,46.5,23.75
2012,7,SEA,SF,0,7.5,37.5,15.0
2012,7,SF,SEA,1,7.5,37.5,22.5
2012,7,STL,GB,1,-4.0,45.0,20.5
2012,7,TB,NO,1,-1.0,49.5,24.25
2012,7,TEN,BUF,0,4.0,47.0,21.5
2012,7,WAS,NYG,0,6.5,51.5,22.5
2012,8,ARI,SF,1,-7.0,37.5,15.25
2012,8,ATL,PHI,0,1.5,43.5,21.0
2012,8,CAR,CHI,0,7.0,41.5,17.25
2012,8,CHI,CAR,1,7.0,41.5,24.25
2012,8,CLE,SD,1,-2.5,40.5,19.0
2012,8,DAL,NYG,1,-1.5,47.5,23.0
2012,8,DEN,NO,1,6.0,55.0,30.5
2012,8,DET,SEA,1,3.0,42.5,22.75
2012,8,GB,JAX,1,15.0,45.0,30.0
2012,8,IND,TEN,0,3.5,46.5,21.5
2012,8,JAX,GB,0,15.0,45.0,15.0
2012,8,KC,OAK,1,1.0,41.5,21.25
2012,8,MIA,NYJ,0,1.0,38.5,18.75
2012,8,MIN,TB,1,5.0,43.0,24.0
2012,8,NE,STL,0,-7.5,46.0,26.75
2012,8,NO,DEN,0,6.0,55.0,24.5
2012,8,NYG,DAL,0,-1.5,47.5,24.5
2012,8,NYJ,MIA,1,1.0,38.5,19.75
2012,8,OAK,KC,0,1.0,41.5,20.25
2012,8,PHI,ATL,1,1.5,43.5,22.5
2012,8,PIT,WAS,1,4.5,44.5,24.5
2012,8,SD,CLE,0,-2.5,40.5,21.5
2012,8,SEA,DET,0,3.0,42.5,19.75
2012,8,SF,ARI,0,-7.0,37.5,22.25
2012,8,STL,NE,1,-7.5,46.0,19.25
2012,8,TB,MIN,0,5.0,43.0,19.0
2012,8,TEN,IND,1,3.5,46.5,25.0
2012,8,WAS,PIT,0,4.5,44.5,20.0
2012,9,ARI,GB,0,10.5,43.0,16.25
2012,9,ATL,DAL,1,4.0,47.0,25.5
2012,9,BAL,CLE,0,-3.5,44.0,23.75
2012,9,BUF,HOU,0,11.0,47.5,18.25
2012,9,CAR,WAS,0,3.0,48.0,22.5
2012,9,CHI,TEN,0,-4.5,44.0,24.25
2012,9,CIN,DEN,1,-5.0,47.5,21.25
2012,9,CLE,BAL,1,-3.5,44.0,20.25
2012,9,DAL,ATL,0,4.0,47.0,21.5
2012,9,DEN,CIN,0,-5.0,47.5,26.25
2012,9,DET,JAX,0,-6.0,44.0,25.0
2012,9,GB,ARI,1,10.5,43.0,26.75
2012,9,HOU,BUF,1,11.0,47.5,29.25
2012,9,IND,MIA,1,-2.5,44.0,20.75
2012,9,JAX,DET,1,-6.0,44.0,19.0
2012,9,KC,SD,0,7.5,41.0,16.75
2012,9,MIA,IND,0,-2.5,44.0,23.25
2012,9,MIN,SEA,0,4.5,38.0,16.75
2012,9,NO,PHI,1,2.5,52.0,27.25
2012,9,NYG,PIT,1,3.5,48.0,25.75
2012,9,OAK,TB,1,1.0,47.0,24.0
2012,9,PHI,NO,0,2.5,52.0,24.75
2012,9,PIT,NYG,0,3.5,48.0,22.25
2012,9,SD,KC,1,7.5,41.0,24.25
2012,9,SEA,MIN,1,4.5,38.0,21.25
2012,9,TB,OAK,0,1.0,47.0,23.0
2012,9,TEN,CHI,1,-4.5,44.0,19.75
2012,9,WAS,CAR,1,3.0,48.0,25.5
2012,10,ATL,NO,0,-1.0,54.0,27.5
2012,10,BAL,OAK,1,9.5,48.0,28.75
2012,10,BUF,NE,0,13.5,54.0,20.25
2012,10,CAR,DEN,1,-3.5,46.5,21.5
2012,10,CHI,HOU,1,1.0,37.0,19.0
2012,10,CIN,NYG,1,-3.5,47.0,21.75
2012,10,DAL,PHI,0,-1.0,44.0,22.5
2012,10,DEN,CAR,0,-3.5,46.5,25.0
2012,10,DET,MIN,0,-3.0,46.0,24.5
2012,10,HOU,CHI,0,1.0,37.0,18.0
2012,10,IND,JAX,0,-3.0,43.5,23.25
2012,10,JAX,IND,1,-3.0,43.5,20.25
2012,10,KC,PIT,0,12.5,39.5,13.5
2012,10,MIA,TEN,1,6.5,44.0,25.25
2012,10,MIN,DET,1,-3.0,46.0,21.5
2012,10,NE,BUF,1,13.5,54.0,33.75
2012,10,NO,ATL,1,-1.0,54.0,26.5
2012,10,NYG,CIN,0,-3.5,47.0,25.25
2012,10,NYJ,SEA,0,5.0,38.0,16.5
2012,10,OAK,BAL,0,9.5,48.0,19.25
2012,10,PHI,DAL,1,-1.0,44.0,21.5
2012,10,PIT,KC,1,12.5,39.5,26.0
2012,10,SD,TB,0,3.0,46.5,21.75
2012,10,SEA,NYJ,1,5.0,38.0,21.5
2012,10,SF,STL,1,13.5,38.0,25.75
2012,10,STL,SF,0,13.5,38.0,12.25
2012,10,TB,SD,1,3.0,46.5,24.75
2012,10,TEN,MIA,0,6.5,44.0,18.75
2012,11,ARI,ATL,0,9.5,43.0,16.75
2012,11,ATL,ARI,1,9.5,43.0,26.25
2012,11,BAL,PIT,0,-3.0,41.0,22.0
2012,11,BUF,MIA,1,1.0,46.0,23.5
2012,11,CAR,TB,1,-1.0,46.0,22.5
2012,11,CHI,SF,0,3.5,34.0,15.25
2012,11,CIN,KC,0,-3.0,41.0,22.0
2012,11,CLE,DAL,0,7.0,43.5,18.25
2012,11,DAL,CLE,1,7.0,43.5,25.25
2012,11,DEN,SD,1,7.5,47.5,27.5
2012,11,DET,GB,1,-3.0,53.5,25.25
2012,11,GB,DET,0,-3.0,53.5,28.25
2012,11,HOU,JAX,1,15.0,40.5,27.75
2012,11,IND,NE,0,10.0,54.5,22.25
2012,11,JAX,HOU,0,15.0,40.5,12.75
2012,11,KC,CIN,1,-3.0,41.0,19.0
2012,11,MIA,BUF,0,1.0,46.0,22.5
2012,11,NE,IND,1,10.0,54.5,32.25
2012,11,NO,OAK,0,-6.0,56.5,31.25
2012,11,NYJ,STL,0,3.5,38.0,17.25
2012,11,OAK,NO,1,-6.0,56.5,25.25
2012,11,PHI,WAS,0,3.5,46.0,21.25
2012,11,PIT,BAL,1,-3.0,41.0,19.0
2012,11,SD,DEN,0,7.5,47.5,20.0
2012,11,SF,CHI,1,3.5,34.0,18.75
2012,11,STL,NYJ,1,3.5,38.0,20.75
2012,11,TB,CAR,0,-1.0,46.0,23.5
2012,11,WAS,PHI,1,3.5,46.0,24.75
2012,12,ARI,STL,1,1.0,36.0,18.5
2012,12,ATL,TB,0,-1.0,50.5,25.75
2012,12,BAL,SD,0,-1.0,46.5,23.75
2012,12,BUF,IND,0,2.0,51.0,24.5
2012,12,CAR,PHI,0,-3.0,41.5,22.25
2012,12,CHI,MIN,1,6.5,38.5,22.5
2012,12,CIN,OAK,1,9.5,50.5,30.0
2012,12,CLE,PIT,1,-1.0,33.0,16.0
2012,12,DAL,WAS,1,3.5,47.0,25.25
2012,12,DEN,KC,0,-10.0,41.5,25.75
2012,12,DET,HOU,1,-3.5,48.5,22.5
2012,12,GB,NYG,0,1.0,50.0,24.5
2012,12,HOU,DET,0,-3.5,48.5,26.0
2012,12,IND,BUF,1,2.0,51.0,26.5
2012,12,JAX,TEN,1,-3.5,45.0,20.75
2012,12,KC,DEN,1,-10.0,41.5,15.75
2012,12,MIA,SEA,1,-3.0,37.5,17.25
2012,12,MIN,CHI,0,6.5,38.5,16.0
2012,12,NE,NYJ,0,-7.0,48.0,27.5
2012,12,NO,SF,1,-1.0,50.0,24.5
2012,12,NYG,GB,1,1.0,50.0,25.5
2012,12,NYJ,NE,1,-7.0,48.0,20.5
2012,12,OAK,CIN,0,9.5,50.5,20.5
2012,12,PHI,CAR,1,-3.0,41.5,19.25
2012,12,PIT,CLE,0,-1.0,33.0,17.0
2012,12,SD,BAL,1,-1.0,46.5,22.75
2012,12,SEA,MIA,0,-3.0,37.5,20.25
2012,12,SF,NO,0,-1.0,50.0,25.5
2012,12,STL,ARI,0,1.0,36.0,17.5
2012,12,TB,ATL,1,-1.0,50.5,24.75
2012,12,TEN,JAX,0,-3.5,45.0,24.25
2012,12,WAS,DAL,0,3.5,47.0,21.75
2012,13,ARI,NYJ,0,6.0,37.0,15.5
2012,13,ATL,NO,1,3.5,54.5,29.0
2012,13,BAL,PIT,1,7.0,36.5,21.75
2012,13,BUF,JAX,1,6.0,41.0,23.5
2012,13,CAR,KC,0,-5.0,41.0,23.0
2012,13,CHI,SEA,1,3.0,36.5,19.75
2012,13,CIN,SD,0,1.0,45.0,22.0
2012,13,CLE,OAK,0,-2.5,39.5,21.0
2012,13,DAL,PHI,1,10.5,44.0,27.25
2012,13,DEN,TB,1,9.5,50.0,29.75
2012,13,DET,IND,1,7.0,51.5,29.25
2012,13,GB,MIN,1,7.0,47.0,27.0
2012,13,HOU,TEN,0,-7.0,47.5,27.25
2012,13,IND,DET,0,7.0,51.5,22.25
2012,13,JAX,BUF,0,6.0,41.0,17.5
2012,13,KC,CAR,1,-5.0,41.0,18.0
2012,13,MIA,NE,1,-7.0,51.0,22.0
2012,13,MIN,GB,0,7.0,47.0,20.0
2012,13,NE,MIA,0,-7.0,51.0,29.0
2012,13,NO,ATL,0,3.5,54.5,25.5
2012,13,NYG,WAS,0,-2.5,50.0,26.25
2012,13,NYJ,ARI,1,6.0,37.0,21.5
2012,13,OAK,CLE,1,-2.5,39.5,18.5
2012,13,PHI,DAL,0,10.5,44.0,16.75
2012,13,PIT,BAL,0,7.0,36.5,14.75
2012,13,SD,CIN,1,1.0,45.0,23.0
2012,13,SEA,CHI,0,3.0,36.5,16.75
2012,13,SF,STL,0,-7.0,40.5,23.75
2012,13,STL,SF,1,-7.0,40.5,16.75
2012,13,TB,DEN,0,9.5,50.0,20.25
2012,13,TEN,HOU,1,-7.0,47.5,20.25
2012,13,WAS,NYG,1,-2.5,50.0,23.75
2012,14,ARI,SEA,0,10.5,36.0,12.75
2012,14,ATL,CAR,0,-3.0,46.5,24.75
2012,14,BAL,WAS,0,1.0,47.5,23.25
2012,14,BUF,STL,1,3.5,42.0,22.75
2012,14,CAR,ATL,1,-3.0,46.5,21.75
2012,14,CHI,MIN,0,-1.0,40.5,20.75
2012,14,CIN,DAL,1,3.5,46.0,24.75
2012,14,CLE,KC,1,7.0,38.0,22.5
2012,14,DAL,CIN,0,3.5,46.0,21.25
2012,14,DEN,OAK,0,-10.0,47.0,28.5
2012,14,DET,GB,0,6.0,49.5,21.75
2012,14,GB,DET,1,6.0,49.5,27.75
2012,14,HOU,NE,0,5.5,50.5,22.5
2012,14,IND,TEN,1,3.5,47.0,25.25
2012,14,JAX,NYJ,1,-3.0,39.5,18.25
2012,14,KC,CLE,0,7.0,38.0,15.5
2012,14,MIA,SF,0,10.5,38.5,14.0
2012,14,MIN,CHI,1,-1.0,40.5,19.75
2012,14,NE,HOU,1,5.5,50.5,28.0
2012,14,NO,NYG,0,4.0,52.5,24.25
2012,14,NYG,NO,1,4.0,52.5,28.25
2012,14,NYJ,JAX,0,-3.0,39.5,21.25
2012,14,OAK,DEN,1,-10.0,47.0,18.5
2012,14,PHI,TB,0,8.0,47.5,19.75
2012,14,PIT,SD,1,7.0,37.5,22.25
2012,14,SD,PIT,0,7.0,37.5,15.25
2012,14,SEA,ARI,1,10.5,36.0,23.25
2012,14,SF,MIA,1,10.5,38.5,24.5
2012,14,STL,BUF,0,3.5,42.0,19.25
2012,14,TB,PHI,1,8.0,47.5,27.75
2012,14,TEN,IND,0,3.5,47.0,21.75
2012,14,WAS,BAL,1,1.0,47.5,24.25
2012,15,ARI,DET,1,-5.5,43.5,19.0
2012,15,ATL,NYG,1,1.0,50.0,25.5
2012,15,BAL,DEN,1,-3.0,48.0,22.5
2012,15,BUF,SEA,1,-4.5,44.0,19.75
2012,15,CAR,SD,0,3.0,45.0,21.0
2012,15,CHI,GB,1,-3.0,43.0,20.0
2012,15,CIN,PHI,0,-4.5,45.0,24.75
2012,15,CLE,WAS,1,4.0,40.5,22.25
2012,15,DAL,PIT,1,-1.0,45.5,22.25
2012,15,DEN,BAL,0,-3.0,48.0,25.5
2012,15,DET,ARI,0,-5.5,43.5,24.5
2012,15,GB,CHI,0,-3.0,43.0,23.0
2012,15,HOU,IND,1,10.5,47.5,29.0
2012,15,IND,HOU,0,10.5,47.5,18.5
2012,15,JAX,MIA,0,7.5,38.5,15.5
2012,15,KC,OAK,0,4.5,44.0,19.75
2012,15,MIA,JAX,1,7.5,38.5,23.0
2012,15,MIN,STL,0,1.0,39.0,19.0
2012,15,NE,SF,1,4.0,47.0,25.5
2012,15,NO,TB,1,3.5,54.5,29.0
2012,15,NYG,ATL,0,1.0,50.0,24.5
2012,15,NYJ,TEN,0,1.0,40.0,19.5
2012,15,OAK,KC,1,4.5,44.0,24.25
2012,15,PHI,CIN,1,-4.5,45.0,20.25
2012,15,PIT,DAL,0,-1.0,45.5,23.25
2012,15,SD,CAR,1,3.0,45.0,24.0
2012,15,SEA,BUF,0,-4.5,44.0,24.25
2012,15,SF,NE,0,4.0,47.0,21.5
2012,15,STL,MIN,1,1.0,39.0,20.0
2012,15,TB,NO,0,3.5,54.5,25.5
2012,15,TEN,NYJ,1,1.0,40.0,20.5
2012,15,WAS,CLE,0,4.0,40.5,18.25
2012,16,ARI,CHI,1,-7.0,35.5,14.25
2012,16,ATL,DET,0,-3.5,50.0,26.75
2012,16,BAL,NYG,1,-1.0,48.0,23.5
2012,16,BUF,MIA,0,5.0,43.5,19.25
2012,16,CAR,OAK,1,9.5,47.5,28.5
2012,16,CHI,ARI,0,-7.0,35.5,21.25
2012,16,CIN,PIT,0,3.5,40.0,18.25
2012,16,CLE,DEN,0,11.0,43.5,16.25
2012,16,DAL,NO,1,1.0,55.0,28.0
2012,16,DEN,CLE,1,11.0,43.5,27.25
2012,16,DET,ATL,1,-3.5,50.0,23.25
2012,16,GB,TEN,1,10.5,44.0,27.25
2012,16,HOU,MIN,1,7.5,43.0,25.25
2012,16,IND,KC,0,-4.5,41.5,23.0
2012,16,JAX,NE,1,-14.0,51.5,18.75
2012,16,KC,IND,1,-4.5,41.5,18.5
2012,16,MIA,BUF,1,5.0,43.5,24.25
2012,16,MIN,HOU,0,7.5,43.0,17.75
2012,16,NE,JAX,0,-14.0,51.5,32.75
2012,16,NO,DAL,0,1.0,55.0,27.0
2012,16,NYG,BAL,0,-1.0,48.0,24.5
2012,16,NYJ,SD,1,3.0,37.0,20.0
2012,16,OAK,CAR,0,9.5,47.5,19.0
2012,16,PHI,WAS,1,-3.5,46.0,21.25
2012,16,PIT,CIN,1,3.5,40.0,21.75
2012,16,SD,NYJ,0,3.0,37.0,17.0
2012,16,SEA,SF,1,2.5,40.0,21.25
2012,16,SF,SEA,0,2.5,40.0,18.75
2012,16,STL,TB,0,3.0,43.5,20.25
2012,16,TB,STL,1,3.0,43.5,23.25
2012,16,TEN,GB,0,10.5,44.0,16.75
2012,16,WAS,PHI,0,-3.5,46.0,24.75
2012,17,ARI,SF,0,16.0,39.0,11.5
2012,17,ATL,TB,1,3.0,46.0,24.5
2012,17,BAL,CIN,0,5.5,43.0,18.75
2012,17,BUF,NYJ,1,3.5,40.5,22.0
2012,17,CAR,NO,0,4.0,53.5,24.75
2012,17,CHI,DET,0,-3.0,46.0,24.5
2012,17,CIN,BAL,1,5.5,43.0,24.25
2012,17,CLE,PIT,0,10.0,36.5,13.25
2012,17,DAL,WAS,0,3.0,49.0,23.0
2012,17,DEN,KC,1,17.0,41.0,29.0
2012,17,DET,CHI,1,-3.0,46.0,21.5
2012,17,GB,MIN,0,-3.0,45.5,24.25
2012,17,HOU,IND,0,-6.5,47.0,26.75
2012,17,IND,HOU,1,-6.5,47.0,20.25
2012,17,JAX,TEN,0,6.0,42.0,18.0
2012,17,KC,DEN,0,17.0,41.0,12.0
2012,17,MIA,NE,0,11.5,48.0,18.25
2012,17,MIN,GB,1,-3.0,45.5,21.25
2012,17,NE,MIA,1,11.5,48.0,29.75
2012,17,NO,CAR,1,4.0,53.5,28.75
2012,17,NYG,PHI,1,6.5,44.0,25.25
2012,17,NYJ,BUF,0,3.5,40.5,18.5
2012,17,OAK,SD,0,9.5,41.0,15.75
2012,17,PHI,NYG,0,6.5,44.0,18.75
2012,17,PIT,CLE,1,10.0,36.5,23.25
2012,17,SD,OAK,1,9.5,41.0,25.25
2012,17,SEA,STL,1,11.0,41.5,26.25
2012,17,SF,ARI,1,16.0,39.0,27.5
2012,17,STL,SEA,0,11.0,41.5,15.25
2012,17,TB,ATL,0,3.0,46.0,21.5
2012,17,TEN,JAX,1,6.0,42.0,24.0
2012,17,WAS,DAL,1,3.0,49.0,26.0
2012,18,BAL,IND,1,7.5,47.5,27.5
2012,18,CIN,HOU,0,4.0,42.5,19.25
2012,18,GB,MIN,1,10.5,44.0,27.25
2012,18,HOU,CIN,1,4.0,42.5,23.25
2012,18,IND,BAL,0,7.5,47.5,20.0
2012,18,MIN,GB,0,10.5,44.0,16.75
2012,18,SEA,WAS,0,-3.0,44.5,23.75
2012,18,WAS,SEA,1,-3.0,44.5,20.75
2012,19,ATL,SEA,1,2.5,46.0,24.25
2012,19,BAL,DEN,0,9.5,44.0,17.25
2012,19,DEN,BAL,1,9.5,44.0,26.75
2012,19,GB,SF,0,3.0,45.0,21.0
2012,19,HOU,NE,0,9.5,50.5,20.5
2012,19,NE,HOU,1,9.5,50.5,30.0
2012,19,SEA,ATL,0,2.5,46.0,21.75
2012,19,SF,GB,1,3.0,45.0,24.0
2012,20,ATL,SF,1,-3.5,47.5,22.0
2012,20,BAL,NE,0,8.0,49.5,20.75
2012,20,NE,BAL,1,8.0,49.5,28.75
2012,20,SF,ATL,0,-3.5,47.5,25.5
2012,21,BAL,SF,0,4.5,47.5,21.5
2012,21,SF,BAL,1,4.5,47.5,26.0
2013,1,ARI,STL,0,3.5,42.5,19.5
2013,1,ATL,NO,0,3.5,54.5,25.5
2013,1,BAL,DEN,0,7.5,48.5,20.5
2013,1,BUF,NE,1,-10.0,50.5,20.25
2013,1,CAR,SEA,1,-3.0,44.5,20.75
2013,1,CHI,CIN,1,3.0,41.5,22.25
2013,1,CIN,CHI,0,3.0,41.5,19.25
2013,1,CLE,MIA,1,2.5,40.5,21.5
2013,1,DAL,NYG,1,3.5,49.5,26.5
2013,1,DEN,BAL,1,7.5,48.5,28.0
2013,1,DET,MIN,1,4.0,46.0,25.0
2013,1,GB,SF,0,5.0,47.0,21.0
2013,1,HOU,SD,0,-5.0,44.0,24.5
2013,1,IND,OAK,1,11.0,45.0,28.0
2013,1,JAX,KC,1,-3.5,42.5,19.5
2013,1,KC,JAX,0,-3.5,42.5,23.0
2013,1,MIA,CLE,0,2.5,40.5,19.0
2013,1,MIN,DET,0,4.0,46.0,21.0
2013,1,NE,BUF,0,-10.0,50.5,30.25
2013,1,NO,ATL,1,3.5,54.5,29.0
2013,1,NYG,DAL,0,3.5,49.5,23.0
2013,1,NYJ,TB,1,-4.0,40.0,18.0
2013,1,OAK,IND,0,11.0,45.0,17.0
2013,1,PHI,WAS,0,4.0,51.0,23.5
2013,1,PIT,TEN,1,6.0,42.0,24.0
2013,1,SD,HOU,1,-5.0,44.0,19.5
2013,1,SEA,CAR,0,-3.0,44.5,23.75
2013,1,SF,GB,1,5.0,47.0,26.0
2013,1,STL,ARI,1,3.5,42.5,23.0
2013,1,TB,NYJ,0,-4.0,40.0,22.0
2013,1,TEN,PIT,0,6.0,42.0,18.0
2013,1,WAS,PHI,1,4.0,51.0,27.5
2013,2,ARI,DET,1,-1.0,47.5,23.25
2013,2,ATL,STL,1,4.0,47.5,25.75
2013,2,BAL,CLE,1,5.5,43.5,24.5
2013,2,BUF,CAR,1,-3.5,43.5,20.0
2013,2,CAR,BUF,0,-3.5,43.5,23.5
2013,2,CHI,MIN,1,6.0,41.0,23.5
2013,2,CIN,PIT,1,7.0,40.0,23.5
2013,2,CLE,BAL,0,5.5,43.5,19.0
2013,2,DAL,KC,0,3.0,45.0,21.0
2013,2,DEN,NYG,0,-3.5,52.5,28.0
2013,2,DET,ARI,0,-1.0,47.5,24.25
2013,2,GB,WAS,1,9.0,48.5,28.75
2013,2,HOU,TEN,1,7.5,42.5,25.0
2013,2,IND,MIA,1,1.0,43.5,22.25
2013,2,JAX,OAK,0,3.5,40.5,18.5
2013,2,KC,DAL,1,3.0,45.0,24.0
2013,2,MIA,IND,0,1.0,43.5,21.25
2013,2,MIN,CHI,0,6.0,41.0,17.5
2013,2,NE,NYJ,1,10.5,43.0,26.75
2013,2,NO,TB,0,-3.0,48.5,25.75
2013,2,NYG,DEN,1,-3.5,52.5,24.5
2013,2,NYJ,NE,0,10.5,43.0,16.25
2013,2,OAK,JAX,1,3.5,40.5,22.0
2013,2,PHI,SD,1,7.5,51.0,29.25
2013,2,PIT,CIN,0,7.0,40.0,16.5
2013,2,SD,PHI,0,7.5,51.0,21.75
2013,2,SEA,SF,1,3.0,43.5,23.25
2013,2,SF,SEA,0,3.0,43.5,20.25
2013,2,STL,ATL,0,4.0,47.5,21.75
2013,2,TB,NO,1,-3.0,48.5,22.75
2013,2,TEN,HOU,0,7.5,42.5,17.5
2013,2,WAS,GB,0,9.0,48.5,19.75
2013,3,ARI,NO,0,8.0,48.5,20.25
2013,3,ATL,MIA,0,3.0,45.5,21.25
2013,3,BAL,HOU,1,1.0,44.5,22.75
2013,3,BUF,NYJ,0,2.5,41.0,19.25
2013,3,CAR,NYG,1,-1.0,46.5,22.75
2013,3,CHI,PIT,0,-2.5,40.5,21.5
2013,3,CIN,GB,1,-3.0,49.5,23.25
2013,3,CLE,MIN,0,7.0,40.0,16.5
2013,3,DAL,STL,1,3.5,47.5,25.5
2013,3,DEN,OAK,1,16.0,48.5,32.25
2013,3,DET,WAS,0,-1.0,48.5,24.75
2013,3,GB,CIN,0,-3.0,49.5,26.25
2013,3,HOU,BAL,0,1.0,44.5,21.75
2013,3,IND,SF,0,10.5,45.5,17.5
2013,3,JAX,SEA,0,19.5,39.0,9.75
2013,3,KC,PHI,0,3.0,50.0,23.5
2013,3,MIA,ATL,1,3.0,45.5,24.25
2013,3,MIN,CLE,1,7.0,40.0,23.5
2013,3,NE,TB,1,7.5,44.5,26.0
2013,3,NO,ARI,1,8.0,48.5,28.25
2013,3,NYG,CAR,0,-1.0,46.5,23.75
2013,3,NYJ,BUF,1,2.5,41.0,21.75
2013,3,OAK,DEN,0,16.0,48.5,16.25
2013,3,PHI,KC,1,3.0,50.0,26.5
2013,3,PIT,CHI,1,-2.5,40.5,19.0
2013,3,SD,TEN,0,3.0,43.0,20.0
2013,3,SEA,JAX,1,19.5,39.0,29.25
2013,3,SF,IND,1,10.5,45.5,28.0
2013,3,STL,DAL,0,3.5,47.5,22.0
2013,3,TB,NE,0,7.5,44.5,18.5
2013,3,TEN,SD,1,3.0,43.0,23.0
2013,3,WAS,DET,1,-1.0,48.5,23.75
2013,4,ARI,TB,0,2.5,40.0,18.75
2013,4,ATL,NE,1,3.0,49.0,26.0
2013,4,BAL,BUF,0,-4.0,45.0,24.5
2013,4,BUF,BAL,1,-4.0,45.0,20.5
2013,4,CHI,DET,0,3.0,48.0,22.5
2013,4,CIN,CLE,0,-3.5,42.5,23.0
2013,4,CLE,CIN,1,-3.5,42.5,19.5
2013,4,DAL,SD,0,-1.0,47.0,24.0
2013,4,DEN,PHI,1,10.5,57.5,34.0
2013,4,DET,CHI,1,3.0,48.0,25.5
2013,4,HOU,SEA,1,-1.0,41.0,20.0
2013,4,IND,JAX,0,-9.5,42.5,26.0
2013,4,JAX,IND,1,-9.5,42.5,16.5
2013,4,KC,NYG,1,3.5,43.5,23.5
2013,4,MIA,NO,0,7.0,48.5,20.75
2013,4,MIN,PIT,1,-3.0,41.5,19.25
2013,4,NE,ATL,0,3.0,49.0,23.0
2013,4,NO,MIA,1,7.0,48.5,27.75
2013,4,NYG,KC,0,3.5,43.5,20.0
2013,4,NYJ,TEN,0,3.5,40.5,18.5
2013,4,OAK,WAS,1,-3.5,45.5,21.0
2013,4,PHI,DEN,0,10.5,57.5,23.5
2013,4,PIT,MIN,0,-3.0,41.5,22.25
2013,4,SD,DAL,1,-1.0,47.0,23.0
2013,4,SEA,HOU,0,-1.0,41.0,21.0
2013,4,SF,STL,0,-3.0,43.0,23.0
2013,4,STL,SF,1,-3.0,43.0,20.0
2013,4,TB,ARI,1,2.5,40.0,21.25
2013,4,TEN,NYJ,1,3.5,40.5,22.0
2013,4,WAS,OAK,0,-3.5,45.5,24.5
2013,5,ARI,CAR,1,-3.0,41.0,19.0
2013,5,ATL,NYJ,1,10.0,45.0,27.5
2013,5,BAL,MIA,0,2.5,42.5,20.0
2013,5,BUF,CLE,0,3.5,40.5,18.5
2013,5,CAR,ARI,0,-3.0,41.0,22.0
2013,5,CHI,NO,1,1.0,50.5,25.75
2013,5,CIN,NE,1,-2.0,45.5,21.75
2013,5,CLE,BUF,1,3.5,40.5,22.0
2013,5,DAL,DEN,1,-7.5,56.5,24.5
2013,5,DEN,DAL,0,-7.5,56.5,32.0
2013,5,DET,GB,0,10.0,53.0,21.5
2013,5,GB,DET,1,10.0,53.0,31.5
2013,5,HOU,SF,0,4.0,43.0,19.5
2013,5,IND,SEA,1,-3.0,43.5,20.25
2013,5,JAX,STL,0,11.0,40.5,14.75
2013,5,KC,TEN,0,-2.5,38.0,20.25
2013,5,MIA,BAL,1,2.5,42.5,22.5
2013,5,NE,CIN,0,-2.0,45.5,23.75
2013,5,NO,CHI,0,1.0,50.5,24.75
2013,5,NYG,PHI,1,-1.0,53.5,26.25
2013,5,NYJ,ATL,0,10.0,45.0,17.5
2013,5,OAK,SD,1,-6.0,46.0,20.0
2013,5,PHI,NYG,0,-1.0,53.5,27.25
2013,5,SD,OAK,0,-6.0,46.0,26.0
2013,5,SEA,IND,0,-3.0,43.5,23.25
2013,5,SF,HOU,1,4.0,43.0,23.5
2013,5,STL,JAX,1,11.0,40.5,25.75
2013,5,TEN,KC,1,-2.5,38.0,17.75
2013,6,ARI,SF,0,10.0,40.5,15.25
2013,6,BAL,GB,1,-1.0,48.5,23.75
2013,6,BUF,CIN,1,-6.0,41.0,17.5
2013,6,CAR,MIN,0,2.5,44.5,21.0
2013,6,CHI,NYG,1,9.5,46.5,28.0
2013,6,CIN,BUF,0,-6.0,41.0,23.5
2013,6,CLE,DET,1,-1.0,44.0,21.5
2013,6,DAL,WAS,1,5.5,52.0,28.75
2013,6,DEN,JAX,1,27.0,53.0,40.0
2013,6,DET,CLE,0,-1.0,44.0,22.5
2013,6,GB,BAL,0,-1.0,48.5,24.75
2013,6,HOU,STL,1,9.5,43.0,26.25
2013,6,IND,SD,0,-1.0,50.5,25.75
2013,6,JAX,DEN,0,27.0,53.0,13.0
2013,6,KC,OAK,1,7.5,41.0,24.25
2013,6,MIN,CAR,1,2.5,44.5,23.5
2013,6,NE,NO,1,2.5,51.5,27.0
2013,6,NO,NE,0,2.5,51.5,24.5
2013,6,NYG,CHI,0,9.5,46.5,18.5
2013,6,NYJ,PIT,1,-1.0,40.5,19.75
2013,6,OAK,KC,0,7.5,41.0,16.75
2013,6,PHI,TB,0,-2.5,44.5,23.5
2013,6,PIT,NYJ,0,-1.0,40.5,20.75
2013,6,SD,IND,1,-1.0,50.5,24.75
2013,6,SEA,TEN,1,11.0,42.0,26.5
2013,6,SF,ARI,1,10.0,40.5,25.25
2013,6,STL,HOU,0,9.5,43.0,16.75
2013,6,TB,PHI,1,-2.5,44.5,21.0
2013,6,TEN,SEA,0,11.0,42.0,15.5
2013,6,WAS,DAL,0,5.5,52.0,23.25
2013,7,ARI,SEA,1,-5.0,41.0,18.0
2013,7,ATL,TB,1,6.0,43.0,24.5
2013,7,BAL,PIT,0,2.5,41.0,19.25
2013,7,BUF,MIA,0,6.0,43.5,18.75
2013,7,CAR,STL,1,8.0,42.0,25.0
2013,7,CHI,WAS,0,-1.0,47.5,24.25
2013,7,CIN,DET,0,2.5,45.5,21.5
2013,7,CLE,GB,0,7.5,45.0,18.75
2013,7,DAL,PHI,0,3.0,55.0,26.0
2013,7,DEN,IND,0,-6.0,54.5,30.25
2013,7,DET,CIN,1,2.5,45.5,24.0
2013,7,GB,CLE,1,7.5,45.0,26.25
2013,7,HOU,KC,0,7.0,38.5,15.75
2013,7,IND,DEN,1,-6.0,54.5,24.25
2013,7,JAX,SD,1,-7.5,44.5,18.5
2013,7,KC,HOU,1,7.0,38.5,22.75
2013,7,MIA,BUF,1,6.0,43.5,24.75
2013,7,MIN,NYG,0,4.0,47.5,21.75
2013,7,NE,NYJ,0,-3.5,43.0,23.25
2013,7,NYG,MIN,1,4.0,47.5,25.75
2013,7,NYJ,NE,1,-3.5,43.0,19.75
2013,7,PHI,DAL,1,3.0,55.0,29.0
2013,7,PIT,BAL,1,2.5,41.0,21.75
2013,7,SD,JAX,0,-7.5,44.5,26.0
2013,7,SEA,ARI,0,-5.0,41.0,23.0
2013,7,SF,TEN,0,-3.0,41.0,22.0
2013,7,STL,CAR,0,8.0,42.0,17.0
2013,7,TB,ATL,0,6.0,43.0,18.5
2013,7,TEN,SF,1,-3.0,41.0,19.0
2013,7,WAS,CHI,1,-1.0,47.5,23.25
2013,8,ARI,ATL,1,2.5,44.5,23.5
2013,8,ATL,ARI,0,2.5,44.5,21.0
2013,8,BUF,NO,0,10.5,48.0,18.75
2013,8,CAR,TB,0,-6.5,39.0,22.75
2013,8,CIN,NYJ,1,6.0,40.5,23.25
2013,8,CLE,KC,0,7.0,39.0,16.0
2013,8,DAL,DET,0,3.0,51.0,24.0
2013,8,DEN,WAS,1,11.0,58.0,34.5
2013,8,DET,DAL,1,3.0,51.0,27.0
2013,8,GB,MIN,0,-7.0,47.5,27.25
2013,8,JAX,SF,1,-16.0,40.0,12.0
2013,8,KC,CLE,1,7.0,39.0,23.0
2013,8,MIA,NE,0,6.5,46.5,20.0
2013,8,MIN,GB,1,-7.0,47.5,20.25
2013,8,NE,MIA,1,6.5,46.5,26.5
2013,8,NO,BUF,1,10.5,48.0,29.25
2013,8,NYG,PHI,0,5.5,49.0,21.75
2013,8,NYJ,CIN,0,6.0,40.5,17.25
2013,8,OAK,PIT,1,-2.5,40.0,18.75
2013,8,PHI,NYG,1,5.5,49.0,27.25
2013,8,PIT,OAK,0,-2.5,40.0,21.25
2013,8,SEA,STL,0,-13.0,43.0,28.0
2013,8,SF,JAX,0,-16.0,40.0,28.0
2013,8,STL,SEA,1,-13.0,43.0,15.0
2013,8,TB,CAR,1,-6.5,39.0,16.25
2013,8,WAS,DEN,0,11.0,58.0,23.5
2013,9,ATL,CAR,0,10.0,46.5,18.25
2013,9,BAL,CLE,0,-1.0,41.5,21.25
2013,9,BUF,KC,1,-4.5,40.5,18.0
2013,9,CAR,ATL,1,10.0,46.5,28.25
2013,9,CHI,GB,0,10.0,50.5,20.25
2013,9,CIN,MIA,0,-3.0,42.0,22.5
2013,9,CLE,BAL,1,-1.0,41.5,20.25
2013,9,DAL,MIN,1,10.0,51.0,30.5
2013,9,GB,CHI,1,10.0,50.5,30.25
2013,9,HOU,IND,1,-1.0,42.5,20.75
2013,9,IND,HOU,0,-1.0,42.5,21.75
2013,9,KC,BUF,0,-4.5,40.5,22.5
2013,9,MIA,CIN,1,-3.0,42.0,19.5
2013,9,MIN,DAL,0,10.0,51.0,20.5
2013,9,NE,PIT,1,5.5,42.5,24.0
2013,9,NO,NYJ,0,-6.0,45.5,25.75
2013,9,NYJ,NO,1,-6.0,45.5,19.75
2013,9,OAK,PHI,1,-1.0,45.5,22.25
2013,9,PHI,OAK,0,-1.0,45.5,23.25
2013,9,PIT,NE,0,5.5,42.5,18.5
2013,9,SD,WAS,0,1.0,49.5,24.25
2013,9,SEA,TB,1,16.0,40.0,28.0
2013,9,STL,TEN,1,-3.0,41.0,19.0
2013,9,TB,SEA,0,16.0,40.0,12.0
2013,9,TEN,STL,0,-3.0,41.0,22.0
2013,9,WAS,SD,1,1.0,49.5,25.25
2013,10,ARI,HOU,1,4.0,41.5,22.75
2013,10,ATL,SEA,1,-3.5,47.0,21.75
2013,10,BAL,CIN,1,1.0,44.0,22.5
2013,10,BUF,PIT,0,3.0,42.5,19.75
2013,10,CAR,SF,0,6.0,43.0,18.5
2013,10,CHI,DET,1,-1.0,52.0,25.5
2013,10,CIN,BAL,0,1.0,44.0,21.5
2013,10,DAL,NO,0,6.0,54.0,24.0
2013,10,DEN,SD,0,-7.0,56.0,31.5
2013,10,DET,CHI,0,-1.0,52.0,26.5
2013,10,GB,PHI,1,-1.0,47.0,23.0
2013,10,HOU,ARI,0,4.0,41.5,18.75
2013,10,IND,STL,1,7.5,43.0,25.25
2013,10,JAX,TEN,0,11.5,41.5,15.0
2013,10,MIA,TB,0,-1.0,39.0,20.0
2013,10,MIN,WAS,1,-1.0,48.0,23.5
2013,10,NO,DAL,1,6.0,54.0,30.0
2013,10,NYG,OAK,1,7.5,41.0,24.25
2013,10,OAK,NYG,0,7.5,41.0,16.75
2013,10,PHI,GB,0,-1.0,47.0,24.0
2013,10,PIT,BUF,1,3.0,42.5,22.75
2013,10,SD,DEN,1,-7.0,56.0,24.5
2013,10,SEA,ATL,0,-3.5,47.0,25.25
2013,10,SF,CAR,1,6.0,43.0,24.5
2013,10,STL,IND,0,7.5,43.0,17.75
2013,10,TB,MIA,1,-1.0,39.0,19.0
2013,10,TEN,JAX,1,11.5,41.5,26.5
2013,10,WAS,MIN,0,-1.0,48.0,24.5
2013,11,ARI,JAX,0,-9.5,40.5,25.0
2013,11,ATL,TB,0,1.0,44.0,21.5
2013,11,BAL,CHI,0,4.0,41.0,18.5
2013,11,BUF,NYJ,1,-1.0,39.5,19.25
2013,11,CAR,NE,1,3.0,46.5,24.75
2013,11,CHI,BAL,1,4.0,41.0,22.5
2013,11,CIN,CLE,1,4.0,40.0,22.0
2013,11,CLE,CIN,0,4.0,40.0,18.0
2013,11,DEN,KC,1,7.5,48.5,28.0
2013,11,DET,PIT,0,-3.0,45.0,24.0
2013,11,GB,NYG,0,3.5,41.0,18.75
2013,11,HOU,OAK,1,10.5,41.0,25.75
2013,11,IND,TEN,0,-2.5,42.0,22.25
2013,11,JAX,ARI,1,-9.5,40.5,15.5
2013,11,KC,DEN,0,7.5,48.5,20.5
2013,11,MIA,SD,1,-2.5,44.0,20.75
2013,11,MIN,SEA,0,13.0,45.0,16.0
2013,11,NE,CAR,0,3.0,46.5,21.75
2013,11,NO,SF,1,3.5,50.0,26.75
2013,11,NYG,GB,1,3.5,41.0,22.25
2013,11,NYJ,BUF,0,-1.0,39.5,20.25
2013,11,OAK,HOU,0,10.5,41.0,15.25
2013,11,PHI,WAS,1,4.5,54.5,29.5
2013,11,PIT,DET,1,-3.0,45.0,21.0
2013,11,SD,MIA,0,-2.5,44.0,23.25
2013,11,SEA,MIN,1,13.0,45.0,29.0
2013,11,SF,NO,0,3.5,50.0,23.25
2013,11,TB,ATL,1,1.0,44.0,22.5
2013,11,TEN,IND,1,-2.5,42.0,19.75
2013,11,WAS,PHI,0,4.5,54.5,25.0
2013,12,ARI,IND,1,3.5,44.5,24.0
2013,12,ATL,NO,1,-7.5,52.5,22.5
2013,12,BAL,NYJ,1,4.0,38.0,21.0
2013,12,CAR,MIA,0,-4.5,40.0,22.25
2013,12,CHI,STL,0,1.0,46.0,22.5
2013,12,CLE,PIT,1,2.5,40.0,21.25
2013,12,DAL,NYG,0,1.0,44.5,21.75
2013,12,DEN,NE,0,1.0,54.0,26.5
2013,12,DET,TB,1,7.0,48.5,27.75
2013,12,GB,MIN,1,6.0,44.5,25.25
2013,12,HOU,JAX,1,10.5,44.0,27.25
2013,12,IND,ARI,0,3.5,44.5,20.5
2013,12,JAX,HOU,0,10.5,44.0,16.75
2013,12,KC,SD,1,3.5,43.0,23.25
2013,12,MIA,CAR,1,-4.5,40.0,17.75
2013,12,MIN,GB,0,6.0,44.5,19.25
2013,12,NE,DEN,1,1.0,54.0,27.5
2013,12,NO,ATL,0,-7.5,52.5,30.0
2013,12,NYG,DAL,1,1.0,44.5,22.75
2013,12,NYJ,BAL,0,4.0,38.0,17.0
2013,12,OAK,TEN,1,-2.5,42.0,19.75
2013,12,PIT,CLE,0,2.5,40.0,18.75
2013,12,SD,KC,0,3.5,43.0,19.75
2013,12,SF,WAS,0,-5.5,45.5,25.5
2013,12,STL,CHI,1,1.0,46.0,23.5
2013,12,TB,DET,0,7.0,48.5,20.75
2013,12,TEN,OAK,0,-2.5,42.0,22.25
2013,12,WAS,SF,1,-5.5,45.5,20.0
2013,13,ARI,PHI,0,3.5,48.0,22.25
2013,13,ATL,BUF,0,5.0,48.0,21.5
2013,13,BAL,PIT,1,3.0,40.5,21.75
2013,13,BUF,ATL,1,5.0,48.0,26.5
2013,13,CAR,TB,1,7.5,41.0,24.25
2013,13,CHI,MIN,0,2.5,48.5,23.0
2013,13,CIN,SD,0,-2.5,48.5,25.5
2013,13,CLE,JAX,1,7.5,39.5,23.5
2013,13,DAL,OAK,1,10.0,49.5,29.75
2013,13,DEN,KC,0,-5.0,50.5,27.75
2013,13,DET,GB,1,7.0,48.5,27.75
2013,13,GB,DET,0,7.0,48.5,20.75
2013,13,HOU,NE,1,-7.0,49.5,21.25
2013,13,IND,TEN,1,3.5,46.0,24.75
2013,13,JAX,CLE,0,7.5,39.5,16.0
2013,13,KC,DEN,1,-5.0,50.5,22.75
2013,13,MIA,NYJ,0,-1.0,39.5,20.25
2013,13,MIN,CHI,1,2.5,48.5,25.5
2013,13,NE,HOU,0,-7.0,49.5,28.25
2013,13,NO,SEA,0,6.5,48.5,21.0
2013,13,NYG,WAS,0,1.0,45.5,22.25
2013,13,NYJ,MIA,1,-1.0,39.5,19.25
2013,13,OAK,DAL,0,10.0,49.5,19.75
2013,13,PHI,ARI,1,3.5,48.0,25.75
2013,13,PIT,BAL,0,3.0,40.5,18.75
2013,13,SD,CIN,1,-2.5,48.5,23.0
2013,13,SEA,NO,1,6.5,48.5,27.5
2013,13,SF,STL,1,7.5,40.5,24.0
2013,13,STL,SF,0,7.5,40.5,16.5
2013,13,TB,CAR,0,7.5,41.0,16.75
2013,13,TEN,IND,0,3.5,46.0,21.25
2013,13,WAS,NYG,1,1.0,45.5,23.25
2013,14,ARI,STL,1,4.0,41.0,22.5
2013,14,ATL,GB,0,3.5,47.0,21.75
2013,14,BAL,MIN,1,6.0,41.5,23.75
2013,14,BUF,TB,0,3.0,42.5,19.75
2013,14,CAR,NO,0,3.0,47.0,22.0
2013,14,CHI,DAL,1,2.0,49.0,25.5
2013,14,CIN,IND,1,7.0,43.0,25.0
2013,14,CLE,NE,0,9.5,47.5,19.0
2013,14,DAL,CHI,0,2.0,49.0,23.5
2013,14,DEN,TEN,1,13.0,49.5,31.25
2013,14,DET,PHI,0,2.5,54.0,25.75
2013,14,GB,ATL,1,3.5,47.0,25.25
2013,14,HOU,JAX,0,-3.0,43.5,23.25
2013,14,IND,CIN,0,7.0,43.0,18.0
2013,14,JAX,HOU,1,-3.0,43.5,20.25
2013,14,KC,WAS,0,-3.5,44.0,23.75
2013,14,MIA,PIT,0,3.0,40.5,18.75
2013,14,MIN,BAL,0,6.0,41.5,17.75
2013,14,NE,CLE,1,9.5,47.5,28.5
2013,14,NO,CAR,1,3.0,47.0,25.0
2013,14,NYG,SD,0,4.5,46.5,21.0
2013,14,NYJ,OAK,1,3.0,39.0,21.0
2013,14,OAK,NYJ,0,3.0,39.0,18.0
2013,14,PHI,DET,1,2.5,54.0,28.25
2013,14,PIT,MIA,1,3.0,40.5,21.75
2013,14,SD,NYG,1,4.5,46.5,25.5
2013,14,SEA,SF,0,2.5,41.0,19.25
2013,14,SF,SEA,1,2.5,41.0,21.75
2013,14,STL,ARI,0,4.0,41.0,18.5
2013,14,TB,BUF,1,3.0,42.5,22.75
2013,14,TEN,DEN,0,13.0,49.5,18.25
2013,14,WAS,KC,1,-3.5,44.0,20.25
2013,15,ARI,TEN,0,-3.0,43.0,23.0
2013,15,ATL,WAS,1,5.5,50.0,27.75
2013,15,BAL,DET,0,4.5,49.0,22.25
2013,15,BUF,JAX,0,-4.0,43.0,23.5
2013,15,CAR,NYJ,1,10.0,40.5,25.25
2013,15,CHI,CLE,0,1.0,43.5,21.25
2013,15,CIN,PIT,0,-2.0,44.0,23.0
2013,15,CLE,CHI,1,1.0,43.5,22.25
2013,15,DAL,GB,1,4.0,49.5,26.75
2013,15,DEN,SD,1,10.0,56.5,33.25
2013,15,DET,BAL,1,4.5,49.0,26.75
2013,15,GB,DAL,0,4.0,49.5,22.75
2013,15,HOU,IND,0,6.0,47.0,20.5
2013,15,IND,HOU,1,6.0,47.0,26.5
2013,15,JAX,BUF,1,-4.0,43.0,19.5
2013,15,KC,OAK,0,-6.5,44.0,25.25
2013,15,MIA,NE,1,2.5,46.5,24.5
2013,15,MIN,PHI,1,-6.5,53.0,23.25
2013,15,NE,MIA,0,2.5,46.5,22.0
2013,15,NO,STL,0,-6.5,48.0,27.25
2013,15,NYG,SEA,1,-9.5,43.5,17.0
2013,15,NYJ,CAR,0,10.0,40.5,15.25
2013,15,OAK,KC,1,-6.5,44.0,18.75
2013,15,PHI,MIN,0,-6.5,53.0,29.75
2013,15,PIT,CIN,1,-2.0,44.0,21.0
2013,15,SD,DEN,0,10.0,56.5,23.25
2013,15,SEA,NYG,0,-9.5,43.5,26.5
2013,15,SF,TB,0,-4.5,41.0,22.75
2013,15,STL,NO,1,-6.5,48.0,20.75
2013,15,TB,SF,1,-4.5,41.0,18.25
2013,15,TEN,ARI,1,-3.0,43.0,20.0
2013,15,WAS,ATL,0,5.5,50.0,22.25
2013,16,ARI,SEA,0,8.0,42.5,17.25
2013,16,ATL,SF,0,15.5,46.0,15.25
2013,16,BAL,NE,1,-1.0,45.0,22.0
2013,16,BUF,MIA,1,1.0,42.0,21.5
2013,16,CAR,NO,1,3.5,44.5,24.0
2013,16,CHI,PHI,0,2.5,53.5,25.5
2013,16,CIN,MIN,1,7.5,48.0,27.75
2013,16,CLE,NYJ,0,2.5,41.5,19.5
2013,16,DAL,WAS,0,-3.0,51.0,27.0
2013,16,DEN,HOU,0,-9.0,53.0,31.0
2013,16,DET,NYG,1,9.5,47.0,28.25
2013,16,GB,PIT,1,-1.0,43.5,21.25
2013,16,HOU,DEN,1,-9.0,53.0,22.0
2013,16,IND,KC,0,7.5,46.5,19.5
2013,16,JAX,TEN,1,-4.0,44.0,20.0
2013,16,KC,IND,1,7.5,46.5,27.0
2013,16,MIA,BUF,0,1.0,42.0,20.5
2013,16,MIN,CIN,0,7.5,48.0,20.25
2013,16,NE,BAL,0,-1.0,45.0,23.0
2013,16,NO,CAR,0,3.5,44.5,20.5
2013,16,NYG,DET,0,9.5,47.0,18.75
2013,16,NYJ,CLE,1,2.5,41.5,22.0
2013,16,OAK,SD,0,10.0,50.0,20.0
2013,16,PHI,CHI,1,2.5,53.5,28.0
2013,16,PIT,GB,0,-1.0,43.5,22.25
2013,16,SD,OAK,1,10.0,50.0,30.0
2013,16,SEA,ARI,1,8.0,42.5,25.25
2013,16,SF,ATL,1,15.5,46.0,30.75
2013,16,STL,TB,1,3.5,43.0,23.25
2013,16,TB,STL,0,3.5,43.0,19.75
2013,16,TEN,JAX,0,-4.0,44.0,24.0
2013,16,WAS,DAL,1,-3.0,51.0,24.0
2013,17,ARI,SF,1,3.0,41.0,22.0
2013,17,ATL,CAR,1,-5.5,46.5,20.5
2013,17,BAL,CIN,0,6.5,43.0,18.25
2013,17,BUF,NE,0,7.5,46.5,19.5
2013,17,CAR,ATL,0,-5.5,46.5,26.0
2013,17,CHI,GB,1,-3.0,51.0,24.0
2013,17,CIN,BAL,1,6.5,43.0,24.75
2013,17,CLE,PIT,0,9.5,44.5,17.5
2013,17,DAL,PHI,1,-7.5,54.0,23.25
2013,17,DEN,OAK,0,-10.0,53.5,31.75
2013,17,DET,MIN,0,-2.5,50.0,26.25
2013,17,GB,CHI,0,-3.0,51.0,27.0
2013,17,HOU,TEN,0,7.0,44.5,18.75
2013,17,IND,JAX,1,11.0,45.0,28.0
2013,17,JAX,IND,0,11.0,45.0,17.0
2013,17,KC,SD,0,15.5,45.0,14.75
2013,17,MIA,NYJ,1,7.5,41.0,24.25
2013,17,MIN,DET,1,-2.5,50.0,23.75
2013,17,NE,BUF,1,7.5,46.5,27.0
2013,17,NO,TB,1,11.0,47.0,29.0
2013,17,NYG,WAS,1,3.5,44.0,23.75
2013,17,NYJ,MIA,0,7.5,41.0,16.75
2013,17,OAK,DEN,1,-10.0,53.5,21.75
2013,17,PHI,DAL,0,-7.5,54.0,30.75
2013,17,PIT,CLE,1,9.5,44.5,27.0
2013,17,SD,KC,1,15.5,45.0,30.25
2013,17,SEA,STL,1,13.0,41.0,27.0
2013,17,SF,ARI,0,3.0,41.0,19.0
2013,17,STL,SEA,0,13.0,41.0,14.0
2013,17,TB,NO,0,11.0,47.0,18.0
2013,17,TEN,HOU,1,7.0,44.5,25.75
2013,17,WAS,NYG,0,3.5,44.0,20.25
2013,18,CIN,SD,1,6.5,47.5,27.0
2013,18,GB,SF,1,-3.0,46.5,21.75
2013,18,IND,KC,1,-2.0,48.0,23.0
2013,18,KC,IND,0,-2.0,48.0,25.0
2013,18,NO,PHI,0,3.0,55.5,26.25
2013,18,PHI,NO,1,3.0,55.5,29.25
2013,18,SD,CIN,0,6.5,47.5,20.5
2013,18,SF,GB,0,-3.0,46.5,24.75
2013,19,CAR,SF,1,-0.0,41.0,20.5
2013,19,DEN,SD,1,8.0,55.0,31.5
2013,19,IND,NE,0,7.5,51.0,21.75
2013,19,NE,IND,1,7.5,51.0,29.25
2013,19,NO,SEA,0,10.0,44.0,17.0
2013,19,SD,DEN,0,8.0,55.0,23.5
2013,19,SEA,NO,1,10.0,44.0,27.0
2013,19,SF,CAR,0,-0.0,41.0,20.5
2013,20,DEN,NE,1,5.0,56.5,30.75
2013,20,NE,DEN,0,5.0,56.5,25.75
2013,20,SEA,SF,1,4.0,40.0,22.0
2013,20,SF,SEA,0,4.0,40.0,18.0
2013,21,DEN,SEA,1,1.5,47.0,24.25
2013,21,SEA,DEN,0,1.5,47.0,22.75
2014,1,ARI,SD,1,3.0,45.5,24.25
2014,1,ATL,NO,1,-3.0,51.0,24.0
2014,1,BAL,CIN,1,1.0,43.5,22.25
2014,1,BUF,CHI,0,7.0,47.0,20.0
2014,1,CAR,TB,0,5.5,38.5,16.5
2014,1,CHI,BUF,1,7.0,47.0,27.0
2014,1,CIN,BAL,0,1.0,43.5,21.25
2014,1,CLE,PIT,0,5.5,41.5,18.0
2014,1,DAL,SF,1,-3.5,49.0,22.75
2014,1,DEN,IND,1,8.0,52.5,30.25
2014,1,DET,NYG,1,6.5,45.0,25.75
2014,1,GB,SEA,0,4.5,46.5,21.0
2014,1,HOU,WAS,1,3.0,43.5,23.25
2014,1,IND,DEN,0,8.0,52.5,22.25
2014,1,JAX,PHI,0,10.0,49.0,19.5
2014,1,KC,TEN,1,3.0,45.5,24.25
2014,1,MIA,NE,1,-3.5,47.5,22.0
2014,1,MIN,STL,0,3.0,43.5,20.25
2014,1,NE,MIA,0,-3.5,47.5,25.5
2014,1,NO,ATL,0,-3.0,51.0,27.0
2014,1,NYG,DET,0,6.5,45.0,19.25
2014,1,NYJ,OAK,1,6.5,41.0,23.75
2014,1,OAK,NYJ,0,6.5,41.0,17.25
2014,1,PHI,JAX,1,10.0,49.0,29.5
2014,1,PIT,CLE,1,5.5,41.5,23.5
2014,1,SD,ARI,0,3.0,45.5,21.25
2014,1,SEA,GB,1,4.5,46.5,25.5
2014,1,SF,DAL,0,-3.5,49.0,26.25
2014,1,STL,MIN,1,3.0,43.5,23.25
2014,1,TB,CAR,1,5.5,38.5,22.0
2014,1,TEN,KC,0,3.0,45.5,21.25
2014,1,WAS,HOU,0,3.0,43.5,20.25
2014,2,ARI,NYG,0,1.0,41.5,20.25
2014,2,ATL,CIN,0,5.5,48.5,21.5
2014,2,BAL,PIT,1,2.5,44.0,23.25
2014,2,BUF,MIA,1,1.0,43.0,22.0
2014,2,CAR,DET,1,1.0,43.5,22.25
2014,2,CHI,SF,0,7.0,47.0,20.0
2014,2,CIN,ATL,1,5.5,48.5,27.0
2014,2,CLE,NO,1,-4.5,49.5,22.5
2014,2,DAL,TEN,0,3.0,49.5,23.25
2014,2,DEN,KC,1,13.0,49.0,31.0
2014,2,DET,CAR,0,1.0,43.5,21.25
2014,2,GB,NYJ,1,7.0,46.5,26.75
2014,2,HOU,OAK,0,-3.0,41.0,22.0
2014,2,IND,PHI,1,3.0,53.5,28.25
2014,2,JAX,WAS,0,5.0,43.0,19.0
2014,2,KC,DEN,0,13.0,49.0,18.0
2014,2,MIA,BUF,0,1.0,43.0,21.0
2014,2,MIN,NE,1,-3.5,49.0,22.75
2014,2,NE,MIN,0,-3.5,49.0,26.25
2014,2,NO,CLE,0,-4.5,49.5,27.0
2014,2,NYG,ARI,1,1.0,41.5,21.25
2014,2,NYJ,GB,0,7.0,46.5,19.75
2014,2,OAK,HOU,1,-3.0,41.0,19.0
2014,2,PHI,IND,0,3.0,53.5,25.25
2014,2,PIT,BAL,0,2.5,44.0,20.75
2014,2,SD,SEA,1,-4.5,45.0,20.25
2014,2,SEA,SD,0,-4.5,45.0,24.75
2014,2,SF,CHI,1,7.0,47.0,27.0
2014,2,STL,TB,0,4.0,37.5,16.75
2014,2,TB,STL,1,4.0,37.5,20.75
2014,2,TEN,DAL,1,3.0,49.5,26.25
2014,2,WAS,JAX,1,5.0,43.0,24.0
2014,3,ARI,SF,1,-3.0,41.0,19.0
2014,3,ATL,TB,1,6.5,47.0,26.75
2014,3,BAL,CLE,0,-2.0,43.0,22.5
2014,3,BUF,SD,1,2.5,45.5,24.0
2014,3,CAR,PIT,1,3.0,42.5,22.75
2014,3,CHI,NYJ,0,1.5,44.5,21.5
2014,3,CIN,TEN,1,6.5,44.5,25.5
2014,3,CLE,BAL,1,-2.0,43.0,20.5
2014,3,DAL,STL,0,-1.5,45.0,23.25
2014,3,DEN,SEA,0,4.0,48.0,22.0
2014,3,DET,GB,1,1.5,51.0,26.25
2014,3,GB,DET,0,1.5,51.0,24.75
2014,3,HOU,NYG,0,1.0,41.5,20.25
2014,3,IND,JAX,0,-6.0,45.5,25.75
2014,3,JAX,IND,1,-6.0,45.5,19.75
2014,3,KC,MIA,0,6.0,43.0,18.5
2014,3,MIA,KC,1,6.0,43.0,24.5
2014,3,MIN,NO,0,10.0,49.5,19.75
2014,3,NE,OAK,1,14.0,47.5,30.75
2014,3,NO,MIN,1,10.0,49.5,29.75
2014,3,NYG,HOU,1,1.0,41.5,21.25
2014,3,NYJ,CHI,1,1.5,44.5,23.0
2014,3,OAK,NE,0,14.0,47.5,16.75
2014,3,PHI,WAS,1,4.0,50.5,27.25
2014,3,PIT,CAR,0,3.0,42.5,19.75
2014,3,SD,BUF,0,2.5,45.5,21.5
2014,3,SEA,DEN,1,4.0,48.0,26.0
2014,3,SF,ARI,0,-3.0,41.0,22.0
2014,3,STL,DAL,1,-1.5,45.0,21.75
2014,3,TB,ATL,0,6.5,47.0,20.25
2014,3,TEN,CIN,0,6.5,44.5,19.0
2014,3,WAS,PHI,0,4.0,50.5,23.25
2014,4,ATL,MIN,0,-5.5,48.0,26.75
2014,4,BAL,CAR,1,3.5,42.5,23.0
2014,4,BUF,HOU,0,3.0,44.0,20.5
2014,4,CAR,BAL,0,3.5,42.5,19.5
2014,4,CHI,GB,1,-2.0,51.0,24.5
2014,4,DAL,NO,1,-3.0,53.5,25.25
2014,4,DET,NYJ,0,2.0,43.5,20.75
2014,4,GB,CHI,0,-2.0,51.0,26.5
2014,4,HOU,BUF,1,3.0,44.0,23.5
2014,4,IND,TEN,1,7.5,45.5,26.5
2014,4,JAX,SD,0,13.0,45.0,16.0
2014,4,KC,NE,1,-3.0,45.0,21.0
2014,4,MIA,OAK,0,-4.0,41.0,22.5
2014,4,MIN,ATL,1,-5.5,48.0,21.25
2014,4,NE,KC,0,-3.0,45.0,24.0
2014,4,NO,DAL,0,-3.0,53.5,28.25
2014,4,NYG,WAS,0,3.0,44.5,20.75
2014,4,NYJ,DET,1,2.0,43.5,22.75
2014,4,OAK,MIA,1,-4.0,41.0,18.5
2014,4,PHI,SF,0,3.5,48.5,22.5
2014,4,PIT,TB,1,7.5,44.5,26.0
2014,4,SD,JAX,1,13.0,45.0,29.0
2014,4,SF,PHI,1,3.5,48.5,26.0
2014,4,TB,PIT,0,7.5,44.5,18.5
2014,4,TEN,IND,0,7.5,45.5,19.0
2014,4,WAS,NYG,1,3.0,44.5,23.75
2014,5,ARI,DEN,0,8.0,47.0,19.5
2014,5,ATL,NYG,0,4.0,50.5,23.25
2014,5,BAL,IND,0,2.5,49.5,23.5
2014,5,BUF,DET,0,4.5,43.0,19.25
2014,5,CAR,CHI,1,1.5,46.5,24.0
2014,5,CHI,CAR,0,1.5,46.5,22.5
2014,5,CIN,NE,0,-2.5,46.0,24.25
2014,5,CLE,TEN,0,-1.0,44.5,22.75
2014,5,DAL,HOU,1,5.0,47.5,26.25
2014,5,DEN,ARI,1,8.0,47.0,27.5
2014,5,DET,BUF,1,4.5,43.0,23.75
2014,5,GB,MIN,1,8.5,46.5,27.5
2014,5,HOU,DAL,0,5.0,47.5,21.25
2014,5,IND,BAL,1,2.5,49.5,26.0
2014,5,JAX,PIT,1,-6.0,47.0,20.5
2014,5,KC,SF,0,4.0,43.5,19.75
2014,5,MIN,GB,0,8.5,46.5,19.0
2014,5,NE,CIN,1,-2.5,46.0,21.75
2014,5,NO,TB,1,11.0,47.5,29.25
2014,5,NYG,ATL,1,4.0,50.5,27.25
2014,5,NYJ,SD,0,7.0,44.5,18.75
2014,5,PHI,STL,1,3.5,48.0,25.75
2014,5,PIT,JAX,0,-6.0,47.0,26.5
2014,5,SD,NYJ,1,7.0,44.5,25.75
2014,5,SEA,WAS,0,-7.0,45.5,26.25
2014,5,SF,KC,1,4.0,43.5,23.75
2014,5,STL,PHI,0,3.5,48.0,22.25
2014,5,TB,NO,0,11.0,47.5,18.25
2014,5,TEN,CLE,1,-1.0,44.5,21.75
2014,5,WAS,SEA,1,-7.0,45.5,19.25
2014,6,ARI,WAS,1,5.0,47.0,26.0
2014,6,ATL,CHI,1,3.5,55.5,29.5
2014,6,BAL,TB,0,-3.5,44.0,23.75
2014,6,BUF,NE,1,1.0,44.0,22.5
2014,6,CAR,CIN,0,7.0,43.5,18.25
2014,6,CHI,ATL,0,3.5,55.5,26.0
2014,6,CIN,CAR,1,7.0,43.5,25.25
2014,6,CLE,PIT,1,2.5,46.5,24.5
2014,6,DAL,SEA,0,10.0,47.0,18.5
2014,6,DEN,NYJ,0,-10.0,47.0,28.5
2014,6,DET,MIN,0,1.0,43.0,21.0
2014,6,GB,MIA,0,-1.5,46.5,24.0
2014,6,HOU,IND,1,-2.5,46.0,21.75
2014,6,IND,HOU,0,-2.5,46.0,24.25
2014,6,JAX,TEN,0,4.0,42.5,19.25
2014,6,MIA,GB,1,-1.5,46.5,22.5
2014,6,MIN,DET,1,1.0,43.0,22.0
2014,6,NE,BUF,0,1.0,44.0,21.5
2014,6,NYG,PHI,0,1.0,50.5,24.75
2014,6,NYJ,DEN,1,-10.0,47.0,18.5
2014,6,OAK,SD,1,-7.0,43.5,18.25
2014,6,PHI,NYG,1,1.0,50.5,25.75
2014,6,PIT,CLE,0,2.5,46.5,22.0
2014,6,SD,OAK,0,-7.0,43.5,25.25
2014,6,SEA,DAL,1,10.0,47.0,28.5
2014,6,SF,STL,0,-3.5,44.0,23.75
2014,6,STL,SF,1,-3.5,44.0,20.25
2014,6,TB,BAL,1,-3.5,44.0,20.25
2014,6,TEN,JAX,1,4.0,42.5,23.25
2014,6,WAS,ARI,0,5.0,47.0,21.0
2014,7,ARI,OAK,0,-3.5,46.0,24.75
2014,7,ATL,BAL,0,7.0,49.5,21.25
2014,7,BAL,ATL,1,7.0,49.5,28.25
2014,7,BUF,MIN,1,7.0,43.5,25.25
2014,7,CAR,GB,0,6.5,48.5,21.0
2014,7,CHI,MIA,1,3.0,47.5,25.25
2014,7,CIN,IND,0,3.0,50.5,23.75
2014,7,CLE,JAX,0,-4.0,44.5,24.25
2014,7,DAL,NYG,1,5.0,47.0,26.0
2014,7,DEN,SF,1,7.0,48.0,27.5
2014,7,DET,NO,1,1.5,45.5,23.5
2014,7,GB,CAR,1,6.5,48.5,27.5
2014,7,HOU,PIT,0,3.0,44.5,20.75
2014,7,IND,CIN,1,3.0,50.5,26.75
2014,7,JAX,CLE,1,-4.0,44.5,20.25
2014,7,KC,SD,0,3.0,46.0,21.5
2014,7,MIA,CHI,0,3.0,47.5,22.25
2014,7,MIN,BUF,0,7.0,43.5,18.25
2014,7,NE,NYJ,1,9.5,44.5,27.0
2014,7,NO,DET,0,1.5,45.5,22.0
2014,7,NYG,DAL,0,5.0,47.0,21.0
2014,7,NYJ,NE,0,9.5,44.5,17.5
2014,7,OAK,ARI,1,-3.5,46.0,21.25
2014,7,PIT,HOU,1,3.0,44.5,23.75
2014,7,SD,KC,1,3.0,46.0,24.5
2014,7,SEA,STL,0,-7.0,43.5,25.25
2014,7,SF,DEN,0,7.0,48.0,20.5
2014,7,STL,SEA,1,-7.0,43.5,18.25
2014,7,TEN,WAS,0,6.0,46.0,20.0
2014,7,WAS,TEN,1,6.0,46.0,26.0
2014,8,ARI,PHI,1,1.0,49.0,25.0
2014,8,ATL,DET,1,-3.5,45.0,20.75
2014,8,BAL,CIN,0,-2.5,44.5,23.5
2014,8,BUF,NYJ,0,3.0,40.0,18.5
2014,8,CAR,SEA,1,-6.0,44.5,19.25
2014,8,CHI,NE,0,5.5,51.0,22.75
2014,8,CIN,BAL,1,-2.5,44.5,21.0
2014,8,CLE,OAK,1,6.5,44.5,25.5
2014,8,DAL,WAS,1,9.5,49.0,29.25
2014,8,DEN,SD,1,9.0,51.0,30.0
2014,8,DET,ATL,0,-3.5,45.0,24.25
2014,8,GB,NO,0,2.0,55.0,26.5
2014,8,HOU,TEN,0,-3.5,43.0,23.25
2014,8,IND,PIT,0,-5.0,48.0,26.5
2014,8,JAX,MIA,1,-7.0,42.0,17.5
2014,8,KC,STL,1,7.5,44.5,26.0
2014,8,MIA,JAX,0,-7.0,42.0,24.5
2014,8,MIN,TB,0,1.0,43.0,21.0
2014,8,NE,CHI,1,5.5,51.0,28.25
2014,8,NO,GB,1,2.0,55.0,28.5
2014,8,NYJ,BUF,1,3.0,40.0,21.5
2014,8,OAK,CLE,0,6.5,44.5,19.0
2014,8,PHI,ARI,0,1.0,49.0,24.0
2014,8,PIT,IND,1,-5.0,48.0,21.5
2014,8,SD,DEN,0,9.0,51.0,21.0
2014,8,SEA,CAR,0,-6.0,44.5,25.25
2014,8,STL,KC,0,7.5,44.5,18.5
2014,8,TB,MIN,1,1.0,43.0,22.0
2014,8,TEN,HOU,1,-3.5,43.0,19.75
2014,8,WAS,DAL,0,9.5,49.0,19.75
2014,9,ARI,DAL,0,1.5,45.0,21.75
2014,9,BAL,PIT,0,2.5,47.5,22.5
2014,9,CAR,NO,1,-3.0,48.5,22.75
2014,9,CIN,JAX,1,10.0,44.0,27.0
2014,9,CLE,TB,1,7.0,44.0,25.5
2014,9,DAL,ARI,1,1.5,45.0,23.25
2014,9,DEN,NE,0,-3.0,52.5,27.75
2014,9,HOU,PHI,1,-1.5,48.5,23.5
2014,9,IND,NYG,0,-3.0,51.0,27.0
2014,9,JAX,CIN,0,10.0,44.0,17.0
2014,9,KC,NYJ,1,9.5,41.5,25.5
2014,9,MIA,SD,1,3.0,45.5,24.25
2014,9,MIN,WAS,1,-1.0,43.5,21.25
2014,9,NE,DEN,1,-3.0,52.5,24.75
2014,9,NO,CAR,0,-3.0,48.5,25.75
2014,9,NYG,IND,1,-3.0,51.0,24.0
2014,9,NYJ,KC,0,9.5,41.5,16.0
2014,9,OAK,SEA,0,13.5,43.5,15.0
2014,9,PHI,HOU,0,-1.5,48.5,25.0
2014,9,PIT,BAL,1,2.5,47.5,25.0
2014,9,SD,MIA,0,3.0,45.5,21.25
2014,9,SEA,OAK,1,13.5,43.5,28.5
2014,9,SF,STL,1,10.5,44.0,27.25
2014,9,STL,SF,0,10.5,44.0,16.75
2014,9,TB,CLE,0,7.0,44.0,18.5
2014,9,WAS,MIN,0,-1.0,43.5,22.25
2014,10,ARI,STL,1,7.0,43.0,25.0
2014,10,ATL,TB,0,-3.5,47.0,25.25
2014,10,BAL,TEN,1,10.5,44.5,27.5
2014,10,BUF,KC,1,2.0,42.0,22.0
2014,10,CAR,PHI,0,7.0,48.5,20.75
2014,10,CHI,GB,0,9.5,53.0,21.75
2014,10,CIN,CLE,1,6.5,45.5,26.0
2014,10,CLE,CIN,0,6.5,45.5,19.5
2014,10,DAL,JAX,0,-7.5,45.0,26.25
2014,10,DEN,OAK,0,-13.0,50.5,31.75
2014,10,DET,MIA,1,3.0,43.0,23.0
2014,10,GB,CHI,1,9.5,53.0,31.25
2014,10,JAX,DAL,1,-7.5,45.0,18.75
2014,10,KC,BUF,0,2.0,42.0,20.0
2014,10,MIA,DET,0,3.0,43.0,20.0
2014,10,NO,SF,1,6.0,49.5,27.75
2014,10,NYG,SEA,0,9.0,44.5,17.75
2014,10,NYJ,PIT,1,-4.5,47.0,21.25
2014,10,OAK,DEN,1,-13.0,50.5,18.75
2014,10,PHI,CAR,1,7.0,48.5,27.75
2014,10,PIT,NYJ,0,-4.5,47.0,25.75
2014,10,SEA,NYG,1,9.0,44.5,26.75
2014,10,SF,NO,0,6.0,49.5,21.75
2014,10,STL,ARI,0,7.0,43.0,18.0
2014,10,TB,ATL,1,-3.5,47.0,21.75
2014,10,TEN,BAL,0,10.5,44.5,17.0
2014,11,ARI,DET,1,-1.0,41.5,20.25
2014,11,ATL,CAR,0,-2.5,46.5,24.5
2014,11,BUF,MIA,0,4.0,40.5,18.25
2014,11,CAR,ATL,1,-2.5,46.5,22.0
2014,11,CHI,MIN,1,2.5,46.5,24.5
2014,11,CIN,NO,0,8.5,51.0,21.25
2014,11,CLE,HOU,1,4.5,42.0,23.25
2014,11,DEN,STL,0,-8.0,49.5,28.75
2014,11,DET,ARI,0,-1.0,41.5,21.25
2014,11,GB,PHI,1,4.5,55.5,30.0
2014,11,HOU,CLE,0,4.5,42.0,18.75
2014,11,IND,NE,1,3.0,58.0,30.5
2014,11,KC,SEA,1,-1.0,43.5,21.25
2014,11,MIA,BUF,1,4.0,40.5,22.25
2014,11,MIN,CHI,0,2.5,46.5,22.0
2014,11,NE,IND,0,3.0,58.0,27.5
2014,11,NO,CIN,1,8.5,51.0,29.75
2014,11,NYG,SF,1,-4.0,45.0,20.5
2014,11,OAK,SD,0,10.5,45.5,17.5
2014,11,PHI,GB,0,4.5,55.5,25.5
2014,11,PIT,TEN,0,-7.0,46.5,26.75
2014,11,SD,OAK,1,10.5,45.5,28.0
2014,11,SEA,KC,0,-1.0,43.5,22.25
2014,11,SF,NYG,0,-4.0,45.0,24.5
2014,11,STL,DEN,1,-8.0,49.5,20.75
2014,11,TB,WAS,0,6.5,45.5,19.5
2014,11,TEN,PIT,1,-7.0,46.5,19.75
2014,11,WAS,TB,1,6.5,45.5,26.0
2014,12,ARI,SEA,0,7.5,42.0,17.25
2014,12,ATL,CLE,1,3.0,48.5,25.75
2014,12,BAL,NO,0,2.5,50.5,24.0
2014,12,BUF,NYJ,1,2.5,42.0,22.25
2014,12,CHI,TB,1,4.0,47.0,25.5
2014,12,CIN,HOU,0,3.0,44.5,20.75
2014,12,CLE,ATL,0,3.0,48.5,22.75
2014,12,DAL,NYG,0,-4.0,48.5,26.25
2014,12,DEN,MIA,1,6.5,47.5,27.0
2014,12,DET,NE,0,7.5,47.5,20.0
2014,12,GB,MIN,0,-7.5,50.0,28.75
2014,12,HOU,CIN,1,3.0,44.5,23.75
2014,12,IND,JAX,1,13.0,49.0,31.0
2014,12,JAX,IND,0,13.0,49.0,18.0
2014,12,KC,OAK,0,-7.5,42.0,24.75
2014,12,MIA,DEN,0,6.5,47.5,20.5
2014,12,MIN,GB,1,-7.5,50.0,21.25
2014,12,NE,DET,1,7.5,47.5,27.5
2014,12,NO,BAL,1,2.5,50.5,26.5
2014,12,NYG,DAL,1,-4.0,48.5,22.25
2014,12,NYJ,BUF,0,2.5,42.0,19.75
2014,12,OAK,KC,1,-7.5,42.0,17.25
2014,12,PHI,TEN,1,11.0,49.0,30.0
2014,12,SD,STL,1,4.0,43.5,23.75
2014,12,SEA,ARI,1,7.5,42.0,24.75
2014,12,SF,WAS,1,9.0,44.0,26.5
2014,12,STL,SD,0,4.0,43.5,19.75
2014,12,TB,CHI,0,4.0,47.0,21.5
2014,12,TEN,PHI,0,11.0,49.0,19.0
2014,12,WAS,SF,0,9.0,44.0,17.5
2014,13,ARI,ATL,0,-1.5,45.5,23.5
2014,13,ATL,ARI,1,-1.5,45.5,22.0
2014,13,BAL,SD,1,6.5,45.5,26.0
2014,13,BUF,CLE,1,3.0,42.0,22.5
2014,13,CAR,MIN,0,2.5,41.5,19.5
2014,13,CHI,DET,0,7.5,46.0,19.25
2014,13,CIN,TB,0,-6.0,43.5,24.75
2014,13,CLE,BUF,0,3.0,42.0,19.5
2014,13,DAL,PHI,1,3.0,56.5,29.75
2014,13,DEN,KC,0,1.0,49.0,24.0
2014,13,DET,CHI,1,7.5,46.0,26.75
2014,13,GB,NE,1,3.0,57.0,30.0
2014,13,HOU,TEN,1,7.0,43.0,25.0
2014,13,IND,WAS,1,7.5,48.5,28.0
2014,13,JAX,NYG,1,-3.0,44.0,20.5
2014,13,KC,DEN,1,1.0,49.0,25.0
2014,13,MIA,NYJ,0,-6.5,41.5,24.0
2014,13,MIN,CAR,1,2.5,41.5,22.0
2014,13,NE,GB,0,3.0,57.0,27.0
2014,13,NO,PIT,0,3.5,54.5,25.5
2014,13,NYG,JAX,0,-3.0,44.0,23.5
2014,13,NYJ,MIA,1,-6.5,41.5,17.5
2014,13,OAK,STL,0,6.5,43.0,18.25
2014,13,PHI,DAL,0,3.0,56.5,26.75
2014,13,PIT,NO,1,3.5,54.5,29.0
2014,13,SD,BAL,0,6.5,45.5,19.5
2014,13,SEA,SF,0,1.0,40.0,19.5
2014,13,SF,SEA,1,1.0,40.0,20.5
2014,13,STL,OAK,1,6.5,43.0,24.75
2014,13,TB,CIN,1,-6.0,43.5,18.75
2014,13,TEN,HOU,0,7.0,43.0,18.0
2014,13,WAS,IND,0,7.5,48.5,20.5
2014,14,ARI,KC,1,-2.5,41.5,19.5
2014,14,ATL,GB,0,13.5,54.5,20.5
2014,14,BAL,MIA,0,3.0,45.0,21.0
2014,14,BUF,DEN,0,9.0,47.0,19.0
2014,14,CAR,NO,0,8.5,50.5,21.0
2014,14,CHI,DAL,1,-3.5,50.5,23.5
2014,14,CIN,PIT,1,3.0,47.0,25.0
2014,14,CLE,IND,1,-3.0,50.0,23.5
2014,14,DAL,CHI,0,-3.5,50.5,27.0
2014,14,DEN,BUF,1,9.0,47.0,28.0
2014,14,DET,TB,1,10.5,42.0,26.25
2014,14,GB,ATL,1,13.5,54.5,34.0
2014,14,HOU,JAX,0,-6.5,41.5,24.0
2014,14,IND,CLE,0,-3.0,50.0,26.5
2014,14,JAX,HOU,1,-6.5,41.5,17.5
2014,14,KC,ARI,0,-2.5,41.5,22.0
2014,14,MIA,BAL,1,3.0,45.0,24.0
2014,14,MIN,NYJ,1,4.5,40.5,22.5
2014,14,NE,SD,0,-4.0,53.0,28.5
2014,14,NO,CAR,1,8.5,50.5,29.5
2014,14,NYG,TEN,0,-3.0,46.5,24.75
2014,14,NYJ,MIN,0,4.5,40.5,18.0
2014,14,OAK,SF,1,-8.0,40.0,16.0
2014,14,PHI,SEA,1,-1.5,48.0,23.25
2014,14,PIT,CIN,0,3.0,47.0,22.0
2014,14,SD,NE,1,-4.0,53.0,24.5
2014,14,SEA,PHI,0,-1.5,48.0,24.75
2014,14,SF,OAK,0,-8.0,40.0,24.0
2014,14,STL,WAS,0,-2.5,44.5,23.5
2014,14,TB,DET,0,10.5,42.0,15.75
2014,14,TEN,NYG,1,-3.0,46.5,21.75
2014,14,WAS,STL,1,-2.5,44.5,21.0
2014,15,ARI,STL,0,6.0,40.5,17.25
2014,15,ATL,PIT,1,-3.0,55.0,26.0
2014,15,BAL,JAX,1,14.0,44.5,29.25
2014,15,BUF,GB,1,-3.5,49.5,23.0
2014,15,CAR,TB,1,3.5,41.0,22.25
2014,15,CHI,NO,1,-3.0,53.5,25.25
2014,15,CIN,CLE,0,2.5,44.0,20.75
2014,15,CLE,CIN,1,2.5,44.0,23.25
2014,15,DAL,PHI,0,3.5,54.5,25.5
2014,15,DEN,SD,0,-4.0,49.0,26.5
2014,15,DET,MIN,1,8.0,42.5,25.25
2014,15,GB,BUF,0,-3.5,49.5,26.5
2014,15,HOU,IND,0,7.0,49.0,21.0
2014,15,IND,HOU,1,7.0,49.0,28.0
2014,15,JAX,BAL,0,14.0,44.5,15.25
2014,15,KC,OAK,1,11.0,41.5,26.25
2014,15,MIA,NE,0,9.5,49.0,19.75
2014,15,MIN,DET,0,8.0,42.5,17.25
2014,15,NE,MIA,1,9.5,49.0,29.25
2014,15,NO,CHI,0,-3.0,53.5,28.25
2014,15,NYG,WAS,1,7.0,46.5,26.75
2014,15,NYJ,TEN,0,-3.5,42.0,22.75
2014,15,OAK,KC,0,11.0,41.5,15.25
2014,15,PHI,DAL,1,3.5,54.5,29.0
2014,15,PIT,ATL,0,-3.0,55.0,29.0
2014,15,SD,DEN,1,-4.0,49.0,22.5
2014,15,SEA,SF,1,10.0,38.0,24.0
2014,15,SF,SEA,0,10.0,38.0,14.0
2014,15,STL,ARI,1,6.0,40.5,23.25
2014,15,TB,CAR,0,3.5,41.0,18.75
2014,15,TEN,NYJ,1,-3.5,42.0,19.25
2014,15,WAS,NYG,0,7.0,46.5,19.75
2014,16,ARI,SEA,1,-9.5,36.5,13.5
2014,16,ATL,NO,0,6.0,56.0,25.0
2014,16,BAL,HOU,0,-6.0,42.0,24.0
2014,16,BUF,OAK,0,-7.0,42.0,24.5
2014,16,CAR,CLE,1,6.0,40.0,23.0
2014,16,CHI,DET,1,-10.0,44.5,17.25
2014,16,CIN,DEN,1,-3.5,47.0,21.75
2014,16,CLE,CAR,0,6.0,40.0,17.0
2014,16,DAL,IND,1,3.5,53.0,28.25
2014,16,DEN,CIN,0,-3.5,47.0,25.25
2014,16,DET,CHI,0,-10.0,44.5,27.25
2014,16,GB,TB,0,-11.5,48.5,30.0
2014,16,HOU,BAL,1,-6.0,42.0,18.0
2014,16,IND,DAL,0,3.5,53.0,24.75
2014,16,JAX,TEN,1,4.0,39.0,21.5
2014,16,KC,PIT,0,2.5,49.5,23.5
2014,16,MIA,MIN,1,4.5,42.0,23.25
2014,16,MIN,MIA,0,4.5,42.0,18.75
2014,16,NE,NYJ,0,-10.0,47.0,28.5
2014,16,NO,ATL,1,6.0,56.0,31.0
2014,16,NYG,STL,0,7.0,43.5,18.25
2014,16,NYJ,NE,1,-10.0,47.0,18.5
2014,16,OAK,BUF,1,-7.0,42.0,17.5
2014,16,PHI,WAS,0,-7.0,51.0,29.0
2014,16,PIT,KC,1,2.5,49.5,26.0
2014,16,SD,SF,0,2.0,40.5,19.25
2014,16,SEA,ARI,0,-9.5,36.5,23.0
2014,16,SF,SD,1,2.0,40.5,21.25
2014,16,STL,NYG,1,7.0,43.5,25.25
2014,16,TB,GB,1,-11.5,48.5,18.5
2014,16,TEN,JAX,0,4.0,39.0,17.5
2014,16,WAS,PHI,1,-7.0,51.0,22.0
2014,17,ARI,SF,0,6.0,38.0,16.0
2014,17,ATL,CAR,1,2.5,48.0,25.25
2014,17,BAL,CLE,1,14.0,40.0,27.0
2014,17,BUF,NE,0,4.5,43.5,19.5
2014,17,CAR,ATL,0,2.5,48.0,22.75
2014,17,CHI,MIN,0,7.0,47.0,20.0
2014,17,CIN,PIT,0,3.0,48.0,22.5
2014,17,CLE,BAL,0,14.0,40.0,13.0
2014,17,DAL,WAS,0,-6.0,47.5,26.75
2014,17,DEN,OAK,1,16.5,49.0,32.75
2014,17,DET,GB,0,9.0,46.5,18.75
2014,17,GB,DET,1,9.0,46.5,27.75
2014,17,HOU,JAX,1,8.5,38.5,23.5
2014,17,IND,TEN,0,-7.5,46.5,27.0
2014,17,JAX,HOU,0,8.5,38.5,15.0
2014,17,KC,SD,1,3.0,42.5,22.75
2014,17,MIA,NYJ,1,7.0,41.0,24.0
2014,17,MIN,CHI,1,7.0,47.0,27.0
2014,17,NE,BUF,1,4.5,43.5,24.0
2014,17,NO,TB,0,-6.0,47.0,26.5
2014,17,NYG,PHI,1,-1.0,51.5,25.25
2014,17,NYJ,MIA,0,7.0,41.0,17.0
2014,17,OAK,DEN,0,16.5,49.0,16.25
2014,17,PHI,NYG,0,-1.0,51.5,26.25
2014,17,PIT,CIN,1,3.0,48.0,25.5
2014,17,SD,KC,0,3.0,42.5,19.75
2014,17,SEA,STL,1,11.0,41.5,26.25
2014,17,SF,ARI,1,6.0,38.0,22.0
2014,17,STL,SEA,0,11.0,41.5,15.25
2014,17,TB,NO,1,-6.0,47.0,20.5
2014,17,TEN,IND,1,-7.5,46.5,19.5
2014,17,WAS,DAL,1,-6.0,47.5,20.75
2014,18,ARI,CAR,0,5.5,37.5,16.0
2014,18,BAL,PIT,0,3.0,47.5,22.25
2014,18,CAR,ARI,1,5.5,37.5,21.5
2014,18,CIN,IND,0,3.5,47.0,21.75
2014,18,DAL,DET,1,6.0,47.5,26.75
2014,18,DET,DAL,0,6.0,47.5,20.75
2014,18,IND,CIN,1,3.5,47.0,25.25
2014,18,PIT,BAL,1,3.0,47.5,25.25
2014,19,BAL,NE,0,7.0,47.5,20.25
2014,19,CAR,SEA,0,13.5,40.0,13.25
2014,19,DAL,GB,0,5.5,52.5,23.5
2014,19,DEN,IND,1,9.5,53.5,31.5
2014,19,GB,DAL,1,5.5,52.5,29.0
2014,19,IND,DEN,0,9.5,53.5,22.0
2014,19,NE,BAL,1,7.0,47.5,27.25
2014,19,SEA,CAR,1,13.5,40.0,26.75
2014,20,GB,SEA,0,8.5,44.5,18.0
2014,20,IND,NE,0,7.0,52.0,22.5
2014,20,NE,IND,1,7.0,52.0,29.5
2014,20,SEA,GB,1,8.5,44.5,26.5
2014,21,NE,SEA,0,-1.0,47.0,24.0
2014,21,SEA,NE,1,-1.0,47.0,23.0
2015,1,ARI,NO,1,2.0,48.5,25.25
2015,1,ATL,PHI,1,-3.5,55.0,25.75
2015,1,BAL,DEN,0,4.5,46.5,21.0
2015,1,BUF,IND,1,-1.0,44.5,21.75
2015,1,CAR,JAX,0,-3.0,41.0,22.0
2015,1,CHI,GB,1,-5.5,48.5,21.5
2015,1,CIN,OAK,0,-3.0,43.0,23.0
2015,1,CLE,NYJ,0,3.5,39.0,17.75
2015,1,DAL,NYG,1,7.0,52.0,29.5
2015,1,DEN,BAL,1,4.5,46.5,25.5
2015,1,DET,SD,0,3.5,45.5,21.0
2015,1,GB,CHI,0,-5.5,48.5,27.0
2015,1,HOU,KC,1,-1.0,41.0,20.0
2015,1,IND,BUF,0,-1.0,44.5,22.75
2015,1,JAX,CAR,1,-3.0,41.0,19.0
2015,1,KC,HOU,0,-1.0,41.0,21.0
2015,1,MIA,WAS,0,-4.0,45.5,24.75
2015,1,MIN,SF,0,-2.5,42.5,22.5
2015,1,NE,PIT,1,7.5,51.0,29.25
2015,1,NO,ARI,0,2.0,48.5,23.25
2015,1,NYG,DAL,0,7.0,52.0,22.5
2015,1,NYJ,CLE,1,3.5,39.0,21.25
2015,1,OAK,CIN,1,-3.0,43.0,20.0
2015,1,PHI,ATL,0,-3.5,55.0,29.25
2015,1,PIT,NE,0,7.5,51.0,21.75
2015,1,SD,DET,1,3.5,45.5,24.5
2015,1,SEA,STL,0,-3.5,41.5,22.5
2015,1,SF,MIN,1,-2.5,42.5,20.0
2015,1,STL,SEA,1,-3.5,41.5,19.0
2015,1,TB,TEN,1,3.0,40.5,21.75
2015,1,TEN,TB,0,3.0,40.5,18.75
2015,1,WAS,MIA,1,-4.0,45.5,20.75
2015,2,ARI,CHI,0,-2.0,45.5,23.75
2015,2,ATL,NYG,0,2.0,49.5,23.75
2015,2,BAL,OAK,0,-6.0,42.0,24.0
2015,2,BUF,NE,1,2.0,45.0,23.5
2015,2,CAR,HOU,1,3.0,41.0,22.0
2015,2,CHI,ARI,1,-2.0,45.5,21.75
2015,2,CIN,SD,1,3.5,47.5,25.5
2015,2,CLE,TEN,1,1.0,41.0,21.0
2015,2,DAL,PHI,0,7.0,53.0,23.0
2015,2,DEN,KC,0,3.0,42.0,19.5
2015,2,DET,MIN,0,2.5,44.0,20.75
2015,2,GB,SEA,1,3.5,49.0,26.25
2015,2,HOU,CAR,0,3.0,41.0,19.0
2015,2,IND,NYJ,1,6.0,45.5,25.75
2015,2,JAX,MIA,1,-5.0,42.5,18.75
2015,2,KC,DEN,1,3.0,42.0,22.5
2015,2,MIA,JAX,0,-5.0,42.5,23.75
2015,2,MIN,DET,1,2.5,44.0,23.25
2015,2,NE,BUF,0,2.0,45.0,21.5
2015,2,NO,TB,1,9.5,47.0,28.25
2015,2,NYG,ATL,1,2.0,49.5,25.75
2015,2,NYJ,IND,0,6.0,45.5,19.75
2015,2,OAK,BAL,1,-6.0,42.0,18.0
2015,2,PHI,DAL,1,7.0,53.0,30.0
2015,2,PIT,SF,1,6.0,46.0,26.0
2015,2,SD,CIN,0,3.5,47.5,22.0
2015,2,SEA,GB,0,3.5,49.0,22.75
2015,2,SF,PIT,0,6.0,46.0,20.0
2015,2,STL,WAS,0,-3.0,41.0,22.0
2015,2,TB,NO,0,9.5,47.0,18.75
2015,2,TEN,CLE,0,1.0,41.0,20.0
2015,2,WAS,STL,1,-3.0,41.0,19.0
2015,3,ARI,SF,1,7.0,45.0,26.0
2015,3,ATL,DAL,0,1.0,43.5,21.25
2015,3,BAL,CIN,1,2.5,45.5,24.0
2015,3,BUF,MIA,0,1.0,43.5,21.25
2015,3,CAR,NO,1,10.0,43.0,26.5
2015,3,CHI,SEA,0,16.5,43.5,13.5
2015,3,CIN,BAL,0,2.5,45.5,21.5
2015,3,CLE,OAK,1,3.5,43.5,23.5
2015,3,DAL,ATL,1,1.0,43.5,22.25
2015,3,DEN,DET,0,-3.0,45.0,24.0
2015,3,DET,DEN,1,-3.0,45.0,21.0
2015,3,GB,KC,1,4.5,47.0,25.75
2015,3,HOU,TB,1,6.0,41.0,23.5
2015,3,IND,TEN,0,-3.0,46.5,24.75
2015,3,JAX,NE,0,14.5,48.5,17.0
2015,3,KC,GB,0,4.5,47.0,21.25
2015,3,MIA,BUF,1,1.0,43.5,22.25
2015,3,MIN,SD,1,2.5,45.5,24.0
2015,3,NE,JAX,1,14.5,48.5,31.5
2015,3,NO,CAR,0,10.0,43.0,16.5
2015,3,NYG,WAS,1,3.0,45.0,24.0
2015,3,NYJ,PHI,1,3.0,47.0,25.0
2015,3,OAK,CLE,0,3.5,43.5,20.0
2015,3,PHI,NYJ,0,3.0,47.0,22.0
2015,3,PIT,STL,0,1.5,48.5,23.5
2015,3,SD,MIN,0,2.5,45.5,21.5
2015,3,SEA,CHI,1,16.5,43.5,30.0
2015,3,SF,ARI,0,7.0,45.0,19.0
2015,3,STL,PIT,1,1.5,48.5,25.0
2015,3,TB,HOU,0,6.0,41.0,17.5
2015,3,TEN,IND,1,-3.0,46.5,21.75
2015,3,WAS,NYG,0,3.0,45.0,21.0
2015,4,ARI,STL,1,7.0,43.5,25.25
2015,4,ATL,HOU,1,4.0,47.5,25.75
2015,4,BAL,PIT,0,-3.0,44.0,23.5
2015,4,BUF,NYG,1,6.0,46.5,26.25
2015,4,CAR,TB,0,-3.0,40.0,21.5
2015,4,CHI,OAK,1,-3.0,44.5,20.75
2015,4,CIN,KC,1,3.5,45.0,24.25
2015,4,CLE,SD,0,4.5,44.5,20.0
2015,4,DAL,NO,0,3.0,48.0,22.5
2015,4,DEN,MIN,1,7.0,43.5,25.25
2015,4,DET,SEA,0,10.0,43.0,16.5
2015,4,GB,SF,0,-7.5,48.0,27.75
2015,4,HOU,ATL,0,4.0,47.5,21.75
2015,4,IND,JAX,1,4.0,43.0,23.5
2015,4,JAX,IND,0,4.0,43.0,19.5
2015,4,KC,CIN,0,3.5,45.0,20.75
2015,4,MIA,NYJ,1,-2.5,42.0,19.75
2015,4,MIN,DEN,0,7.0,43.5,18.25
2015,4,NO,DAL,1,3.0,48.0,25.5
2015,4,NYG,BUF,0,6.0,46.5,20.25
2015,4,NYJ,MIA,0,-2.5,42.0,22.25
2015,4,OAK,CHI,0,-3.0,44.5,23.75
2015,4,PHI,WAS,0,-3.0,46.0,24.5
2015,4,PIT,BAL,1,-3.0,44.0,20.5
2015,4,SD,CLE,1,4.5,44.5,24.5
2015,4,SEA,DET,1,10.0,43.0,26.5
2015,4,SF,GB,1,-7.5,48.0,20.25
2015,4,STL,ARI,0,7.0,43.5,18.25
2015,4,TB,CAR,1,-3.0,40.0,18.5
2015,4,WAS,PHI,1,-3.0,46.0,21.5
2015,5,ARI,DET,0,-4.5,46.0,25.25
2015,5,ATL,WAS,1,7.5,48.5,28.0
2015,5,BAL,CLE,1,6.0,43.0,24.5
2015,5,BUF,TEN,0,1.0,43.0,21.0
2015,5,CHI,KC,0,10.0,44.0,17.0
2015,5,CIN,SEA,1,3.0,44.5,23.75
2015,5,CLE,BAL,0,6.0,43.0,18.5
2015,5,DAL,NE,1,-8.0,51.0,21.5
2015,5,DEN,OAK,0,-5.0,44.5,24.75
2015,5,DET,ARI,1,-4.5,46.0,20.75
2015,5,GB,STL,1,8.5,45.0,26.75
2015,5,HOU,IND,1,4.5,40.5,22.5
2015,5,IND,HOU,0,4.5,40.5,18.0
2015,5,JAX,TB,0,1.0,41.0,20.0
2015,5,KC,CHI,1,10.0,44.0,27.0
2015,5,NE,DAL,0,-8.0,51.0,29.5
2015,5,NO,PHI,0,6.5,49.5,21.5
2015,5,NYG,SF,1,7.5,43.5,25.5
2015,5,OAK,DEN,1,-5.0,44.5,19.75
2015,5,PHI,NO,1,6.5,49.5,28.0
2015,5,PIT,SD,0,4.0,45.5,20.75
2015,5,SD,PIT,1,4.0,45.5,24.75
2015,5,SEA,CIN,0,3.0,44.5,20.75
2015,5,SF,NYG,0,7.5,43.5,18.0
2015,5,STL,GB,0,8.5,45.0,18.25
2015,5,TB,JAX,1,1.0,41.0,21.0
2015,5,TEN,BUF,1,1.0,43.0,22.0
2015,5,WAS,ATL,0,7.5,48.5,20.5
2015,6,ARI,PIT,0,-5.5,45.0,25.25
2015,6,ATL,NO,0,-3.0,52.0,27.5
2015,6,BAL,SF,0,-2.5,43.5,23.0
2015,6,BUF,CIN,1,-3.0,42.5,19.75
2015,6,CAR,SEA,0,7.0,41.0,17.0
2015,6,CHI,DET,0,3.5,45.0,20.75
2015,6,CIN,BUF,0,-3.0,42.5,22.75
2015,6,CLE,DEN,1,-3.5,41.5,19.0
2015,6,DEN,CLE,0,-3.5,41.5,22.5
2015,6,DET,CHI,1,3.5,45.0,24.25
2015,6,GB,SD,1,10.5,50.0,30.25
2015,6,HOU,JAX,0,2.5,43.5,20.5
2015,6,IND,NE,1,-8.0,53.5,22.75
2015,6,JAX,HOU,1,2.5,43.5,23.0
2015,6,KC,MIN,0,3.5,43.0,19.75
2015,6,MIA,TEN,0,2.5,44.0,20.75
2015,6,MIN,KC,1,3.5,43.0,23.25
2015,6,NE,IND,0,-8.0,53.5,30.75
2015,6,NO,ATL,1,-3.0,52.0,24.5
2015,6,NYG,PHI,0,3.5,50.5,23.5
2015,6,NYJ,WAS,1,7.5,39.5,23.5
2015,6,PHI,NYG,1,3.5,50.5,27.0
2015,6,PIT,ARI,1,-5.5,45.0,19.75
2015,6,SD,GB,0,10.5,50.0,19.75
2015,6,SEA,CAR,1,7.0,41.0,24.0
2015,6,SF,BAL,1,-2.5,43.5,20.5
2015,6,TEN,MIA,1,2.5,44.0,23.25
2015,6,WAS,NYJ,0,7.5,39.5,16.0
2015,7,ARI,BAL,1,10.0,49.5,29.75
2015,7,ATL,TEN,0,-5.5,45.5,25.5
2015,7,BAL,ARI,0,10.0,49.5,19.75
2015,7,BUF,JAX,0,-3.5,41.0,22.25
2015,7,CAR,PHI,1,3.0,46.0,24.5
2015,7,CLE,STL,0,6.5,43.5,18.5
2015,7,DAL,NYG,0,3.0,44.5,20.75
2015,7,DET,MIN,1,1.0,44.5,22.75
2015,7,HOU,MIA,0,4.5,46.5,21.0
2015,7,IND,NO,1,5.5,52.5,29.0
2015,7,JAX,BUF,1,-3.5,41.0,18.75
2015,7,KC,PIT,1,4.0,41.5,22.75
2015,7,MIA,HOU,1,4.5,46.5,25.5
2015,7,MIN,DET,0,1.0,44.5,21.75
2015,7,NE,NYJ,1,7.0,47.0,27.0
2015,7,NO,IND,0,5.5,52.5,23.5
2015,7,NYG,DAL,1,3.0,44.5,23.75
2015,7,NYJ,NE,0,7.0,47.0,20.0
2015,7,OAK,SD,0,3.5,48.0,22.25
2015,7,PHI,CAR,0,3.0,46.0,21.5
2015,7,PIT,KC,0,4.0,41.5,18.75
2015,7,SD,OAK,1,3.5,48.0,25.75
2015,7,SEA,SF,0,-6.5,41.5,24.0
2015,7,SF,SEA,1,-6.5,41.5,17.5
2015,7,STL,CLE,1,6.5,43.5,25.0
2015,7,TB,WAS,0,3.0,42.0,19.5
2015,7,TEN,ATL,1,-5.5,45.5,20.0
2015,7,WAS,TB,1,3.0,42.0,22.5
2015,8,ARI,CLE,0,-7.0,46.0,26.5
2015,8,ATL,TB,1,8.0,47.5,27.75
2015,8,BAL,SD,1,4.5,50.0,27.25
2015,8,CAR,IND,1,5.0,44.5,24.75
2015,8,CHI,MIN,1,-1.0,43.5,21.25
2015,8,CIN,PIT,0,1.0,49.0,24.0
2015,8,CLE,ARI,1,-7.0,46.0,19.5
2015,8,DAL,SEA,1,-4.5,41.5,18.5
2015,8,DEN,GB,1,-2.5,46.0,21.75
2015,8,DET,KC,0,3.0,45.0,21.0
2015,8,GB,DEN,0,-2.5,46.0,24.25
2015,8,HOU,TEN,1,3.5,43.0,23.25
2015,8,IND,CAR,0,5.0,44.5,19.75
2015,8,KC,DET,1,3.0,45.0,24.0
2015,8,MIA,NE,0,8.0,51.0,21.5
2015,8,MIN,CHI,0,-1.0,43.5,22.25
2015,8,NE,MIA,1,8.0,51.0,29.5
2015,8,NO,NYG,1,3.0,51.5,27.25
2015,8,NYG,NO,0,3.0,51.5,24.25
2015,8,NYJ,OAK,0,-3.0,43.5,23.25
2015,8,OAK,NYJ,1,-3.0,43.5,20.25
2015,8,PIT,CIN,1,1.0,49.0,25.0
2015,8,SD,BAL,0,4.5,50.0,22.75
2015,8,SEA,DAL,0,-4.5,41.5,23.0
2015,8,SF,STL,0,8.0,41.0,16.5
2015,8,STL,SF,1,8.0,41.0,24.5
2015,8,TB,ATL,0,8.0,47.5,19.75
2015,8,TEN,HOU,0,3.5,43.0,19.75
2015,9,ATL,SF,0,-9.5,43.5,26.5
2015,9,BUF,MIA,1,4.0,44.0,24.0
2015,9,CAR,GB,1,-2.0,45.5,21.75
2015,9,CHI,SD,0,3.5,49.0,22.75
2015,9,CIN,CLE,1,13.0,45.5,29.25
2015,9,CLE,CIN,0,13.0,45.5,16.25
2015,9,DAL,PHI,1,-3.0,43.5,20.25
2015,9,DEN,IND,0,-3.5,45.0,24.25
2015,9,GB,CAR,0,-2.0,45.5,23.75
2015,9,IND,DEN,1,-3.5,45.0,20.75
2015,9,JAX,NYJ,0,7.5,42.0,17.25
2015,9,MIA,BUF,0,4.0,44.0,20.0
2015,9,MIN,STL,1,2.0,40.0,21.0
2015,9,NE,WAS,1,13.5,51.5,32.5
2015,9,NO,TEN,1,7.0,50.0,28.5
2015,9,NYG,TB,0,-1.5,49.0,25.25
2015,9,NYJ,JAX,1,7.5,42.0,24.75
2015,9,OAK,PIT,0,6.0,47.5,20.75
2015,9,PHI,DAL,0,-3.0,43.5,23.25
2015,9,PIT,OAK,1,6.0,47.5,26.75
2015,9,SD,CHI,1,3.5,49.0,26.25
2015,9,SF,ATL,1,-9.5,43.5,17.0
2015,9,STL,MIN,0,2.0,40.0,19.0
2015,9,TB,NYG,1,-1.5,49.0,23.75
2015,9,TEN,NO,0,7.0,50.0,21.5
2015,9,WAS,NE,0,13.5,51.5,19.0
2015,10,ARI,SEA,0,3.0,43.5,20.25
2015,10,BAL,JAX,1,4.0,47.0,25.5
2015,10,BUF,NYJ,0,2.5,41.5,19.5
2015,10,CAR,TEN,0,-3.5,42.5,23.0
2015,10,CHI,STL,0,7.5,42.0,17.25
2015,10,CIN,HOU,1,10.0,46.5,28.25
2015,10,CLE,PIT,0,7.0,43.5,18.25
2015,10,DAL,TB,0,-1.0,43.5,22.25
2015,10,DEN,KC,1,4.0,42.0,23.0
2015,10,DET,GB,0,10.5,50.0,19.75
2015,10,GB,DET,1,10.5,50.0,30.25
2015,10,HOU,CIN,0,10.0,46.5,18.25
2015,10,JAX,BAL,0,4.0,47.0,21.5
2015,10,KC,DEN,0,4.0,42.0,19.0
2015,10,MIA,PHI,0,5.5,49.0,21.75
2015,10,MIN,OAK,0,3.0,44.0,20.5
2015,10,NE,NYG,0,-7.0,52.5,29.75
2015,10,NO,WAS,0,-1.0,52.0,26.5
2015,10,NYG,NE,1,-7.0,52.5,22.75
2015,10,NYJ,BUF,1,2.5,41.5,22.0
2015,10,OAK,MIN,1,3.0,44.0,23.5
2015,10,PHI,MIA,1,5.5,49.0,27.25
2015,10,PIT,CLE,1,7.0,43.5,25.25
2015,10,SEA,ARI,1,3.0,43.5,23.25
2015,10,STL,CHI,1,7.5,42.0,24.75
2015,10,TB,DAL,1,-1.0,43.5,21.25
2015,10,TEN,CAR,1,-3.5,42.5,19.5
2015,10,WAS,NO,1,-1.0,52.0,25.5
2015,11,ARI,CIN,1,4.0,48.0,26.0
2015,11,ATL,IND,1,3.5,47.5,25.5
2015,11,BAL,STL,1,3.0,41.0,22.0
2015,11,BUF,NE,0,7.0,47.5,20.25
2015,11,CAR,WAS,1,7.0,44.0,25.5
2015,11,CHI,DEN,1,-2.5,41.5,19.5
2015,11,CIN,ARI,0,4.0,48.0,22.0
2015,11,DAL,MIA,0,-2.5,45.0,23.75
2015,11,DEN,CHI,0,-2.5,41.5,22.0
2015,11,DET,OAK,1,-2.0,50.0,24.0
2015,11,GB,MIN,0,-1.0,45.0,23.0
2015,11,HOU,NYJ,1,-4.0,40.0,18.0
2015,11,IND,ATL,0,3.5,47.5,22.0
2015,11,JAX,TEN,1,3.0,41.5,22.25
2015,11,KC,SD,0,-3.0,45.5,24.25
2015,11,MIA,DAL,1,-2.5,45.0,21.25
2015,11,MIN,GB,1,-1.0,45.0,22.0
2015,11,NE,BUF,1,7.0,47.5,27.25
2015,11,NYJ,HOU,0,-4.0,40.0,22.0
2015,11,OAK,DET,0,-2.0,50.0,26.0
2015,11,PHI,TB,1,7.0,46.0,26.5
2015,11,SD,KC,1,-3.0,45.5,21.25
2015,11,SEA,SF,1,14.0,40.0,27.0
2015,11,SF,SEA,0,14.0,40.0,13.0
2015,11,STL,BAL,0,3.0,41.0,19.0
2015,11,TB,PHI,0,7.0,46.0,19.5
2015,11,TEN,JAX,0,3.0,41.5,19.25
2015,11,WAS,CAR,0,7.0,44.0,18.5
2015,12,ARI,SF,0,-7.5,45.0,26.25
2015,12,ATL,MIN,1,2.0,45.0,23.5
2015,12,BAL,CLE,0,6.0,41.0,17.5
2015,12,BUF,KC,0,4.5,41.0,18.25
2015,12,CAR,DAL,0,-1.0,44.5,22.75
2015,12,CHI,GB,0,7.5,45.0,18.75
2015,12,CIN,STL,1,10.5,42.0,26.25
2015,12,CLE,BAL,1,6.0,41.0,23.5
2015,12,DAL,CAR,1,-1.0,44.5,21.75
2015,12,DEN,NE,1,-2.5,43.0,20.25
2015,12,DET,PHI,1,3.0,46.5,24.75
2015,12,GB,CHI,1,7.5,45.0,26.25
2015,12,HOU,NO,1,3.5,50.5,27.0
2015,12,IND,TB,1,3.0,46.5,24.75
2015,12,JAX,SD,1,5.0,47.0,26.0
2015,12,KC,BUF,1,4.5,41.0,22.75
2015,12,MIA,NYJ,0,4.5,44.0,19.75
2015,12,MIN,ATL,0,2.0,45.0,21.5
2015,12,NE,DEN,0,-2.5,43.0,22.75
2015,12,NO,HOU,0,3.5,50.5,23.5
2015,12,NYG,WAS,0,-1.0,47.5,24.25
2015,12,NYJ,MIA,1,4.5,44.0,24.25
2015,12,OAK,TEN,0,-1.0,45.0,23.0
2015,12,PHI,DET,0,3.0,46.5,21.75
2015,12,PIT,SEA,0,3.0,46.5,21.75
2015,12,SD,JAX,0,5.0,47.0,21.0
2015,12,SEA,PIT,1,3.0,46.5,24.75
2015,12,SF,ARI,1,-7.5,45.0,18.75
2015,12,STL,CIN,0,10.5,42.0,15.75
2015,12,TB,IND,0,3.0,46.5,21.75
2015,12,TEN,OAK,1,-1.0,45.0,22.0
2015,12,WAS,NYG,1,-1.0,47.5,23.25
2015,13,ARI,STL,0,-3.5,43.0,23.25
2015,13,ATL,TB,0,1.0,46.5,22.75
2015,13,BAL,MIA,0,3.5,43.0,19.75
2015,13,BUF,HOU,1,3.0,42.0,22.5
2015,13,CAR,NO,0,-5.5,50.5,28.0
2015,13,CHI,SF,1,6.0,43.0,24.5
2015,13,CIN,CLE,0,-7.5,44.0,25.75
2015,13,CLE,CIN,1,-7.5,44.0,18.25
2015,13,DAL,WAS,0,2.0,43.0,20.5
2015,13,DEN,SD,0,-6.0,45.0,25.5
2015,13,DET,GB,1,-2.5,46.0,21.75
2015,13,GB,DET,0,-2.5,46.0,24.25
2015,13,HOU,BUF,0,3.0,42.0,19.5
2015,13,IND,PIT,0,10.0,50.5,20.25
2015,13,JAX,TEN,0,3.0,43.5,20.25
2015,13,KC,OAK,0,-3.0,45.5,24.25
2015,13,MIA,BAL,1,3.5,43.0,23.25
2015,13,MIN,SEA,1,-2.5,43.0,20.25
2015,13,NE,PHI,1,9.5,49.5,29.5
2015,13,NO,CAR,1,-5.5,50.5,22.5
2015,13,NYG,NYJ,1,-2.0,45.5,21.75
2015,13,NYJ,NYG,0,-2.0,45.5,23.75
2015,13,OAK,KC,1,-3.0,45.5,21.25
2015,13,PHI,NE,0,9.5,49.5,20.0
2015,13,PIT,IND,1,10.0,50.5,30.25
2015,13,SD,DEN,1,-6.0,45.0,19.5
2015,13,SEA,MIN,0,-2.5,43.0,22.75
2015,13,SF,CHI,0,6.0,43.0,18.5
2015,13,STL,ARI,1,-3.5,43.0,19.75
2015,13,TB,ATL,1,1.0,46.5,23.75
2015,13,TEN,JAX,1,3.0,43.5,23.25
2015,13,WAS,DAL,1,2.0,43.0,22.5
2015,14,ARI,MIN,1,10.0,46.5,28.25
2015,14,ATL,CAR,0,8.5,45.5,18.5
2015,14,BAL,SEA,1,-10.5,42.0,15.75
2015,14,BUF,PHI,0,1.0,48.0,23.5
2015,14,CAR,ATL,1,8.5,45.5,27.0
2015,14,CHI,WAS,1,4.0,42.5,23.25
2015,14,CIN,PIT,1,1.0,49.0,25.0
2015,14,CLE,SF,1,2.5,43.0,22.75
2015,14,DAL,GB,0,6.0,43.0,18.5
2015,14,DEN,OAK,1,6.0,43.0,24.5
2015,14,DET,STL,0,-3.0,41.5,22.25
2015,14,GB,DAL,1,6.0,43.0,24.5
2015,14,HOU,NE,1,-4.0,46.0,21.0
2015,14,IND,JAX,0,1.0,45.5,22.25
2015,14,JAX,IND,1,1.0,45.5,23.25
2015,14,KC,SD,1,11.5,42.0,26.75
2015,14,MIA,NYG,1,-2.5,47.5,22.5
2015,14,MIN,ARI,0,10.0,46.5,18.25
2015,14,NE,HOU,0,-4.0,46.0,25.0
2015,14,NO,TB,0,6.0,52.0,23.0
2015,14,NYG,MIA,0,-2.5,47.5,25.0
2015,14,NYJ,TEN,1,8.0,43.0,25.5
2015,14,OAK,DEN,0,6.0,43.0,18.5
2015,14,PHI,BUF,1,1.0,48.0,24.5
2015,14,PIT,CIN,0,1.0,49.0,24.0
2015,14,SD,KC,0,11.5,42.0,15.25
2015,14,SEA,BAL,0,-10.5,42.0,26.25
2015,14,SF,CLE,0,2.5,43.0,20.25
2015,14,STL,DET,1,-3.0,41.5,19.25
2015,14,TB,NO,1,6.0,52.0,29.0
2015,14,TEN,NYJ,0,8.0,43.0,17.5
2015,14,WAS,CHI,0,4.0,42.5,19.25
2015,15,ARI,PHI,0,-3.5,50.5,27.0
2015,15,ATL,JAX,0,2.0,47.5,22.75
2015,15,BAL,KC,1,-6.5,41.0,17.25
2015,15,BUF,WAS,0,-2.5,46.0,24.25
2015,15,CAR,NYG,0,-4.5,46.5,25.5
2015,15,CHI,MIN,0,4.0,43.5,19.75
2015,15,CIN,SF,0,-7.0,41.0,24.0
2015,15,CLE,SEA,0,14.5,45.0,15.25
2015,15,DAL,NYJ,1,-3.0,41.0,19.0
2015,15,DEN,PIT,0,7.5,45.5,19.0
2015,15,DET,NO,0,2.5,52.0,24.75
2015,15,GB,OAK,0,-4.0,47.0,25.5
2015,15,HOU,IND,0,2.5,42.0,19.75
2015,15,IND,HOU,1,2.5,42.0,22.25
2015,15,JAX,ATL,1,2.0,47.5,24.75
2015,15,KC,BAL,0,-6.5,41.0,23.75
2015,15,MIA,SD,0,1.0,46.5,22.75
2015,15,MIN,CHI,1,4.0,43.5,23.75
2015,15,NE,TEN,1,14.5,48.0,31.25
2015,15,NO,DET,1,2.5,52.0,27.25
2015,15,NYG,CAR,1,-4.5,46.5,21.0
2015,15,NYJ,DAL,0,-3.0,41.0,22.0
2015,15,OAK,GB,1,-4.0,47.0,21.5
2015,15,PHI,ARI,1,-3.5,50.5,23.5
2015,15,PIT,DEN,1,7.5,45.5,26.5
2015,15,SD,MIA,1,1.0,46.5,23.75
2015,15,SEA,CLE,1,14.5,45.0,29.75
2015,15,SF,CIN,1,-7.0,41.0,17.0
2015,15,STL,TB,1,1.0,41.0,21.0
2015,15,TB,STL,0,1.0,41.0,20.0
2015,15,TEN,NE,0,14.5,48.0,16.75
2015,15,WAS,BUF,1,-2.5,46.0,21.75
2015,16,ARI,GB,1,6.0,50.0,28.0
2015,16,ATL,CAR,1,-7.0,45.5,19.25
2015,16,BAL,PIT,1,-11.0,47.5,18.25
2015,16,BUF,DAL,1,6.5,42.0,24.25
2015,16,CAR,ATL,0,-7.0,45.5,26.25
2015,16,CHI,TB,0,3.0,44.0,20.5
2015,16,CIN,DEN,0,3.5,39.0,17.75
2015,16,CLE,KC,0,11.5,42.5,15.5
2015,16,DAL,BUF,0,6.5,42.0,17.75
2015,16,DEN,CIN,1,3.5,39.0,21.25
2015,16,DET,SF,1,8.5,42.5,25.5
2015,16,GB,ARI,0,6.0,50.0,22.0
2015,16,HOU,TEN,0,-3.5,39.0,21.25
2015,16,IND,MIA,0,2.5,44.0,20.75
2015,16,JAX,NO,0,2.5,52.5,25.0
2015,16,KC,CLE,1,11.5,42.5,27.0
2015,16,MIA,IND,1,2.5,44.0,23.25
2015,16,MIN,NYG,1,7.0,44.5,25.75
2015,16,NE,NYJ,0,-2.5,45.5,24.0
2015,16,NO,JAX,1,2.5,52.5,27.5
2015,16,NYG,MIN,0,7.0,44.5,18.75
2015,16,NYJ,NE,1,-2.5,45.5,21.5
2015,16,OAK,SD,1,4.0,45.0,24.5
2015,16,PHI,WAS,1,3.5,48.0,25.75
2015,16,PIT,BAL,0,-11.0,47.5,29.25
2015,16,SD,OAK,0,4.0,45.0,20.5
2015,16,SEA,STL,1,11.0,42.0,26.5
2015,16,SF,DET,0,8.5,42.5,17.0
2015,16,STL,SEA,0,11.0,42.0,15.5
2015,16,TB,CHI,1,3.0,44.0,23.5
2015,16,TEN,HOU,1,-3.5,39.0,17.75
2015,16,WAS,PHI,0,3.5,48.0,22.25
2015,17,ARI,SEA,1,6.0,46.5,26.25
2015,17,ATL,NO,1,6.0,53.5,29.75
2015,17,BAL,CIN,0,10.0,40.5,15.25
2015,17,BUF,NYJ,1,-2.5,41.0,19.25
2015,17,CAR,TB,1,10.0,44.0,27.0
2015,17,CHI,DET,1,-2.5,45.0,21.25
2015,17,CIN,BAL,1,10.0,40.5,25.25
2015,17,CLE,PIT,1,-13.0,47.0,17.0
2015,17,DAL,WAS,1,3.0,41.0,22.0
2015,17,DEN,SD,1,10.0,42.0,26.0
2015,17,DET,CHI,0,-2.5,45.0,23.75
2015,17,GB,MIN,1,3.0,44.0,23.5
2015,17,HOU,JAX,1,5.0,45.0,25.0
2015,17,IND,TEN,1,3.5,39.0,21.25
2015,17,JAX,HOU,0,5.0,45.0,20.0
2015,17,KC,OAK,1,6.5,43.5,25.0
2015,17,MIA,NE,1,-10.0,46.5,18.25
2015,17,MIN,GB,0,3.0,44.0,20.5
2015,17,NE,MIA,0,-10.0,46.5,28.25
2015,17,NO,ATL,0,6.0,53.5,23.75
2015,17,NYG,PHI,1,4.0,51.0,27.5
2015,17,NYJ,BUF,0,-2.5,41.0,21.75
2015,17,OAK,KC,0,6.5,43.5,18.5
2015,17,PHI,NYG,0,4.0,51.0,23.5
2015,17,PIT,CLE,0,-13.0,47.0,30.0
2015,17,SD,DEN,0,10.0,42.0,16.0
2015,17,SEA,ARI,0,6.0,46.5,20.25
2015,17,SF,STL,1,-3.0,39.0,18.0
2015,17,STL,SF,0,-3.0,39.0,21.0
2015,17,TB,CAR,0,10.0,44.0,17.0
2015,17,TEN,IND,0,3.5,39.0,17.75
2015,17,WAS,DAL,0,3.0,41.0,19.0
2015,18,CIN,PIT,1,-2.0,46.0,22.0
2015,18,GB,WAS,0,2.0,47.0,22.5
2015,18,HOU,KC,1,-3.0,39.5,18.25
2015,18,KC,HOU,0,-3.0,39.5,21.25
2015,18,MIN,SEA,1,-4.0,40.0,18.0
2015,18,PIT,CIN,0,-2.0,46.0,24.0
2015,18,SEA,MIN,0,-4.0,40.0,22.0
2015,18,WAS,GB,1,2.0,47.0,24.5
2015,19,ARI,GB,1,7.0,49.0,28.0
2015,19,CAR,SEA,1,2.5,41.5,22.0
2015,19,DEN,PIT,1,7.0,41.5,24.25
2015,19,GB,ARI,0,7.0,49.0,21.0
2015,19,KC,NE,0,6.0,44.0,19.0
2015,19,NE,KC,1,6.0,44.0,25.0
2015,19,PIT,DEN,0,7.0,41.5,17.25
2015,19,SEA,CAR,0,2.5,41.5,19.5
2015,20,ARI,CAR,0,3.5,47.0,21.75
2015,20,CAR,ARI,1,3.5,47.0,25.25
2015,20,DEN,NE,1,-2.5,45.0,21.25
2015,20,NE,DEN,0,-2.5,45.0,23.75
2015,21,CAR,DEN,0,-4.5,43.0,23.75
2015,21,DEN,CAR,1,-4.5,43.0,19.25
2016,1,ARI,NE,1,9.0,44.5,26.75
2016,1,ATL,TB,1,2.5,46.5,24.5
2016,1,BAL,BUF,1,3.0,44.5,23.75
2016,1,BUF,BAL,0,3.0,44.5,20.75
2016,1,CAR,DEN,0,-3.0,40.5,21.75
2016,1,CHI,HOU,0,5.5,43.0,18.75
2016,1,CIN,NYJ,0,1.0,42.0,20.5
2016,1,CLE,PHI,0,3.5,41.0,18.75
2016,1,DAL,NYG,1,1.0,47.5,24.25
2016,1,DEN,CAR,1,-3.0,40.5,18.75
2016,1,DET,IND,0,2.5,51.5,24.5
2016,1,GB,JAX,0,-3.5,47.0,25.25
2016,1,HOU,CHI,1,5.5,43.0,24.25
2016,1,IND,DET,1,2.5,51.5,27.0
2016,1,JAX,GB,1,-3.5,47.0,21.75
2016,1,KC,SD,1,6.5,45.5,26.0
2016,1,LA,SF,0,-2.5,44.0,23.25
2016,1,MIA,SEA,0,10.5,43.5,16.5
2016,1,MIN,TEN,0,-2.5,40.0,21.25
2016,1,NE,ARI,0,9.0,44.5,17.75
2016,1,NO,OAK,1,2.5,50.0,26.25
2016,1,NYG,DAL,0,1.0,47.5,23.25
2016,1,NYJ,CIN,1,1.0,42.0,21.5
2016,1,OAK,NO,0,2.5,50.0,23.75
2016,1,PHI,CLE,1,3.5,41.0,22.25
2016,1,PIT,WAS,0,-2.5,49.0,25.75
2016,1,SD,KC,0,6.5,45.5,19.5
2016,1,SEA,MIA,1,10.5,43.5,27.0
2016,1,SF,LA,1,-2.5,44.0,20.75
2016,1,TB,ATL,0,2.5,46.5,22.0
2016,1,TEN,MIN,1,-2.5,40.0,18.75
2016,1,WAS,PIT,1,-2.5,49.0,23.25
2016,2,ARI,TB,1,7.5,49.5,28.5
2016,2,ATL,OAK,0,4.0,47.5,21.75
2016,2,BAL,CLE,0,-4.0,42.0,23.0
2016,2,BUF,NYJ,1,1.5,40.5,21.0
2016,2,CAR,SF,1,12.0,44.5,28.25
2016,2,CHI,PHI,1,3.0,42.5,22.75
2016,2,CIN,PIT,0,3.0,48.0,22.5
2016,2,CLE,BAL,1,-4.0,42.0,19.0
2016,2,DAL,WAS,0,3.5,47.0,21.75
2016,2,DEN,IND,1,5.0,47.0,26.0
2016,2,DET,TEN,1,6.0,48.0,27.0
2016,2,GB,MIN,0,-1.5,43.0,22.25
2016,2,HOU,KC,1,-1.0,41.5,20.25
2016,2,IND,DEN,0,5.0,47.0,21.0
2016,2,JAX,SD,0,3.0,47.5,22.25
2016,2,KC,HOU,0,-1.0,41.5,21.25
2016,2,LA,SEA,1,-5.5,38.0,16.25
2016,2,MIA,NE,0,5.5,42.0,18.25
2016,2,MIN,GB,1,-1.5,43.0,20.75
2016,2,NE,MIA,1,5.5,42.0,23.75
2016,2,NO,NYG,0,3.5,54.0,25.25
2016,2,NYG,NO,1,3.5,54.0,28.75
2016,2,NYJ,BUF,0,1.5,40.5,19.5
2016,2,OAK,ATL,1,4.0,47.5,25.75
2016,2,PHI,CHI,0,3.0,42.5,19.75
2016,2,PIT,CIN,1,3.0,48.0,25.5
2016,2,SD,JAX,1,3.0,47.5,25.25
2016,2,SEA,LA,0,-5.5,38.0,21.75
2016,2,SF,CAR,0,12.0,44.5,16.25
2016,2,TB,ARI,0,7.5,49.5,21.0
2016,2,TEN,DET,0,6.0,48.0,21.0
2016,2,WAS,DAL,1,3.5,47.0,25.25
2016,3,ARI,BUF,0,-5.0,48.0,26.5
2016,3,ATL,NO,0,2.5,54.0,25.75
2016,3,BAL,JAX,0,-1.0,45.0,23.0
2016,3,BUF,ARI,1,-5.0,48.0,21.5
2016,3,CAR,MIN,1,6.0,43.0,24.5
2016,3,CHI,DAL,0,6.5,45.0,19.25
2016,3,CIN,DEN,1,3.5,42.0,22.75
2016,3,CLE,MIA,0,10.0,42.0,16.0
2016,3,DAL,CHI,1,6.5,45.0,25.75
2016,3,DEN,CIN,0,3.5,42.0,19.25
2016,3,DET,GB,0,6.0,47.5,20.75
2016,3,GB,DET,1,6.0,47.5,26.75
2016,3,HOU,NE,0,1.0,38.5,18.75
2016,3,IND,SD,1,1.5,51.5,26.5
2016,3,JAX,BAL,1,-1.0,45.0,22.0
2016,3,KC,NYJ,1,3.0,44.5,23.75
2016,3,LA,TB,0,3.5,40.5,18.5
2016,3,MIA,CLE,1,10.0,42.0,26.0
2016,3,MIN,CAR,0,6.0,43.0,18.5
2016,3,NE,HOU,1,1.0,38.5,19.75
2016,3,NO,ATL,1,2.5,54.0,28.25
2016,3,NYG,WAS,1,3.5,47.0,25.25
2016,3,NYJ,KC,0,3.0,44.5,20.75
2016,3,OAK,TEN,0,-1.5,47.0,24.25
2016,3,PHI,PIT,1,-3.5,46.5,21.5
2016,3,PIT,PHI,0,-3.5,46.5,25.0
2016,3,SD,IND,0,1.5,51.5,25.0
2016,3,SEA,SF,1,10.5,42.0,26.25
2016,3,SF,SEA,0,10.5,42.0,15.75
2016,3,TB,LA,1,3.5,40.5,22.0
2016,3,TEN,OAK,1,-1.5,47.0,22.75
2016,3,WAS,NYG,0,3.5,47.0,21.75
2016,4,ARI,LA,1,10.0,43.5,26.75
2016,4,ATL,CAR,1,-2.5,48.5,23.0
2016,4,BAL,OAK,1,3.5,45.0,24.25
2016,4,BUF,NE,0,3.5,41.0,18.75
2016,4,CAR,ATL,0,-2.5,48.5,25.5
2016,4,CHI,DET,1,-3.0,48.0,22.5
2016,4,CIN,MIA,1,7.5,46.0,26.75
2016,4,CLE,WAS,0,7.5,48.0,20.25
2016,4,DAL,SF,0,-1.0,44.0,22.5
2016,4,DEN,TB,0,-3.5,43.0,23.25
2016,4,DET,CHI,0,-3.0,48.0,25.5
2016,4,HOU,TEN,1,4.0,40.0,22.0
2016,4,IND,JAX,0,1.0,48.0,23.5
2016,4,JAX,IND,1,1.0,48.0,24.5
2016,4,KC,PIT,0,3.0,48.0,22.5
2016,4,LA,ARI,0,10.0,43.5,16.75
2016,4,MIA,CIN,0,7.5,46.0,19.25
2016,4,MIN,NYG,1,3.5,42.5,23.0
2016,4,NE,BUF,1,3.5,41.0,22.25
2016,4,NO,SD,0,4.0,54.0,25.0
2016,4,NYG,MIN,0,3.5,42.5,19.5
2016,4,NYJ,SEA,1,-1.0,40.0,19.5
2016,4,OAK,BAL,0,3.5,45.0,20.75
2016,4,PIT,KC,1,3.0,48.0,25.5
2016,4,SD,NO,1,4.0,54.0,29.0
2016,4,SEA,NYJ,0,-1.0,40.0,20.5
2016,4,SF,DAL,1,-1.0,44.0,21.5
2016,4,TB,DEN,1,-3.5,43.0,19.75
2016,4,TEN,HOU,0,4.0,40.0,18.0
2016,4,WAS,CLE,1,7.5,48.0,27.75
2016,5,ARI,SF,0,-3.5,42.5,23.0
2016,5,ATL,DEN,0,3.5,44.5,20.5
2016,5,BAL,WAS,1,4.0,44.5,24.25
2016,5,BUF,LA,0,-2.5,41.5,22.0
2016,5,CAR,TB,1,6.0,46.5,26.25
2016,5,CHI,IND,0,4.0,47.5,21.75
2016,5,CIN,DAL,0,-2.5,46.0,24.25
2016,5,CLE,NE,1,-10.0,47.5,18.75
2016,5,DAL,CIN,1,-2.5,46.0,21.75
2016,5,DEN,ATL,1,3.5,44.5,24.0
2016,5,DET,PHI,1,-3.5,46.0,21.25
2016,5,GB,NYG,1,7.0,49.0,28.0
2016,5,HOU,MIN,0,6.0,39.0,16.5
2016,5,IND,CHI,1,4.0,47.5,25.75
2016,5,LA,BUF,1,-2.5,41.5,19.5
2016,5,MIA,TEN,1,2.5,44.5,23.5
2016,5,MIN,HOU,1,6.0,39.0,22.5
2016,5,NE,CLE,0,-10.0,47.5,28.75
2016,5,NYG,GB,0,7.0,49.0,21.0
2016,5,NYJ,PIT,0,10.0,50.0,20.0
2016,5,OAK,SD,1,3.5,50.5,27.0
2016,5,PHI,DET,0,-3.5,46.0,24.75
2016,5,PIT,NYJ,1,10.0,50.0,30.0
2016,5,SD,OAK,0,3.5,50.5,23.5
2016,5,SF,ARI,1,-3.5,42.5,19.5
2016,5,TB,CAR,0,6.0,46.5,20.25
2016,5,TEN,MIA,0,2.5,44.5,21.0
2016,5,WAS,BAL,0,4.0,44.5,20.25
2016,6,ARI,NYJ,1,7.5,46.0,26.75
2016,6,ATL,SEA,0,7.0,45.5,19.25
2016,6,BAL,NYG,0,3.5,42.5,19.5
2016,6,BUF,SF,1,7.5,44.0,25.75
2016,6,CAR,NO,0,-2.5,53.5,28.0
2016,6,CHI,JAX,1,2.5,46.0,24.25
2016,6,CIN,NE,0,7.5,48.5,20.5
2016,6,CLE,TEN,0,7.5,45.0,18.75
2016,6,DAL,GB,0,5.0,47.0,21.0
2016,6,DEN,SD,0,-3.0,44.0,23.5
2016,6,DET,LA,1,2.5,44.0,23.25
2016,6,GB,DAL,1,5.0,47.0,26.0
2016,6,HOU,IND,1,3.0,47.5,25.25
2016,6,IND,HOU,0,3.0,47.5,22.25
2016,6,JAX,CHI,0,2.5,46.0,21.75
2016,6,KC,OAK,0,-1.0,46.5,23.75
2016,6,LA,DET,0,2.5,44.0,20.75
2016,6,MIA,PIT,1,-7.5,49.5,21.0
2016,6,NE,CIN,1,7.5,48.5,28.0
2016,6,NO,CAR,1,-2.5,53.5,25.5
2016,6,NYG,BAL,1,3.5,42.5,23.0
2016,6,NYJ,ARI,0,7.5,46.0,19.25
2016,6,OAK,KC,1,-1.0,46.5,22.75
2016,6,PHI,WAS,0,-3.0,45.0,24.0
2016,6,PIT,MIA,0,-7.5,49.5,28.5
2016,6,SD,DEN,1,-3.0,44.0,20.5
2016,6,SEA,ATL,1,7.0,45.5,26.25
2016,6,SF,BUF,0,7.5,44.0,18.25
2016,6,TEN,CLE,1,7.5,45.0,26.25
2016,6,WAS,PHI,1,-3.0,45.0,21.0
2016,7,ARI,SEA,1,2.5,43.0,22.75
2016,7,ATL,SD,1,4.5,52.5,28.5
2016,7,BAL,NYJ,0,2.0,40.5,19.25
2016,7,BUF,MIA,0,-2.5,46.0,24.25
2016,7,CHI,GB,0,7.5,46.5,19.5
2016,7,CIN,CLE,1,11.5,46.5,29.0
2016,7,CLE,CIN,0,11.5,46.5,17.5
2016,7,DEN,HOU,1,8.5,40.0,24.25
2016,7,DET,WAS,1,-1.0,50.0,24.5
2016,7,GB,CHI,1,7.5,46.5,27.0
2016,7,HOU,DEN,0,8.5,40.0,15.75
2016,7,IND,TEN,0,4.0,48.5,22.25
2016,7,JAX,OAK,1,1.5,47.5,24.5
2016,7,KC,NO,1,6.0,51.0,28.5
2016,7,LA,NYG,1,-3.0,44.5,20.75
2016,7,MIA,BUF,1,-2.5,46.0,21.75
2016,7,MIN,PHI,0,-2.5,39.0,20.75
2016,7,NE,PIT,0,-7.5,49.0,28.25
2016,7,NO,KC,0,6.0,51.0,22.5
2016,7,NYG,LA,0,-3.0,44.5,23.75
2016,7,NYJ,BAL,1,2.0,40.5,21.25
2016,7,OAK,JAX,0,1.5,47.5,23.0
2016,7,PHI,MIN,1,-2.5,39.0,18.25
2016,7,PIT,NE,1,-7.5,49.0,20.75
2016,7,SD,ATL,0,4.5,52.5,24.0
2016,7,SEA,ARI,0,2.5,43.0,20.25
2016,7,SF,TB,1,1.0,45.0,23.0
2016,7,TB,SF,0,1.0,45.0,22.0
2016,7,TEN,IND,1,4.0,48.5,26.25
2016,7,WAS,DET,0,-1.0,50.0,25.5
2016,8,ARI,CAR,0,2.5,45.5,21.5
2016,8,ATL,GB,1,3.0,51.0,27.0
2016,8,BUF,NE,1,-5.5,48.0,21.25
2016,8,CAR,ARI,1,2.5,45.5,24.0
2016,8,CHI,MIN,1,-5.5,39.5,17.0
2016,8,CIN,WAS,1,3.0,49.0,26.0
2016,8,CLE,NYJ,1,-2.5,45.5,21.5
2016,8,DAL,PHI,1,5.0,44.0,24.5
2016,8,DEN,SD,1,3.5,43.0,23.25
2016,8,DET,HOU,0,1.0,46.5,22.75
2016,8,GB,ATL,0,3.0,51.0,24.0
2016,8,HOU,DET,1,1.0,46.5,23.75
2016,8,IND,KC,1,-3.0,50.5,23.75
2016,8,JAX,TEN,0,3.0,43.5,20.25
2016,8,KC,IND,0,-3.0,50.5,26.75
2016,8,MIN,CHI,0,-5.5,39.5,22.5
2016,8,NE,BUF,0,-5.5,48.0,26.75
2016,8,NO,SEA,1,-1.0,50.0,24.5
2016,8,NYJ,CLE,0,-2.5,45.5,24.0
2016,8,OAK,TB,0,1.0,48.0,23.5
2016,8,PHI,DAL,0,5.0,44.0,19.5
2016,8,SD,DEN,0,3.5,43.0,19.75
2016,8,SEA,NO,0,-1.0,50.0,25.5
2016,8,TB,OAK,1,1.0,48.0,24.5
2016,8,TEN,JAX,1,3.0,43.5,23.25
2016,8,WAS,CIN,0,3.0,49.0,23.0
2016,9,ATL,TB,0,-4.5,49.0,26.75
2016,9,BAL,PIT,1,-3.5,46.0,21.25
2016,9,BUF,SEA,0,5.5,43.5,19.0
2016,9,CAR,LA,0,-3.0,44.5,23.75
2016,9,CLE,DAL,1,-7.0,49.0,21.0
2016,9,DAL,CLE,0,-7.0,49.0,28.0
2016,9,DEN,OAK,0,1.0,44.5,21.75
2016,9,DET,MIN,0,4.0,42.5,19.25
2016,9,GB,IND,1,7.5,52.0,29.75
2016,9,IND,GB,0,7.5,52.0,22.25
2016,9,JAX,KC,0,7.0,42.5,17.75
2016,9,KC,JAX,1,7.0,42.5,24.75
2016,9,LA,CAR,1,-3.0,44.5,20.75
2016,9,MIA,NYJ,1,3.5,45.0,24.25
2016,9,MIN,DET,1,4.0,42.5,23.25
2016,9,NO,SF,0,-5.0,53.0,29.0
2016,9,NYG,PHI,1,3.0,42.5,22.75
2016,9,NYJ,MIA,0,3.5,45.0,20.75
2016,9,OAK,DEN,1,1.0,44.5,22.75
2016,9,PHI,NYG,0,3.0,42.5,19.75
2016,9,PIT,BAL,0,-3.5,46.0,24.75
2016,9,SD,TEN,1,3.5,47.5,25.5
2016,9,SEA,BUF,1,5.5,43.5,24.5
2016,9,SF,NO,1,-5.0,53.0,24.0
2016,9,TB,ATL,1,-4.5,49.0,22.25
2016,9,TEN,SD,0,3.5,47.5,22.0
2016,10,ARI,SF,1,14.0,46.5,30.25
2016,10,ATL,PHI,0,2.0,48.5,23.25
2016,10,BAL,CLE,1,7.5,44.0,25.75
2016,10,CAR,KC,1,3.0,44.0,23.5
2016,10,CHI,TB,0,-2.5,45.0,23.75
2016,10,CIN,NYG,0,-1.0,49.5,25.25
2016,10,CLE,BAL,0,7.5,44.0,18.25
2016,10,DAL,PIT,0,3.0,50.5,23.75
2016,10,DEN,NO,0,3.0,50.0,23.5
2016,10,GB,TEN,0,-3.0,48.5,25.75
2016,10,HOU,JAX,0,3.0,42.0,19.5
2016,10,JAX,HOU,1,3.0,42.0,22.5
2016,10,KC,CAR,0,3.0,44.0,20.5
2016,10,LA,NYJ,0,-1.0,39.0,20.0
2016,10,MIA,SD,0,4.0,48.5,22.25
2016,10,MIN,WAS,0,2.5,42.0,19.75
2016,10,NE,SEA,1,7.5,49.5,28.5
2016,10,NO,DEN,1,3.0,50.0,26.5
2016,10,NYG,CIN,1,-1.0,49.5,24.25
2016,10,NYJ,LA,1,-1.0,39.0,19.0
2016,10,PHI,ATL,1,2.0,48.5,25.25
2016,10,PIT,DAL,1,3.0,50.5,26.75
2016,10,SD,MIA,1,4.0,48.5,26.25
2016,10,SEA,NE,0,7.5,49.5,21.0
2016,10,SF,ARI,0,14.0,46.5,16.25
2016,10,TB,CHI,1,-2.5,45.0,21.25
2016,10,TEN,GB,1,-3.0,48.5,22.75
2016,10,WAS,MIN,1,2.5,42.0,22.25
2016,11,ARI,MIN,0,2.0,39.5,18.75
2016,11,BAL,DAL,0,7.0,44.5,18.75
2016,11,BUF,CIN,0,2.5,48.0,22.75
2016,11,CAR,NO,1,3.5,52.5,28.0
2016,11,CHI,NYG,0,7.0,41.5,17.25
2016,11,CIN,BUF,1,2.5,48.0,25.25
2016,11,CLE,PIT,1,-8.0,45.5,18.75
2016,11,DAL,BAL,1,7.0,44.5,25.75
2016,11,DET,JAX,1,5.5,47.0,26.25
2016,11,GB,WAS,0,2.5,48.5,23.0
2016,11,HOU,OAK,0,6.5,45.5,19.5
2016,11,IND,TEN,1,3.0,53.5,28.25
2016,11,JAX,DET,0,5.5,47.0,20.75
2016,11,KC,TB,1,7.0,45.0,26.0
2016,11,LA,MIA,1,1.0,39.0,20.0
2016,11,MIA,LA,0,1.0,39.0,19.0
2016,11,MIN,ARI,1,2.0,39.5,20.75
2016,11,NE,SF,0,-10.5,51.5,31.0
2016,11,NO,CAR,0,3.5,52.5,24.5
2016,11,NYG,CHI,1,7.0,41.5,24.25
2016,11,OAK,HOU,1,6.5,45.5,26.0
2016,11,PHI,SEA,0,6.5,43.0,18.25
2016,11,PIT,CLE,0,-8.0,45.5,26.75
2016,11,SEA,PHI,1,6.5,43.0,24.75
2016,11,SF,NE,1,-10.5,51.5,20.5
2016,11,TB,KC,0,7.0,45.0,19.0
2016,11,TEN,IND,0,3.0,53.5,25.25
2016,11,WAS,GB,1,2.5,48.5,25.5
2016,12,ARI,ATL,0,3.5,49.0,22.75
2016,12,ATL,ARI,1,3.5,49.0,26.25
2016,12,BAL,CIN,1,3.5,42.0,22.75
2016,12,BUF,JAX,1,8.5,43.5,26.0
2016,12,CAR,OAK,0,3.5,48.5,22.5
2016,12,CHI,TEN,1,-6.5,41.5,17.5
2016,12,CIN,BAL,0,3.5,42.0,19.25
2016,12,CLE,NYG,1,-6.5,47.0,20.25
2016,12,DAL,WAS,1,5.5,53.0,29.25
2016,12,DEN,KC,1,3.5,40.0,21.75
2016,12,DET,MIN,1,2.0,42.0,22.0
2016,12,GB,PHI,0,4.0,47.0,21.5
2016,12,HOU,SD,1,-2.5,45.5,21.5
2016,12,IND,PIT,1,-8.0,50.0,21.0
2016,12,JAX,BUF,0,8.5,43.5,17.5
2016,12,KC,DEN,0,3.5,40.0,18.25
2016,12,LA,NO,0,7.5,46.0,19.25
2016,12,MIA,SF,1,7.0,44.5,25.75
2016,12,MIN,DET,0,2.0,42.0,20.0
2016,12,NE,NYJ,0,-9.0,48.0,28.5
2016,12,NO,LA,1,7.5,46.0,26.75
2016,12,NYG,CLE,0,-6.5,47.0,26.75
2016,12,NYJ,NE,1,-9.0,48.0,19.5
2016,12,OAK,CAR,1,3.5,48.5,26.0
2016,12,PHI,GB,1,4.0,47.0,25.5
2016,12,PIT,IND,0,-8.0,50.0,29.0
2016,12,SD,HOU,0,-2.5,45.5,24.0
2016,12,SEA,TB,0,-5.0,46.0,25.5
2016,12,SF,MIA,0,7.0,44.5,18.75
2016,12,TB,SEA,1,-5.0,46.0,20.5
2016,12,TEN,CHI,0,-6.5,41.5,24.0
2016,12,WAS,DAL,0,5.5,53.0,23.75
2016,13,ARI,WAS,1,2.5,48.5,25.5
2016,13,ATL,KC,1,5.0,50.0,27.5
2016,13,BAL,MIA,1,3.5,41.5,22.5
2016,13,BUF,OAK,0,3.0,48.5,22.75
2016,13,CAR,SEA,0,8.5,44.0,17.75
2016,13,CHI,SF,1,-0.0,44.0,22.0
2016,13,CIN,PHI,1,1.0,42.0,21.5
2016,13,DAL,MIN,0,-3.0,43.5,23.25
2016,13,DEN,JAX,0,-3.5,39.0,21.25
2016,13,DET,NO,0,6.5,53.0,23.25
2016,13,GB,HOU,1,7.0,44.5,25.75
2016,13,HOU,GB,0,7.0,44.5,18.75
2016,13,IND,NYJ,0,1.0,48.5,23.75
2016,13,JAX,DEN,1,-3.5,39.0,17.75
2016,13,KC,ATL,0,5.0,50.0,22.5
2016,13,LA,NE,0,13.0,44.5,15.75
2016,13,MIA,BAL,0,3.5,41.5,19.0
2016,13,MIN,DAL,1,-3.0,43.5,20.25
2016,13,NE,LA,1,13.0,44.5,28.75
2016,13,NO,DET,1,6.5,53.0,29.75
2016,13,NYG,PIT,0,7.0,49.5,21.25
2016,13,NYJ,IND,1,1.0,48.5,24.75
2016,13,OAK,BUF,1,3.0,48.5,25.75
2016,13,PHI,CIN,0,1.0,42.0,20.5
2016,13,PIT,NYG,1,7.0,49.5,28.25
2016,13,SD,TB,1,3.5,49.0,26.25
2016,13,SEA,CAR,1,8.5,44.0,26.25
2016,13,SF,CHI,0,-0.0,44.0,22.0
2016,13,TB,SD,0,3.5,49.0,22.75
2016,13,WAS,ARI,0,2.5,48.5,23.0
2016,14,ARI,MIA,0,-2.0,44.0,23.0
2016,14,ATL,LA,0,-4.5,44.0,24.25
2016,14,BAL,NE,0,6.0,45.5,19.75
2016,14,BUF,PIT,1,-1.0,45.5,22.25
2016,14,CAR,SD,1,1.0,48.5,24.75
2016,14,CHI,DET,0,7.5,42.0,17.25
2016,14,CIN,CLE,0,-4.0,42.0,23.0
2016,14,CLE,CIN,1,-4.0,42.0,19.0
2016,14,DAL,NYG,0,-3.5,47.0,25.25
2016,14,DEN,TEN,0,2.0,44.0,21.0
2016,14,DET,CHI,1,7.5,42.0,24.75
2016,14,GB,SEA,1,-3.0,47.0,22.0
2016,14,HOU,IND,0,6.5,47.5,20.5
2016,14,IND,HOU,1,6.5,47.5,27.0
2016,14,JAX,MIN,1,-3.0,38.0,17.5
2016,14,KC,OAK,1,3.5,46.0,24.75
2016,14,LA,ATL,1,-4.5,44.0,19.75
2016,14,MIA,ARI,1,-2.0,44.0,21.0
2016,14,MIN,JAX,0,-3.0,38.0,20.5
2016,14,NE,BAL,1,6.0,45.5,25.75
2016,14,NO,TB,0,2.0,52.0,25.0
2016,14,NYG,DAL,1,-3.5,47.0,21.75
2016,14,NYJ,SF,0,3.0,42.5,19.75
2016,14,OAK,KC,0,3.5,46.0,21.25
2016,14,PHI,WAS,1,-1.5,48.5,23.5
2016,14,PIT,BUF,0,-1.0,45.5,23.25
2016,14,SD,CAR,0,1.0,48.5,23.75
2016,14,SEA,GB,0,-3.0,47.0,25.0
2016,14,SF,NYJ,1,3.0,42.5,22.75
2016,14,TB,NO,1,2.0,52.0,27.0
2016,14,TEN,DEN,1,2.0,44.0,23.0
2016,14,WAS,PHI,0,-1.5,48.5,25.0
2016,15,ARI,NO,1,3.0,48.5,25.75
2016,15,ATL,SF,1,13.5,51.5,32.5
2016,15,BAL,PHI,1,5.0,41.0,23.0
2016,15,BUF,CLE,1,10.5,43.5,27.0
2016,15,CAR,WAS,0,7.0,50.5,21.75
2016,15,CHI,GB,1,-4.5,40.0,17.75
2016,15,CIN,PIT,1,-3.0,45.5,21.25
2016,15,CLE,BUF,0,10.5,43.5,16.5
2016,15,DAL,TB,1,7.0,47.5,27.25
2016,15,DEN,NE,1,-3.0,43.5,20.25
2016,15,DET,NYG,0,4.0,42.5,19.25
2016,15,GB,CHI,0,-4.5,40.0,22.25
2016,15,HOU,JAX,1,3.5,39.5,21.5
2016,15,IND,MIN,0,5.0,44.5,19.75
2016,15,JAX,HOU,0,3.5,39.5,18.0
2016,15,KC,TEN,1,6.0,43.0,24.5
2016,15,LA,SEA,0,15.0,39.5,12.25
2016,15,MIA,NYJ,0,-2.5,40.0,21.25
2016,15,MIN,IND,1,5.0,44.5,24.75
2016,15,NE,DEN,0,-3.0,43.5,23.25
2016,15,NO,ARI,0,3.0,48.5,22.75
2016,15,NYG,DET,1,4.0,42.5,23.25
2016,15,NYJ,MIA,1,-2.5,40.0,18.75
2016,15,OAK,SD,0,-2.5,49.5,26.0
2016,15,PHI,BAL,0,5.0,41.0,18.0
2016,15,PIT,CIN,0,-3.0,45.5,24.25
2016,15,SD,OAK,1,-2.5,49.5,23.5
2016,15,SEA,LA,1,15.0,39.5,27.25
2016,15,SF,ATL,0,13.5,51.5,19.0
2016,15,TB,DAL,0,7.0,47.5,20.25
2016,15,TEN,KC,0,6.0,43.0,18.5
2016,15,WAS,CAR,1,7.0,50.5,28.75
2016,16,ARI,SEA,0,9.0,43.5,17.25
2016,16,ATL,CAR,0,-3.0,48.5,25.75
2016,16,BAL,PIT,0,5.5,46.5,20.5
2016,16,BUF,MIA,1,4.5,44.5,24.5
2016,16,CAR,ATL,1,-3.0,48.5,22.75
2016,16,CHI,WAS,1,-3.0,49.0,23.0
2016,16,CIN,HOU,0,3.0,41.5,19.25
2016,16,CLE,SD,1,-4.5,45.0,20.25
2016,16,DAL,DET,1,6.5,47.0,26.75
2016,16,DEN,KC,0,3.5,38.5,17.5
2016,16,DET,DAL,0,6.5,47.0,20.25
2016,16,GB,MIN,1,6.0,44.5,25.25
2016,16,HOU,CIN,1,3.0,41.5,22.25
2016,16,IND,OAK,0,3.5,52.0,24.25
2016,16,JAX,TEN,1,-4.0,44.0,20.0
2016,16,KC,DEN,1,3.5,38.5,21.0
2016,16,LA,SF,1,6.0,39.5,22.75
2016,16,MIA,BUF,0,4.5,44.5,20.0
2016,16,MIN,GB,0,6.0,44.5,19.25
2016,16,NE,NYJ,1,17.0,45.0,31.0
2016,16,NO,TB,1,3.0,53.0,28.0
2016,16,NYG,PHI,0,2.0,42.5,20.25
2016,16,NYJ,NE,0,17.0,45.0,14.0
2016,16,OAK,IND,1,3.5,52.0,27.75
2016,16,PHI,NYG,1,2.0,42.5,22.25
2016,16,PIT,BAL,1,5.5,46.5,26.0
2016,16,SD,CLE,0,-4.5,45.0,24.75
2016,16,SEA,ARI,1,9.0,43.5,26.25
2016,16,SF,LA,0,6.0,39.5,16.75
2016,16,TB,NO,0,3.0,53.0,25.0
2016,16,TEN,JAX,0,-4.0,44.0,24.0
2016,16,WAS,CHI,0,-3.0,49.0,26.0
2016,17,ARI,LA,0,-7.0,39.0,23.0
2016,17,ATL,NO,1,7.5,58.5,33.0
2016,17,BAL,CIN,0,-2.5,40.5,21.5
2016,17,BUF,NYJ,0,-3.5,43.0,23.25
2016,17,CAR,TB,0,3.5,44.5,20.5
2016,17,CHI,MIN,0,6.0,44.0,19.0
2016,17,CIN,BAL,1,-2.5,40.5,19.0
2016,17,CLE,PIT,0,3.5,41.5,19.0
2016,17,DAL,PHI,0,6.5,44.0,18.75
2016,17,DEN,OAK,1,1.0,40.0,20.5
2016,17,DET,GB,1,-3.5,50.0,23.25
2016,17,GB,DET,0,-3.5,50.0,26.75
2016,17,HOU,TEN,0,3.0,41.5,19.25
2016,17,IND,JAX,1,5.5,48.5,27.0
2016,17,JAX,IND,0,5.5,48.5,21.5
2016,17,KC,SD,0,-5.5,45.0,25.25
2016,17,LA,ARI,1,-7.0,39.0,16.0
2016,17,MIA,NE,1,-7.5,47.0,19.75
2016,17,MIN,CHI,1,6.0,44.0,25.0
2016,17,NE,MIA,0,-7.5,47.0,27.25
2016,17,NO,ATL,0,7.5,58.5,25.5
2016,17,NYG,WAS,0,10.0,47.5,18.75
2016,17,NYJ,BUF,1,-3.5,43.0,19.75
2016,17,OAK,DEN,0,1.0,40.0,19.5
2016,17,PHI,DAL,1,6.5,44.0,25.25
2016,17,PIT,CLE,1,3.5,41.5,22.5
2016,17,SD,KC,1,-5.5,45.0,19.75
2016,17,SEA,SF,0,-11.5,44.5,28.0
2016,17,SF,SEA,1,-11.5,44.5,16.5
2016,17,TB,CAR,1,3.5,44.5,24.0
2016,17,TEN,HOU,1,3.0,41.5,22.25
2016,17,WAS,NYG,1,10.0,47.5,28.75
2016,18,DET,SEA,0,8.0,45.5,18.75
2016,18,GB,NYG,1,5.0,46.5,25.75
2016,18,HOU,OAK,1,4.0,37.5,20.75
2016,18,MIA,PIT,0,11.0,47.5,18.25
2016,18,NYG,GB,0,5.0,46.5,20.75
2016,18,OAK,HOU,0,4.0,37.5,16.75
2016,18,PIT,MIA,1,11.0,47.5,29.25
2016,18,SEA,DET,1,8.0,45.5,26.75
2016,19,ATL,SEA,1,6.5,51.0,28.75
2016,19,DAL,GB,1,5.5,52.5,29.0
2016,19,GB,DAL,0,5.5,52.5,23.5
2016,19,HOU,NE,0,16.0,44.0,14.0
2016,19,KC,PIT,1,2.5,45.5,24.0
2016,19,NE,HOU,1,16.0,44.0,30.0
2016,19,PIT,KC,0,2.5,45.5,21.5
2016,19,SEA,ATL,0,6.5,51.0,22.25
2016,20,ATL,GB,1,6.5,59.5,33.0
2016,20,GB,ATL,0,6.5,59.5,26.5
2016,20,NE,PIT,1,5.5,49.5,27.5
2016,20,PIT,NE,0,5.5,49.5,22.0
2016,21,ATL,NE,1,-3.0,57.0,27.0
2016,21,NE,ATL,0,-3.0,57.0,30.0
2017,1,ARI,DET,0,-2.5,48.5,25.5
2017,1,ATL,CHI,0,-6.5,48.0,27.25
2017,1,BAL,CIN,0,2.5,41.5,19.5
2017,1,BUF,NYJ,1,7.0,42.0,24.5
2017,1,CAR,SF,0,-4.5,45.5,25.0
2017,1,CHI,ATL,1,-6.5,48.0,20.75
2017,1,CIN,BAL,1,2.5,41.5,22.0
2017,1,CLE,PIT,1,-10.0,47.0,18.5
2017,1,DAL,NYG,1,6.0,46.5,26.25
2017,1,DEN,LAC,1,3.0,41.5,22.25
2017,1,DET,ARI,1,-2.5,48.5,23.0
2017,1,GB,SEA,1,2.5,49.5,26.0
2017,1,HOU,JAX,1,5.5,38.0,21.75
2017,1,IND,LA,0,3.5,41.5,19.0
2017,1,JAX,HOU,0,5.5,38.0,16.25
2017,1,KC,NE,0,8.0,47.5,19.75
2017,1,LA,IND,1,3.5,41.5,22.5
2017,1,LAC,DEN,0,3.0,41.5,19.25
2017,1,MIN,NO,1,3.0,47.5,25.25
2017,1,NE,KC,1,8.0,47.5,27.75
2017,1,NO,MIN,0,3.0,47.5,22.25
2017,1,NYG,DAL,0,6.0,46.5,20.25
2017,1,NYJ,BUF,0,7.0,42.0,17.5
2017,1,OAK,TEN,0,2.5,49.5,23.5
2017,1,PHI,WAS,0,-2.0,49.5,25.75
2017,1,PIT,CLE,0,-10.0,47.0,28.5
2017,1,SEA,GB,0,2.5,49.5,23.5
2017,1,SF,CAR,1,-4.5,45.5,20.5
2017,1,TEN,OAK,1,2.5,49.5,26.0
2017,1,WAS,PHI,1,-2.0,49.5,23.75
2017,2,ARI,IND,0,-7.0,44.0,25.5
2017,2,ATL,GB,1,3.5,55.0,29.25
2017,2,BAL,CLE,1,7.5,39.5,23.5
2017,2,BUF,CAR,0,6.5,43.0,18.25
2017,2,CAR,BUF,1,6.5,43.0,24.75
2017,2,CHI,TB,0,7.0,44.0,18.5
2017,2,CIN,HOU,1,5.5,38.0,21.75
2017,2,CLE,BAL,0,7.5,39.5,16.0
2017,2,DAL,DEN,0,-2.5,44.0,23.25
2017,2,DEN,DAL,1,-2.5,44.0,20.75
2017,2,DET,NYG,0,3.0,42.0,19.5
2017,2,GB,ATL,0,3.5,55.0,25.75
2017,2,HOU,CIN,0,5.5,38.0,16.25
2017,2,IND,ARI,1,-7.0,44.0,18.5
2017,2,JAX,TEN,1,-1.0,42.0,20.5
2017,2,KC,PHI,1,4.0,46.5,25.25
2017,2,LA,WAS,1,3.0,45.5,24.25
2017,2,LAC,MIA,1,3.5,46.5,25.0
2017,2,MIA,LAC,0,3.5,46.5,21.5
2017,2,MIN,PIT,0,8.5,43.0,17.25
2017,2,NE,NO,0,-5.5,55.0,30.25
2017,2,NO,NE,1,-5.5,55.0,24.75
2017,2,NYG,DET,1,3.0,42.0,22.5
2017,2,NYJ,OAK,0,14.0,44.0,15.0
2017,2,OAK,NYJ,1,14.0,44.0,29.0
2017,2,PHI,KC,0,4.0,46.5,21.25
2017,2,PIT,MIN,1,8.5,43.0,25.75
2017,2,SEA,SF,1,13.5,42.0,27.75
2017,2,SF,SEA,0,13.5,42.0,14.25
2017,2,TB,CHI,1,7.0,44.0,25.5
2017,2,TEN,JAX,0,-1.0,42.0,21.5
2017,2,WAS,LA,0,3.0,45.5,21.25
2017,3,ARI,DAL,1,-3.0,46.5,21.75
2017,3,ATL,DET,0,-3.0,51.0,27.0
2017,3,BAL,JAX,0,-3.0,38.0,20.5
2017,3,BUF,DEN,1,-3.5,40.0,18.25
2017,3,CAR,NO,1,5.5,46.5,26.0
2017,3,CHI,PIT,1,-7.0,43.5,18.25
2017,3,CIN,GB,0,7.0,47.5,20.25
2017,3,CLE,IND,0,1.0,42.0,20.5
2017,3,DAL,ARI,0,-3.0,46.5,24.75
2017,3,DEN,BUF,0,-3.5,40.0,21.75
2017,3,DET,ATL,1,-3.0,51.0,24.0
2017,3,GB,CIN,1,7.0,47.5,27.25
2017,3,HOU,NE,0,13.5,44.5,15.5
2017,3,IND,CLE,1,1.0,42.0,21.5
2017,3,JAX,BAL,1,-3.0,38.0,17.5
2017,3,KC,LAC,0,-3.0,47.5,25.25
2017,3,LA,SF,0,-3.0,40.5,21.75
2017,3,LAC,KC,1,-3.0,47.5,22.25
2017,3,MIA,NYJ,0,-5.5,43.0,24.25
2017,3,MIN,TB,1,-0.0,41.0,20.5
2017,3,NE,HOU,1,13.5,44.5,29.0
2017,3,NO,CAR,0,5.5,46.5,20.5
2017,3,NYG,PHI,0,5.0,42.0,18.5
2017,3,NYJ,MIA,1,-5.5,43.0,18.75
2017,3,OAK,WAS,0,-3.5,53.0,28.25
2017,3,PHI,NYG,1,5.0,42.0,23.5
2017,3,PIT,CHI,0,-7.0,43.5,25.25
2017,3,SEA,TEN,0,2.0,42.0,20.0
2017,3,SF,LA,1,-3.0,40.5,18.75
2017,3,TB,MIN,0,-0.0,41.0,20.5
2017,3,TEN,SEA,1,2.0,42.0,22.0
2017,3,WAS,OAK,1,-3.5,53.0,24.75
2017,4,ARI,SF,1,6.5,43.0,24.75
2017,4,ATL,BUF,1,8.0,48.0,28.0
2017,4,BAL,PIT,1,-3.5,42.0,19.25
2017,4,BUF,ATL,0,8.0,48.0,20.0
2017,4,CAR,NE,0,9.0,48.0,19.5
2017,4,CHI,GB,0,7.5,44.0,18.25
2017,4,CIN,CLE,0,-3.0,41.5,22.25
2017,4,CLE,CIN,1,-3.0,41.5,19.25
2017,4,DAL,LA,1,5.0,51.0,28.0
2017,4,DEN,OAK,1,3.5,44.0,23.75
2017,4,DET,MIN,0,2.5,43.0,20.25
2017,4,GB,CHI,1,7.5,44.0,25.75
2017,4,HOU,TEN,1,-2.5,43.0,20.25
2017,4,IND,SEA,0,12.5,41.5,14.5
2017,4,JAX,NYJ,0,-4.0,38.5,21.25
2017,4,KC,WAS,1,6.5,48.0,27.25
2017,4,LA,DAL,0,5.0,51.0,23.0
2017,4,LAC,PHI,1,1.5,48.0,24.75
2017,4,MIA,NO,1,-4.0,51.5,23.75
2017,4,MIN,DET,1,2.5,43.0,22.75
2017,4,NE,CAR,1,9.0,48.0,28.5
2017,4,NO,MIA,0,-4.0,51.5,27.75
2017,4,NYG,TB,0,2.5,46.0,21.75
2017,4,NYJ,JAX,1,-4.0,38.5,17.25
2017,4,OAK,DEN,0,3.5,44.0,20.25
2017,4,PHI,LAC,0,1.5,48.0,23.25
2017,4,PIT,BAL,0,-3.5,42.0,22.75
2017,4,SEA,IND,1,12.5,41.5,27.0
2017,4,SF,ARI,0,6.5,43.0,18.25
2017,4,TB,NYG,1,2.5,46.0,24.25
2017,4,TEN,HOU,0,-2.5,43.0,22.75
2017,4,WAS,KC,0,6.5,48.0,20.75
2017,5,ARI,PHI,0,6.0,45.0,19.5
2017,5,BAL,OAK,0,3.0,40.5,18.75
2017,5,BUF,CIN,0,3.0,39.0,18.0
2017,5,CAR,DET,0,2.0,42.0,20.0
2017,5,CHI,MIN,1,-3.5,41.0,18.75
2017,5,CIN,BUF,1,3.0,39.0,21.0
2017,5,CLE,NYJ,1,-1.5,41.5,20.0
2017,5,DAL,GB,1,2.5,52.0,27.25
2017,5,DET,CAR,1,2.0,42.0,22.0
2017,5,GB,DAL,0,2.5,52.0,24.75
2017,5,HOU,KC,1,-2.0,45.0,21.5
2017,5,IND,SF,1,-1.0,43.5,21.25
2017,5,JAX,PIT,0,7.5,41.0,16.75
2017,5,KC,HOU,0,-2.0,45.0,23.5
2017,5,LA,SEA,1,2.0,46.5,24.25
2017,5,LAC,NYG,0,3.0,45.5,21.25
2017,5,MIA,TEN,1,-0.0,41.5,20.75
2017,5,MIN,CHI,0,-3.5,41.0,22.25
2017,5,NE,TB,0,-3.5,54.5,29.0
2017,5,NYG,LAC,1,3.0,45.5,24.25
2017,5,NYJ,CLE,0,-1.5,41.5,21.5
2017,5,OAK,BAL,1,3.0,40.5,21.75
2017,5,PHI,ARI,1,6.0,45.0,25.5
2017,5,PIT,JAX,1,7.5,41.0,24.25
2017,5,SEA,LA,0,2.0,46.5,22.25
2017,5,SF,IND,0,-1.0,43.5,22.25
2017,5,TB,NE,1,-3.5,54.5,25.5
2017,5,TEN,MIA,0,-0.0,41.5,20.75
2017,6,ARI,TB,1,-2.5,46.5,22.0
2017,6,ATL,MIA,1,14.0,46.0,30.0
2017,6,BAL,CHI,1,5.5,39.5,22.5
2017,6,CAR,PHI,1,3.0,44.0,23.5
2017,6,CHI,BAL,0,5.5,39.5,17.0
2017,6,CLE,HOU,0,7.5,46.0,19.25
2017,6,DEN,NYG,1,14.0,37.5,25.75
2017,6,DET,NO,0,6.0,50.5,22.25
2017,6,GB,MIN,0,-3.0,46.0,24.5
2017,6,HOU,CLE,1,7.5,46.0,26.75
2017,6,IND,TEN,0,7.0,46.0,19.5
2017,6,JAX,LA,1,1.0,42.0,21.5
2017,6,KC,PIT,1,3.5,46.5,25.0
2017,6,LA,JAX,0,1.0,42.0,20.5
2017,6,LAC,OAK,0,3.0,48.5,22.75
2017,6,MIA,ATL,0,14.0,46.0,16.0
2017,6,MIN,GB,1,-3.0,46.0,21.5
2017,6,NE,NYJ,0,-9.0,48.5,28.75
2017,6,NO,DET,1,6.0,50.5,28.25
2017,6,NYG,DEN,0,14.0,37.5,11.75
2017,6,NYJ,NE,1,-9.0,48.5,19.75
2017,6,OAK,LAC,1,3.0,48.5,25.75
2017,6,PHI,CAR,0,3.0,44.0,20.5
2017,6,PIT,KC,0,3.5,46.5,21.5
2017,6,SF,WAS,0,12.0,46.0,17.0
2017,6,TB,ARI,0,-2.5,46.5,24.5
2017,6,TEN,IND,1,7.0,46.0,26.5
2017,6,WAS,SF,1,12.0,46.0,29.0
2017,7,ARI,LA,0,3.0,45.5,21.25
2017,7,ATL,NE,0,3.0,56.5,26.75
2017,7,BAL,MIN,0,5.0,37.5,16.25
2017,7,BUF,TB,1,3.0,46.5,24.75
2017,7,CAR,CHI,0,-2.5,39.5,21.0
2017,7,CHI,CAR,1,-2.5,39.5,18.5
2017,7,CIN,PIT,0,4.0,40.0,18.0
2017,7,CLE,TEN,1,-5.5,42.5,18.5
2017,7,DAL,SF,0,-6.5,48.0,27.25
2017,7,DEN,LAC,0,-1.0,41.0,21.0
2017,7,GB,NO,1,-3.5,45.5,21.0
2017,7,IND,JAX,1,-3.0,41.0,19.0
2017,7,JAX,IND,0,-3.0,41.0,22.0
2017,7,KC,OAK,0,-3.0,46.5,24.75
2017,7,LA,ARI,1,3.0,45.5,24.25
2017,7,LAC,DEN,1,-1.0,41.0,20.0
2017,7,MIA,NYJ,1,3.0,40.0,21.5
2017,7,MIN,BAL,1,5.0,37.5,21.25
2017,7,NE,ATL,1,3.0,56.5,29.75
2017,7,NO,GB,0,-3.5,45.5,24.5
2017,7,NYG,SEA,1,-4.0,39.0,17.5
2017,7,NYJ,MIA,0,3.0,40.0,18.5
2017,7,OAK,KC,1,-3.0,46.5,21.75
2017,7,PHI,WAS,1,5.0,48.5,26.75
2017,7,PIT,CIN,1,4.0,40.0,22.0
2017,7,SEA,NYG,0,-4.0,39.0,21.5
2017,7,SF,DAL,1,-6.5,48.0,20.75
2017,7,TB,BUF,0,3.0,46.5,21.75
2017,7,TEN,CLE,0,-5.5,42.5,24.0
2017,7,WAS,PHI,0,5.0,48.5,21.75
2017,8,ATL,NYJ,0,-6.5,43.5,25.0
2017,8,BAL,MIA,1,3.0,38.0,20.5
2017,8,BUF,OAK,1,2.5,47.0,24.75
2017,8,CAR,TB,0,1.5,46.0,22.25
2017,8,CHI,NO,0,7.5,46.0,19.25
2017,8,CIN,IND,1,11.0,44.0,27.5
2017,8,CLE,MIN,1,-11.0,38.5,13.75
2017,8,DAL,WAS,0,-3.0,46.5,24.75
2017,8,DEN,KC,0,7.0,42.0,17.5
2017,8,DET,PIT,1,-3.0,44.5,20.75
2017,8,HOU,SEA,0,6.0,45.0,19.5
2017,8,IND,CIN,0,11.0,44.0,16.5
2017,8,KC,DEN,1,7.0,42.0,24.5
2017,8,LAC,NE,0,6.5,49.5,21.5
2017,8,MIA,BAL,0,3.0,38.0,17.5
2017,8,MIN,CLE,0,-11.0,38.5,24.75
2017,8,NE,LAC,1,6.5,49.5,28.0
2017,8,NO,CHI,1,7.5,46.0,26.75
2017,8,NYJ,ATL,1,-6.5,43.5,18.5
2017,8,OAK,BUF,0,2.5,47.0,22.25
2017,8,PHI,SF,1,13.0,45.0,29.0
2017,8,PIT,DET,0,-3.0,44.5,23.75
2017,8,SEA,HOU,1,6.0,45.0,25.5
2017,8,SF,PHI,0,13.0,45.0,16.0
2017,8,TB,CAR,1,1.5,46.0,23.75
2017,8,WAS,DAL,1,-3.0,46.5,21.75
2017,9,ARI,SF,0,-2.5,39.0,20.75
2017,9,ATL,CAR,0,-3.0,42.0,22.5
2017,9,BAL,TEN,0,3.0,41.0,19.0
2017,9,BUF,NYJ,0,-3.0,42.0,22.5
2017,9,CAR,ATL,1,-3.0,42.0,19.5
2017,9,CIN,JAX,0,6.0,38.0,16.0
2017,9,DAL,KC,1,2.0,53.0,27.5
2017,9,DEN,PHI,0,7.0,41.0,17.0
2017,9,DET,GB,0,-2.5,42.5,22.5
2017,9,GB,DET,1,-2.5,42.5,20.0
2017,9,HOU,IND,1,6.0,45.0,25.5
2017,9,IND,HOU,0,6.0,45.0,19.5
2017,9,JAX,CIN,1,6.0,38.0,22.0
2017,9,KC,DAL,0,2.0,53.0,25.5
2017,9,LA,NYG,0,-5.5,42.5,24.0
2017,9,MIA,OAK,1,-3.0,44.5,20.75
2017,9,NO,TB,1,7.0,54.0,30.5
2017,9,NYG,LA,1,-5.5,42.5,18.5
2017,9,NYJ,BUF,1,-3.0,42.0,19.5
2017,9,OAK,MIA,0,-3.0,44.5,23.75
2017,9,PHI,DEN,1,7.0,41.0,24.0
2017,9,SEA,WAS,1,8.0,44.5,26.25
2017,9,SF,ARI,1,-2.5,39.0,18.25
2017,9,TB,NO,0,7.0,54.0,23.5
2017,9,TEN,BAL,1,3.0,41.0,22.0
2017,9,WAS,SEA,0,8.0,44.5,18.25
2017,10,ARI,SEA,1,-6.0,40.0,17.0
2017,10,ATL,DAL,1,3.5,49.0,26.25
2017,10,BUF,NO,1,-2.0,48.5,23.25
2017,10,CAR,MIA,1,8.0,38.5,23.25
2017,10,CHI,GB,1,4.5,37.5,21.0
2017,10,CIN,TEN,0,4.5,40.5,18.0
2017,10,CLE,DET,0,10.5,42.5,16.0
2017,10,DAL,ATL,0,3.5,49.0,22.75
2017,10,DEN,NE,1,-7.0,45.0,19.0
2017,10,DET,CLE,1,10.5,42.5,26.5
2017,10,GB,CHI,0,4.5,37.5,16.5
2017,10,HOU,LA,0,12.0,45.0,16.5
2017,10,IND,PIT,1,-10.5,47.0,18.25
2017,10,JAX,LAC,1,5.0,40.5,22.75
2017,10,LA,HOU,1,12.0,45.0,28.5
2017,10,LAC,JAX,0,5.0,40.5,17.75
2017,10,MIA,CAR,0,8.0,38.5,15.25
2017,10,MIN,WAS,0,-1.0,43.0,22.0
2017,10,NE,DEN,0,-7.0,45.0,26.0
2017,10,NO,BUF,0,-2.0,48.5,25.25
2017,10,NYG,SF,0,-3.0,41.5,22.25
2017,10,NYJ,TB,0,1.0,44.5,21.75
2017,10,PIT,IND,0,-10.5,47.0,28.75
2017,10,SEA,ARI,0,-6.0,40.0,23.0
2017,10,SF,NYG,1,-3.0,41.5,19.25
2017,10,TB,NYJ,1,1.0,44.5,22.75
2017,10,TEN,CIN,1,4.5,40.5,22.5
2017,10,WAS,MIN,1,-1.0,43.0,21.0
2017,11,ARI,HOU,0,2.5,38.0,17.75
2017,11,ATL,SEA,0,1.0,46.0,22.5
2017,11,BAL,GB,0,-2.5,38.5,20.5
2017,11,BUF,LAC,0,7.0,41.5,17.25
2017,11,CHI,DET,1,-3.0,41.0,19.0
2017,11,CIN,DEN,0,2.5,37.5,17.5
2017,11,CLE,JAX,1,-7.5,37.0,14.75
2017,11,DAL,PHI,1,-6.0,48.0,21.0
2017,11,DEN,CIN,1,2.5,37.5,20.0
2017,11,DET,CHI,0,-3.0,41.0,22.0
2017,11,GB,BAL,1,-2.5,38.5,18.0
2017,11,HOU,ARI,1,2.5,38.0,20.25
2017,11,JAX,CLE,0,-7.5,37.0,22.25
2017,11,KC,NYG,0,-10.0,44.5,27.25
2017,11,LA,MIN,0,1.0,46.0,22.5
2017,11,LAC,BUF,1,7.0,41.5,24.25
2017,11,MIA,TB,1,-1.0,44.0,21.5
2017,11,MIN,LA,1,1.0,46.0,23.5
2017,11,NE,OAK,0,-7.0,55.0,31.0
2017,11,NO,WAS,1,9.5,52.5,31.0
2017,11,NYG,KC,1,-10.0,44.5,17.25
2017,11,OAK,NE,1,-7.0,55.0,24.0
2017,11,PHI,DAL,0,-6.0,48.0,27.0
2017,11,PIT,TEN,1,7.0,44.5,25.75
2017,11,SEA,ATL,1,1.0,46.0,23.5
2017,11,TB,MIA,0,-1.0,44.0,22.5
2017,11,TEN,PIT,0,7.0,44.5,18.75
2017,11,WAS,NO,0,9.5,52.5,21.5
2017,12,ARI,JAX,1,-6.5,37.5,15.5
2017,12,ATL,TB,1,10.5,47.0,28.75
2017,12,BAL,HOU,1,7.5,39.5,23.5
2017,12,BUF,KC,0,8.5,47.5,19.5
2017,12,CAR,NYJ,0,-5.5,39.5,22.5
2017,12,CHI,PHI,0,14.0,43.5,14.75
2017,12,CIN,CLE,1,7.5,39.0,23.25
2017,12,CLE,CIN,0,7.5,39.0,15.75
2017,12,DAL,LAC,1,-1.0,46.5,22.75
2017,12,DEN,OAK,0,3.5,41.0,18.75
2017,12,DET,MIN,1,-2.5,46.0,21.75
2017,12,GB,PIT,0,14.0,43.0,14.5
2017,12,HOU,BAL,0,7.5,39.5,16.0
2017,12,IND,TEN,1,-3.0,46.5,21.75
2017,12,JAX,ARI,0,-6.5,37.5,22.0
2017,12,KC,BUF,1,8.5,47.5,28.0
2017,12,LA,NO,1,2.5,54.0,28.25
2017,12,LAC,DAL,0,-1.0,46.5,23.75
2017,12,MIA,NE,0,17.0,49.0,16.0
2017,12,MIN,DET,0,-2.5,46.0,24.25
2017,12,NE,MIA,1,17.0,49.0,33.0
2017,12,NO,LA,0,2.5,54.0,25.75
2017,12,NYG,WAS,0,7.0,44.0,18.5
2017,12,NYJ,CAR,1,-5.5,39.5,17.0
2017,12,OAK,DEN,1,3.5,41.0,22.25
2017,12,PHI,CHI,1,14.0,43.5,28.75
2017,12,PIT,GB,1,14.0,43.0,28.5
2017,12,SEA,SF,0,-7.0,45.0,26.0
2017,12,SF,SEA,1,-7.0,45.0,19.0
2017,12,TB,ATL,0,10.5,47.0,18.25
2017,12,TEN,IND,0,-3.0,46.5,24.75
2017,12,WAS,NYG,1,7.0,44.0,25.5
2017,13,ARI,LA,1,-7.5,43.0,17.75
2017,13,ATL,MIN,1,2.0,48.5,25.25
2017,13,BAL,DET,1,2.5,43.0,22.75
2017,13,BUF,NE,1,-7.5,48.5,20.5
2017,13,CAR,NO,0,5.5,48.0,21.25
2017,13,CHI,SF,1,2.5,42.0,22.25
2017,13,CIN,PIT,1,-4.5,42.5,19.0
2017,13,CLE,LAC,0,13.5,45.0,15.75
2017,13,DAL,WAS,1,-1.5,47.0,22.75
2017,13,DEN,MIA,0,-1.0,41.0,21.0
2017,13,DET,BAL,0,2.5,43.0,20.25
2017,13,GB,TB,1,3.0,45.0,24.0
2017,13,HOU,TEN,0,7.0,42.5,17.75
2017,13,IND,JAX,0,10.0,41.0,15.5
2017,13,JAX,IND,1,10.0,41.0,25.5
2017,13,KC,NYJ,0,-3.5,44.0,23.75
2017,13,LA,ARI,0,-7.5,43.0,25.25
2017,13,LAC,CLE,1,13.5,45.0,29.25
2017,13,MIA,DEN,1,-1.0,41.0,20.0
2017,13,MIN,ATL,0,2.0,48.5,23.25
2017,13,NE,BUF,0,-7.5,48.5,28.0
2017,13,NO,CAR,1,5.5,48.0,26.75
2017,13,NYG,OAK,0,10.0,43.0,16.5
2017,13,NYJ,KC,1,-3.5,44.0,20.25
2017,13,OAK,NYG,1,10.0,43.0,26.5
2017,13,PHI,SEA,0,-3.5,46.5,25.0
2017,13,PIT,CIN,0,-4.5,42.5,23.5
2017,13,SEA,PHI,1,-3.5,46.5,21.5
2017,13,SF,CHI,0,2.5,42.0,19.75
2017,13,TB,GB,0,3.0,45.0,21.0
2017,13,TEN,HOU,1,7.0,42.5,24.75
2017,13,WAS,DAL,0,-1.5,47.0,24.25
2017,14,ARI,TEN,1,-2.5,42.0,19.75
2017,14,ATL,NO,1,2.5,51.5,27.0
2017,14,BAL,PIT,0,6.0,43.0,18.5
2017,14,BUF,IND,1,3.5,36.5,20.0
2017,14,CAR,MIN,1,-2.5,40.5,19.0
2017,14,CHI,CIN,0,6.0,40.5,17.25
2017,14,CIN,CHI,1,6.0,40.5,23.25
2017,14,CLE,GB,1,-2.5,38.5,18.0
2017,14,DAL,NYG,0,-4.0,42.0,23.0
2017,14,DEN,NYJ,1,-1.0,40.5,19.75
2017,14,DET,TB,0,-0.0,47.5,23.75
2017,14,GB,CLE,0,-2.5,38.5,20.5
2017,14,HOU,SF,1,1.0,45.5,23.25
2017,14,IND,BUF,0,3.5,36.5,16.5
2017,14,JAX,SEA,1,3.0,41.0,22.0
2017,14,KC,OAK,1,4.5,48.5,26.5
2017,14,LA,PHI,1,-1.0,47.5,23.25
2017,14,LAC,WAS,1,6.0,46.5,26.25
2017,14,MIA,NE,1,-10.0,48.0,19.0
2017,14,MIN,CAR,0,-2.5,40.5,21.5
2017,14,NE,MIA,0,-10.0,48.0,29.0
2017,14,NO,ATL,0,2.5,51.5,24.5
2017,14,NYG,DAL,1,-4.0,42.0,19.0
2017,14,NYJ,DEN,0,-1.0,40.5,20.75
2017,14,OAK,KC,0,4.5,48.5,22.0
2017,14,PHI,LA,0,-1.0,47.5,24.25
2017,14,PIT,BAL,1,6.0,43.0,24.5
2017,14,SEA,JAX,0,3.0,41.0,19.0
2017,14,SF,HOU,0,1.0,45.5,22.25
2017,14,TB,DET,1,-0.0,47.5,23.75
2017,14,TEN,ARI,0,-2.5,42.0,22.25
2017,14,WAS,LAC,0,6.0,46.5,20.25
2017,15,ARI,WAS,0,4.0,40.0,18.0
2017,15,ATL,TB,0,-7.0,49.5,28.25
2017,15,BAL,CLE,0,-6.5,42.0,24.25
2017,15,BUF,MIA,1,3.5,39.5,21.5
2017,15,CAR,GB,1,3.0,46.5,24.75
2017,15,CHI,DET,0,5.0,43.5,19.25
2017,15,CIN,MIN,0,12.5,42.5,15.0
2017,15,CLE,BAL,1,-6.5,42.0,17.75
2017,15,DAL,OAK,0,-3.0,46.0,24.5
2017,15,DEN,IND,0,-3.0,40.5,21.75
2017,15,DET,CHI,1,5.0,43.5,24.25
2017,15,GB,CAR,0,3.0,46.5,21.75
2017,15,HOU,JAX,0,10.5,39.0,14.25
2017,15,IND,DEN,1,-3.0,40.5,18.75
2017,15,JAX,HOU,1,10.5,39.0,24.75
2017,15,KC,LAC,1,1.0,47.0,24.0
2017,15,LA,SEA,0,-1.0,47.5,24.25
2017,15,LAC,KC,0,1.0,47.0,23.0
2017,15,MIA,BUF,0,3.5,39.5,18.0
2017,15,MIN,CIN,1,12.5,42.5,27.5
2017,15,NE,PIT,0,-2.5,53.0,27.75
2017,15,NO,NYJ,1,16.5,47.0,31.75
2017,15,NYG,PHI,1,-7.5,40.5,16.5
2017,15,NYJ,NO,0,16.5,47.0,15.25
2017,15,OAK,DAL,1,-3.0,46.0,21.5
2017,15,PHI,NYG,0,-7.5,40.5,24.0
2017,15,PIT,NE,1,-2.5,53.0,25.25
2017,15,SEA,LA,1,-1.0,47.5,23.25
2017,15,SF,TEN,1,2.5,44.5,23.5
2017,15,TB,ATL,1,-7.0,49.5,21.25
2017,15,TEN,SF,0,2.5,44.5,21.0
2017,15,WAS,ARI,1,4.0,40.0,22.0
2017,16,ARI,NYG,1,3.0,39.0,21.0
2017,16,ATL,NO,0,5.5,52.0,23.25
2017,16,BAL,IND,1,13.5,41.0,27.25
2017,16,BUF,NE,0,11.0,47.5,18.25
2017,16,CAR,TB,1,10.0,46.5,28.25
2017,16,CHI,CLE,1,5.5,37.0,21.25
2017,16,CIN,DET,1,-3.0,43.5,20.25
2017,16,CLE,CHI,0,5.5,37.0,15.75
2017,16,DAL,SEA,1,4.5,47.0,25.75
2017,16,DEN,WAS,0,3.0,39.5,18.25
2017,16,DET,CIN,0,-3.0,43.5,23.25
2017,16,GB,MIN,1,-8.5,41.0,16.25
2017,16,HOU,PIT,1,-8.0,45.5,18.75
2017,16,IND,BAL,0,13.5,41.0,13.75
2017,16,JAX,SF,0,-4.0,43.0,23.5
2017,16,KC,MIA,1,11.0,43.5,27.25
2017,16,LA,TEN,0,-5.5,46.0,25.75
2017,16,LAC,NYJ,0,-7.5,42.5,25.0
2017,16,MIA,KC,0,11.0,43.5,16.25
2017,16,MIN,GB,0,-8.5,41.0,24.75
2017,16,NE,BUF,1,11.0,47.5,29.25
2017,16,NO,ATL,1,5.5,52.0,28.75
2017,16,NYG,ARI,0,3.0,39.0,18.0
2017,16,NYJ,LAC,1,-7.5,42.5,17.5
2017,16,OAK,PHI,0,10.0,46.0,18.0
2017,16,PHI,OAK,1,10.0,46.0,28.0
2017,16,PIT,HOU,0,-8.0,45.5,26.75
2017,16,SEA,DAL,0,4.5,47.0,21.25
2017,16,SF,JAX,1,-4.0,43.0,19.5
2017,16,TB,CAR,0,10.0,46.5,18.25
2017,16,TEN,LA,1,-5.5,46.0,20.25
2017,16,WAS,DEN,1,3.0,39.5,21.25
2017,17,ARI,SEA,0,8.0,38.0,15.0
2017,17,ATL,CAR,1,5.0,44.5,24.75
2017,17,BAL,CIN,1,8.0,40.0,24.0
2017,17,BUF,MIA,0,-2.5,41.5,22.0
2017,17,CAR,ATL,0,5.0,44.5,19.75
2017,17,CHI,MIN,0,13.5,38.0,12.25
2017,17,CIN,BAL,0,8.0,40.0,16.0
2017,17,CLE,PIT,0,5.0,38.5,16.75
2017,17,DAL,PHI,0,-3.5,41.0,22.25
2017,17,DEN,KC,1,3.0,37.5,20.25
2017,17,DET,GB,1,7.5,45.0,26.25
2017,17,GB,DET,0,7.5,45.0,18.75
2017,17,HOU,IND,0,5.5,42.0,18.25
2017,17,IND,HOU,1,5.5,42.0,23.75
2017,17,JAX,TEN,0,2.5,40.0,18.75
2017,17,KC,DEN,0,3.0,37.5,17.25
2017,17,LA,SF,1,-6.5,44.5,19.0
2017,17,LAC,OAK,1,7.0,43.0,25.0
2017,17,MIA,BUF,1,-2.5,41.5,19.5
2017,17,MIN,CHI,1,13.5,38.0,25.75
2017,17,NE,NYJ,1,17.0,43.5,30.25
2017,17,NO,TB,0,-6.0,49.0,27.5
2017,17,NYG,WAS,1,-5.0,41.0,18.0
2017,17,NYJ,NE,0,17.0,43.5,13.25
2017,17,OAK,LAC,0,7.0,43.0,18.0
2017,17,PHI,DAL,1,-3.5,41.0,18.75
2017,17,PIT,CLE,1,5.0,38.5,21.75
2017,17,SEA,ARI,1,8.0,38.0,23.0
2017,17,SF,LA,0,-6.5,44.5,25.5
2017,17,TB,NO,1,-6.0,49.0,21.5
2017,17,TEN,JAX,1,2.5,40.0,21.25
2017,17,WAS,NYG,0,-5.0,41.0,23.0
2017,18,ATL,LA,0,6.5,48.0,20.75
2017,18,BUF,JAX,0,8.5,39.5,15.5
2017,18,CAR,NO,0,6.5,47.5,20.5
2017,18,JAX,BUF,1,8.5,39.5,24.0
2017,18,KC,TEN,1,8.5,44.0,26.25
2017,18,LA,ATL,1,6.5,48.0,27.25
2017,18,NO,CAR,1,6.5,47.5,27.0
2017,18,TEN,KC,0,8.5,44.0,17.75
2017,19,ATL,PHI,0,-2.5,40.0,21.25
2017,19,JAX,PIT,0,7.0,40.5,16.75
2017,19,MIN,NO,1,5.5,47.0,26.25
2017,19,NE,TEN,1,13.5,48.0,30.75
2017,19,NO,MIN,0,5.5,47.0,20.75
2017,19,PHI,ATL,1,-2.5,40.0,18.75
2017,19,PIT,JAX,1,7.0,40.5,23.75
2017,19,TEN,NE,0,13.5,48.0,17.25
2017,20,JAX,NE,0,7.5,46.0,19.25
2017,20,MIN,PHI,0,-3.0,39.0,21.0
2017,20,NE,JAX,1,7.5,46.0,26.75
2017,20,PHI,MIN,1,-3.0,39.0,18.0
2017,21,NE,PHI,1,4.5,48.5,26.5
2017,21,PHI,NE,0,4.5,48.5,22.0
2018,1,ARI,WAS,1,2.0,43.5,22.75
2018,1,ATL,PHI,0,1.0,44.5,21.75
2018,1,BAL,BUF,1,7.5,39.0,23.25
2018,1,BUF,BAL,0,7.5,39.0,15.75
2018,1,CAR,DAL,1,2.5,42.5,22.5
2018,1,CHI,GB,0,6.5,45.0,19.25
2018,1,CIN,IND,0,-1.0,47.5,24.25
2018,1,CLE,PIT,1,-3.5,41.0,18.75
2018,1,DAL,CAR,0,2.5,42.5,20.0
2018,1,DEN,SEA,1,3.0,42.5,22.75
2018,1,DET,NYJ,1,7.0,44.0,25.5
2018,1,GB,CHI,1,6.5,45.0,25.75
2018,1,HOU,NE,0,6.0,49.5,21.75
2018,1,IND,CIN,1,-1.0,47.5,23.25
2018,1,JAX,NYG,0,-2.5,43.0,22.75
2018,1,KC,LAC,0,3.5,48.0,22.25
2018,1,LA,OAK,0,-6.0,47.5,26.75
2018,1,LAC,KC,1,3.5,48.0,25.75
2018,1,MIA,TEN,1,-1.0,43.5,21.25
2018,1,MIN,SF,1,6.0,46.5,26.25
2018,1,NE,HOU,1,6.0,49.5,27.75
2018,1,NO,TB,1,10.0,50.0,30.0
2018,1,NYG,JAX,1,-2.5,43.0,20.25
2018,1,NYJ,DET,0,7.0,44.0,18.5
2018,1,OAK,LA,1,-6.0,47.5,20.75
2018,1,PHI,ATL,1,1.0,44.5,22.75
2018,1,PIT,CLE,0,-3.5,41.0,22.25
2018,1,SEA,DEN,0,3.0,42.5,19.75
2018,1,SF,MIN,0,6.0,46.5,20.25
2018,1,TB,NO,0,10.0,50.0,20.0
2018,1,TEN,MIA,0,-1.0,43.5,22.25
2018,1,WAS,ARI,0,2.0,43.5,20.75
2018,2,ARI,LA,0,13.5,43.5,15.0
2018,2,ATL,CAR,1,5.5,44.0,24.75
2018,2,BAL,CIN,0,1.0,43.0,21.0
2018,2,BUF,LAC,1,-7.5,41.5,17.0
2018,2,CAR,ATL,0,5.5,44.0,19.25
2018,2,CHI,SEA,1,5.0,42.5,23.75
2018,2,CIN,BAL,1,1.0,43.0,22.0
2018,2,CLE,NO,0,10.0,51.0,20.5
2018,2,DAL,NYG,1,3.0,42.0,22.5
2018,2,DEN,OAK,1,5.5,44.5,25.0
2018,2,DET,SF,0,6.0,48.5,21.25
2018,2,GB,MIN,1,-2.0,45.0,21.5
2018,2,HOU,TEN,0,-3.5,41.0,22.25
2018,2,IND,WAS,0,6.0,48.0,21.0
2018,2,JAX,NE,1,-2.0,44.5,21.25
2018,2,KC,PIT,0,4.5,52.0,23.75
2018,2,LA,ARI,1,13.5,43.5,28.5
2018,2,LAC,BUF,0,-7.5,41.5,24.5
2018,2,MIA,NYJ,0,3.0,43.0,20.0
2018,2,MIN,GB,0,-2.0,45.0,23.5
2018,2,NE,JAX,0,-2.0,44.5,23.25
2018,2,NO,CLE,1,10.0,51.0,30.5
2018,2,NYG,DAL,0,3.0,42.0,19.5
2018,2,NYJ,MIA,1,3.0,43.0,23.0
2018,2,OAK,DEN,0,5.5,44.5,19.5
2018,2,PHI,TB,0,-3.0,46.5,24.75
2018,2,PIT,KC,1,4.5,52.0,28.25
2018,2,SEA,CHI,0,5.0,42.5,18.75
2018,2,SF,DET,1,6.0,48.5,27.25
2018,2,TB,PHI,1,-3.0,46.5,21.75
2018,2,TEN,HOU,1,-3.5,41.0,18.75
2018,2,WAS,IND,1,6.0,48.0,27.0
2018,3,ARI,CHI,1,-6.0,39.0,16.5
2018,3,ATL,NO,1,1.5,54.0,27.75
2018,3,BAL,DEN,1,5.5,46.0,25.75
2018,3,BUF,MIN,0,16.5,41.0,12.25
2018,3,CAR,CIN,1,2.5,44.0,23.25
2018,3,CHI,ARI,0,-6.0,39.0,22.5
2018,3,CIN,CAR,0,2.5,44.0,20.75
2018,3,CLE,NYJ,1,3.0,41.0,22.0
2018,3,DAL,SEA,0,1.0,40.0,19.5
2018,3,DEN,BAL,0,5.5,46.0,20.25
2018,3,DET,NE,1,-7.0,55.5,24.25
2018,3,GB,WAS,0,-2.5,46.5,24.5
2018,3,HOU,NYG,1,6.5,44.0,25.25
2018,3,IND,PHI,0,6.5,45.5,19.5
2018,3,JAX,TEN,1,10.0,39.0,24.5
2018,3,KC,SF,1,6.0,53.0,29.5
2018,3,LA,LAC,1,7.5,49.0,28.25
2018,3,LAC,LA,0,7.5,49.0,20.75
2018,3,MIA,OAK,1,3.0,46.0,24.5
2018,3,MIN,BUF,1,16.5,41.0,28.75
2018,3,NE,DET,0,-7.0,55.5,31.25
2018,3,NO,ATL,0,1.5,54.0,26.25
2018,3,NYG,HOU,0,6.5,44.0,18.75
2018,3,NYJ,CLE,0,3.0,41.0,19.0
2018,3,OAK,MIA,0,3.0,46.0,21.5
2018,3,PHI,IND,1,6.5,45.5,26.0
2018,3,PIT,TB,0,1.0,55.0,27.0
2018,3,SEA,DAL,1,1.0,40.0,20.5
2018,3,SF,KC,0,6.0,53.0,23.5
2018,3,TB,PIT,1,1.0,55.0,28.0
2018,3,TEN,JAX,0,10.0,39.0,14.5
2018,3,WAS,GB,1,-2.5,46.5,22.0
2018,4,ARI,SEA,1,-3.5,40.0,18.25
2018,4,ATL,CIN,1,3.5,52.0,27.75
2018,4,BAL,PIT,0,3.0,51.0,24.0
2018,4,BUF,GB,0,8.5,44.0,17.75
2018,4,CHI,TB,1,3.0,46.0,24.5
2018,4,CIN,ATL,0,3.5,52.0,24.25
2018,4,CLE,OAK,0,2.5,44.5,21.0
2018,4,DAL,DET,1,2.5,44.0,23.25
2018,4,DEN,KC,1,-3.5,53.5,25.0
2018,4,DET,DAL,0,2.5,44.0,20.75
2018,4,GB,BUF,1,8.5,44.0,26.25
2018,4,HOU,IND,0,-1.0,48.0,24.5
2018,4,IND,HOU,1,-1.0,48.0,23.5
2018,4,JAX,NYJ,1,7.5,40.5,24.0
2018,4,KC,DEN,0,-3.5,53.5,28.5
2018,4,LA,MIN,1,7.5,48.5,28.0
2018,4,LAC,SF,1,10.0,46.0,28.0
2018,4,MIA,NE,0,6.5,50.5,22.0
2018,4,MIN,LA,0,7.5,48.5,20.5
2018,4,NE,MIA,1,6.5,50.5,28.5
2018,4,NO,NYG,0,-3.5,51.5,27.5
2018,4,NYG,NO,1,-3.5,51.5,24.0
2018,4,NYJ,JAX,0,7.5,40.5,16.5
2018,4,OAK,CLE,1,2.5,44.5,23.5
2018,4,PHI,TEN,0,-3.0,41.5,22.25
2018,4,PIT,BAL,1,3.0,51.0,27.0
2018,4,SEA,ARI,0,-3.5,40.0,21.75
2018,4,SF,LAC,0,10.0,46.0,18.0
2018,4,TB,CHI,0,3.0,46.0,21.5
2018,4,TEN,PHI,1,-3.0,41.5,19.25
2018,5,ARI,SF,0,3.0,40.5,18.75
2018,5,ATL,PIT,0,3.5,57.0,26.75
2018,5,BAL,CLE,0,-3.0,44.5,23.75
2018,5,BUF,TEN,1,-6.0,38.0,16.0
2018,5,CAR,NYG,1,7.0,43.5,25.25
2018,5,CIN,MIA,1,6.0,47.5,26.75
2018,5,CLE,BAL,1,-3.0,44.5,20.75
2018,5,DAL,HOU,0,3.5,45.0,20.75
2018,5,DEN,NYJ,0,-1.0,42.0,21.5
2018,5,DET,GB,1,1.0,50.0,25.5
2018,5,GB,DET,0,1.0,50.0,24.5
2018,5,HOU,DAL,1,3.5,45.0,24.25
2018,5,IND,NE,0,10.5,49.5,19.5
2018,5,JAX,KC,0,3.0,48.0,22.5
2018,5,KC,JAX,1,3.0,48.0,25.5
2018,5,LA,SEA,0,-7.5,50.5,29.0
2018,5,LAC,OAK,1,5.5,52.0,28.75
2018,5,MIA,CIN,0,6.0,47.5,20.75
2018,5,MIN,PHI,0,3.5,48.0,22.25
2018,5,NE,IND,1,10.5,49.5,30.0
2018,5,NO,WAS,1,5.5,51.5,28.5
2018,5,NYG,CAR,0,7.0,43.5,18.25
2018,5,NYJ,DEN,1,-1.0,42.0,20.5
2018,5,OAK,LAC,0,5.5,52.0,23.25
2018,5,PHI,MIN,1,3.5,48.0,25.75
2018,5,PIT,ATL,1,3.5,57.0,30.25
2018,5,SEA,LA,1,-7.5,50.5,21.5
2018,5,SF,ARI,1,3.0,40.5,21.75
2018,5,TEN,BUF,0,-6.0,38.0,22.0
2018,5,WAS,NO,0,5.5,51.5,23.0
2018,6,ARI,MIN,0,10.0,43.5,16.75
2018,6,ATL,TB,1,3.0,57.5,30.25
2018,6,BAL,TEN,0,-2.5,43.5,23.0
2018,6,BUF,HOU,0,10.5,40.5,15.0
2018,6,CAR,WAS,0,-1.0,44.5,22.75
2018,6,CHI,MIA,0,-7.5,40.5,24.0
2018,6,CIN,PIT,1,1.0,49.5,25.25
2018,6,CLE,LAC,1,1.0,47.0,24.0
2018,6,DAL,JAX,1,-3.0,39.5,18.25
2018,6,DEN,LA,1,-7.0,50.0,21.5
2018,6,GB,SF,1,9.0,46.5,27.75
2018,6,HOU,BUF,1,10.5,40.5,25.5
2018,6,IND,NYJ,0,2.5,47.5,22.5
2018,6,JAX,DAL,0,-3.0,39.5,21.25
2018,6,KC,NE,0,4.0,59.5,27.75
2018,6,LA,DEN,0,-7.0,50.0,28.5
2018,6,LAC,CLE,0,1.0,47.0,23.0
2018,6,MIA,CHI,1,-7.5,40.5,16.5
2018,6,MIN,ARI,1,10.0,43.5,26.75
2018,6,NE,KC,1,4.0,59.5,31.75
2018,6,NYG,PHI,1,-1.5,45.5,22.0
2018,6,NYJ,IND,1,2.5,47.5,25.0
2018,6,OAK,SEA,1,-3.0,47.5,22.25
2018,6,PHI,NYG,0,-1.5,45.5,23.5
2018,6,PIT,CIN,0,1.0,49.5,24.25
2018,6,SEA,OAK,0,-3.0,47.5,25.25
2018,6,SF,GB,0,9.0,46.5,18.75
2018,6,TB,ATL,0,3.0,57.5,27.25
2018,6,TEN,BAL,1,-2.5,43.5,20.5
2018,6,WAS,CAR,1,-1.0,44.5,21.75
2018,7,ARI,DEN,1,-1.0,42.5,20.75
2018,7,ATL,NYG,1,4.5,52.0,28.25
2018,7,BAL,NO,1,2.5,49.0,25.75
2018,7,BUF,IND,0,7.0,43.5,18.25
2018,7,CAR,PHI,0,5.0,45.0,20.0
2018,7,CHI,NE,1,-1.0,49.0,24.0
2018,7,CIN,KC,0,6.5,56.0,24.75
2018,7,CLE,TB,0,3.5,52.5,24.5
2018,7,DAL,WAS,0,-1.5,40.5,21.0
2018,7,DEN,ARI,0,-1.0,42.5,21.75
2018,7,DET,MIA,0,-3.0,47.0,25.0
2018,7,HOU,JAX,0,4.0,43.0,19.5
2018,7,IND,BUF,1,7.0,43.5,25.25
2018,7,JAX,HOU,1,4.0,43.0,23.5
2018,7,KC,CIN,1,6.5,56.0,31.25
2018,7,LA,SF,0,-8.0,52.0,30.0
2018,7,LAC,TEN,1,6.5,46.0,26.25
2018,7,MIA,DET,1,-3.0,47.0,22.0
2018,7,MIN,NYJ,0,-3.5,45.0,24.25
2018,7,NE,CHI,0,-1.0,49.0,25.0
2018,7,NO,BAL,0,2.5,49.0,23.25
2018,7,NYG,ATL,0,4.5,52.0,23.75
2018,7,NYJ,MIN,1,-3.5,45.0,20.75
2018,7,PHI,CAR,1,5.0,45.0,25.0
2018,7,SF,LA,1,-8.0,52.0,22.0
2018,7,TB,CLE,1,3.5,52.5,28.0
2018,7,TEN,LAC,0,6.5,46.0,19.75
2018,7,WAS,DAL,1,-1.5,40.5,19.5
2018,8,ARI,SF,1,-2.5,40.0,18.75
2018,8,BAL,CAR,0,-2.5,44.0,23.25
2018,8,BUF,NE,1,-13.5,44.0,15.25
2018,8,CAR,BAL,1,-2.5,44.0,20.75
2018,8,CHI,NYJ,1,8.5,42.5,25.5
2018,8,CIN,TB,1,3.5,55.0,29.25
2018,8,CLE,PIT,0,8.5,47.5,19.5
2018,8,DEN,KC,0,8.5,53.0,22.25
2018,8,DET,SEA,1,3.0,47.5,25.25
2018,8,GB,LA,0,7.5,57.0,24.75
2018,8,HOU,MIA,1,7.5,45.0,26.25
2018,8,IND,OAK,0,-3.5,51.0,27.25
2018,8,JAX,PHI,1,-4.0,44.5,20.25
2018,8,KC,DEN,1,8.5,53.0,30.75
2018,8,LA,GB,1,7.5,57.0,32.25
2018,8,MIA,HOU,0,7.5,45.0,18.75
2018,8,MIN,NO,1,-2.5,53.5,25.5
2018,8,NE,BUF,0,-13.5,44.0,28.75
2018,8,NO,MIN,0,-2.5,53.5,28.0
2018,8,NYG,WAS,1,-1.0,43.0,21.0
2018,8,NYJ,CHI,0,8.5,42.5,17.0
2018,8,OAK,IND,1,-3.5,51.0,23.75
2018,8,PHI,JAX,0,-4.0,44.5,24.25
2018,8,PIT,CLE,1,8.5,47.5,28.0
2018,8,SEA,DET,0,3.0,47.5,22.25
2018,8,SF,ARI,0,-2.5,40.0,21.25
2018,8,TB,CIN,0,3.5,55.0,25.75
2018,8,WAS,NYG,0,-1.0,43.0,22.0
2018,9,ATL,WAS,0,1.5,46.5,22.5
2018,9,BAL,PIT,1,1.5,47.0,24.25
2018,9,BUF,CHI,1,-10.5,38.0,13.75
2018,9,CAR,TB,1,6.0,55.5,30.75
2018,9,CHI,BUF,0,-10.5,38.0,24.25
2018,9,CLE,KC,1,-7.5,51.0,21.75
2018,9,DAL,TEN,1,4.5,40.0,22.25
2018,9,DEN,HOU,1,1.0,46.5,23.75
2018,9,DET,MIN,0,4.5,47.0,21.25
2018,9,GB,NE,0,5.0,56.0,25.5
2018,9,HOU,DEN,0,1.0,46.5,22.75
2018,9,KC,CLE,0,-7.5,51.0,29.25
2018,9,LA,NO,0,-2.5,57.5,30.0
2018,9,LAC,SEA,0,1.0,48.5,23.75
2018,9,MIA,NYJ,1,3.0,43.5,23.25
2018,9,MIN,DET,1,4.5,47.0,25.75
2018,9,NE,GB,1,5.0,56.0,30.5
2018,9,NO,LA,1,-2.5,57.5,27.5
2018,9,NYJ,MIA,0,3.0,43.5,20.25
2018,9,OAK,SF,0,-1.5,44.0,22.75
2018,9,PIT,BAL,0,1.5,47.0,22.75
2018,9,SEA,LAC,1,1.0,48.5,24.75
2018,9,SF,OAK,1,-1.5,44.0,21.25
2018,9,TB,CAR,0,6.0,55.5,24.75
2018,9,TEN,DAL,0,4.5,40.0,17.75
2018,9,WAS,ATL,1,1.5,46.5,24.0
2018,10,ARI,KC,0,16.5,49.5,16.5
2018,10,ATL,CLE,0,-5.5,49.5,27.5
2018,10,BUF,NYJ,0,6.5,38.0,15.75
2018,10,CAR,PIT,0,3.5,51.0,23.75
2018,10,CHI,DET,1,7.5,44.5,26.0
2018,10,CIN,NO,1,-5.5,53.0,23.75
2018,10,CLE,ATL,1,-5.5,49.5,22.0
2018,10,DAL,PHI,0,7.5,45.5,19.0
2018,10,DET,CHI,0,7.5,44.5,18.5
2018,10,GB,MIA,1,13.0,48.5,30.75
2018,10,IND,JAX,1,3.0,48.0,25.5
2018,10,JAX,IND,0,3.0,48.0,22.5
2018,10,KC,ARI,1,16.5,49.5,33.0
2018,10,LA,SEA,1,10.0,51.0,30.5
2018,10,LAC,OAK,0,-10.5,50.0,30.25
2018,10,MIA,GB,0,13.0,48.5,17.75
2018,10,NE,TEN,0,-6.0,47.0,26.5
2018,10,NO,CIN,0,-5.5,53.0,29.25
2018,10,NYG,SF,0,3.0,45.0,21.0
2018,10,NYJ,BUF,1,6.5,38.0,22.25
2018,10,OAK,LAC,1,-10.5,50.0,19.75
2018,10,PHI,DAL,1,7.5,45.5,26.5
2018,10,PIT,CAR,1,3.5,51.0,27.25
2018,10,SEA,LA,0,10.0,51.0,20.5
2018,10,SF,NYG,1,3.0,45.0,24.0
2018,10,TB,WAS,1,3.5,51.0,27.25
2018,10,TEN,NE,1,-6.0,47.0,20.5
2018,10,WAS,TB,0,3.5,51.0,23.75
2018,11,ARI,OAK,1,4.5,41.0,22.75
2018,11,ATL,DAL,1,3.5,50.0,26.75
2018,11,BAL,CIN,1,6.5,44.0,25.25
2018,11,CAR,DET,0,-4.0,48.0,26.0
2018,11,CHI,MIN,1,2.5,44.0,23.25
2018,11,CIN,BAL,0,6.5,44.0,18.75
2018,11,DAL,ATL,0,3.5,50.0,23.25
2018,11,DEN,LAC,0,7.5,47.0,19.75
2018,11,DET,CAR,1,-4.0,48.0,22.0
2018,11,GB,SEA,0,3.0,49.0,23.0
2018,11,HOU,WAS,0,-3.0,40.5,21.75
2018,11,IND,TEN,1,2.0,50.0,26.0
2018,11,JAX,PIT,1,-4.0,47.0,21.5
2018,11,KC,LA,0,3.0,63.5,30.25
2018,11,LA,KC,1,3.0,63.5,33.25
2018,11,LAC,DEN,1,7.5,47.0,27.25
2018,11,MIN,CHI,0,2.5,44.0,20.75
2018,11,NO,PHI,1,7.0,56.5,31.75
2018,11,NYG,TB,1,3.0,54.5,28.75
2018,11,OAK,ARI,0,4.5,41.0,18.25
2018,11,PHI,NO,0,7.0,56.5,24.75
2018,11,PIT,JAX,0,-4.0,47.0,25.5
2018,11,SEA,GB,1,3.0,49.0,26.0
2018,11,TB,NYG,0,3.0,54.5,25.75
2018,11,TEN,IND,0,2.0,50.0,24.0
2018,11,WAS,HOU,1,-3.0,40.5,18.75
2018,12,ARI,LAC,0,14.0,43.5,14.75
2018,12,ATL,NO,0,11.5,61.0,24.75
2018,12,BAL,OAK,1,13.0,42.0,27.5
2018,12,BUF,JAX,1,-3.0,36.5,16.75
2018,12,CAR,SEA,1,3.0,46.5,24.75
2018,12,CHI,DET,0,-3.0,43.0,23.0
2018,12,CIN,CLE,1,-1.0,46.5,22.75
2018,12,CLE,CIN,0,-1.0,46.5,23.75
2018,12,DAL,WAS,1,7.0,40.0,23.5
2018,12,DEN,PIT,1,-3.0,47.5,22.25
2018,12,DET,CHI,1,-3.0,43.0,20.0
2018,12,GB,MIN,0,4.0,48.5,22.25
2018,12,HOU,TEN,1,3.5,42.5,23.0
2018,12,IND,MIA,1,9.0,52.5,30.75
2018,12,JAX,BUF,0,-3.0,36.5,19.75
2018,12,LAC,ARI,1,14.0,43.5,28.75
2018,12,MIA,IND,0,9.0,52.5,21.75
2018,12,MIN,GB,1,4.0,48.5,26.25
2018,12,NE,NYJ,0,-13.0,46.5,29.75
2018,12,NO,ATL,1,11.5,61.0,36.25
2018,12,NYG,PHI,0,4.5,49.0,22.25
2018,12,NYJ,NE,1,-13.0,46.5,16.75
2018,12,OAK,BAL,0,13.0,42.0,14.5
2018,12,PHI,NYG,1,4.5,49.0,26.75
2018,12,PIT,DEN,0,-3.0,47.5,25.25
2018,12,SEA,CAR,0,3.0,46.5,21.75
2018,12,SF,TB,0,1.5,54.5,26.5
2018,12,TB,SF,1,1.5,54.5,28.0
2018,12,TEN,HOU,0,3.5,42.5,19.5
2018,12,WAS,DAL,0,7.0,40.0,16.5
2018,13,ARI,GB,0,13.5,41.0,13.75
2018,13,ATL,BAL,1,2.5,46.5,24.5
2018,13,BAL,ATL,0,2.5,46.5,22.0
2018,13,BUF,MIA,0,3.5,40.0,18.25
2018,13,CAR,TB,0,-3.5,52.0,27.75
2018,13,CHI,NYG,0,-3.5,44.0,23.75
2018,13,CIN,DEN,1,-3.5,45.0,20.75
2018,13,CLE,HOU,0,5.0,47.5,21.25
2018,13,DAL,NO,1,-7.0,51.5,22.25
2018,13,DEN,CIN,0,-3.5,45.0,24.25
2018,13,DET,LA,1,-10.5,54.0,21.75
2018,13,GB,ARI,1,13.5,41.0,27.25
2018,13,HOU,CLE,1,5.0,47.5,26.25
2018,13,IND,JAX,0,-4.0,45.5,24.75
2018,13,JAX,IND,1,-4.0,45.5,20.75
2018,13,KC,OAK,0,-14.0,53.5,33.75
2018,13,LA,DET,0,-10.5,54.0,32.25
2018,13,LAC,PIT,0,3.5,53.5,25.0
2018,13,MIA,BUF,1,3.5,40.0,21.75
2018,13,MIN,NE,0,6.0,50.0,22.0
2018,13,NE,MIN,1,6.0,50.0,28.0
2018,13,NO,DAL,0,-7.0,51.5,29.25
2018,13,NYG,CHI,1,-3.5,44.0,20.25
2018,13,NYJ,TEN,0,10.5,40.5,15.0
2018,13,OAK,KC,1,-14.0,53.5,19.75
2018,13,PHI,WAS,1,5.5,45.0,25.25
2018,13,PIT,LAC,1,3.5,53.5,28.5
2018,13,SEA,SF,1,10.0,45.5,27.75
2018,13,SF,SEA,0,10.0,45.5,17.75
2018,13,TB,CAR,1,-3.5,52.0,24.25
2018,13,TEN,NYJ,1,10.5,40.5,25.5
2018,13,WAS,PHI,0,5.5,45.0,19.75
2018,14,ARI,DET,1,-2.5,40.0,18.75
2018,14,ATL,GB,0,4.0,51.0,23.5
2018,14,BAL,KC,0,6.5,49.0,21.25
2018,14,BUF,NYJ,1,4.5,37.0,20.75
2018,14,CAR,CLE,0,-1.0,48.0,24.5
2018,14,CHI,LA,1,-3.0,50.5,23.75
2018,14,CIN,LAC,0,17.0,48.5,15.75
2018,14,CLE,CAR,1,-1.0,48.0,23.5
2018,14,DAL,PHI,1,3.5,46.0,24.75
2018,14,DEN,SF,0,-3.0,45.5,24.25
2018,14,DET,ARI,0,-2.5,40.0,21.25
2018,14,GB,ATL,1,4.0,51.0,27.5
2018,14,HOU,IND,1,4.0,49.5,26.75
2018,14,IND,HOU,0,4.0,49.5,22.75
2018,14,JAX,TEN,0,5.5,36.5,15.5
2018,14,KC,BAL,1,6.5,49.0,27.75
2018,14,LA,CHI,0,-3.0,50.5,26.75
2018,14,LAC,CIN,1,17.0,48.5,32.75
2018,14,MIA,NE,1,-8.5,49.5,20.5
2018,14,MIN,SEA,0,3.0,45.5,21.25
2018,14,NE,MIA,0,-8.5,49.5,29.0
2018,14,NO,TB,0,-8.5,55.0,31.75
2018,14,NYG,WAS,0,-3.0,40.5,21.75
2018,14,NYJ,BUF,0,4.5,37.0,16.25
2018,14,OAK,PIT,1,-10.5,51.0,20.25
2018,14,PHI,DAL,0,3.5,46.0,21.25
2018,14,PIT,OAK,0,-10.5,51.0,30.75
2018,14,SEA,MIN,1,3.0,45.5,24.25
2018,14,SF,DEN,1,-3.0,45.5,21.25
2018,14,TB,NO,1,-8.5,55.0,23.25
2018,14,TEN,JAX,1,5.5,36.5,21.0
2018,14,WAS,NYG,1,-3.0,40.5,18.75
2018,15,ARI,ATL,0,10.0,43.5,16.75
2018,15,ATL,ARI,1,10.0,43.5,26.75
2018,15,BAL,TB,1,8.5,44.5,26.5
2018,15,BUF,DET,1,2.5,40.0,21.25
2018,15,CAR,NO,1,-6.0,50.5,22.25
2018,15,CHI,GB,1,6.0,46.5,26.25
2018,15,CIN,OAK,1,3.0,46.0,24.5
2018,15,CLE,DEN,0,1.0,47.0,23.0
2018,15,DAL,IND,0,3.0,47.0,22.0
2018,15,DEN,CLE,1,1.0,47.0,24.0
2018,15,DET,BUF,0,2.5,40.0,18.75
2018,15,GB,CHI,0,6.0,46.5,20.25
2018,15,HOU,NYJ,0,-7.0,44.0,25.5
2018,15,IND,DAL,1,3.0,47.0,25.0
2018,15,JAX,WAS,1,7.5,36.0,21.75
2018,15,KC,LAC,1,3.5,54.0,28.75
2018,15,LA,PHI,1,13.5,52.5,33.0
2018,15,LAC,KC,0,3.5,54.0,25.25
2018,15,MIA,MIN,0,7.5,45.0,18.75
2018,15,MIN,MIA,1,7.5,45.0,26.25
2018,15,NE,PIT,0,-2.5,55.0,28.75
2018,15,NO,CAR,0,-6.0,50.5,28.25
2018,15,NYG,TEN,1,-2.5,42.0,19.75
2018,15,NYJ,HOU,1,-7.0,44.0,18.5
2018,15,OAK,CIN,0,3.0,46.0,21.5
2018,15,PHI,LA,0,13.5,52.5,19.5
2018,15,PIT,NE,1,-2.5,55.0,26.25
2018,15,SEA,SF,0,-3.5,44.0,23.75
2018,15,SF,SEA,1,-3.5,44.0,20.25
2018,15,TB,BAL,0,8.5,44.5,18.0
2018,15,TEN,NYG,0,-2.5,42.0,22.25
2018,15,WAS,JAX,0,7.5,36.0,14.25
2018,16,ARI,LA,1,-14.5,43.0,14.25
2018,16,ATL,CAR,0,-2.5,46.5,24.5
2018,16,BAL,LAC,0,4.0,42.5,19.25
2018,16,BUF,NE,0,14.0,46.0,16.0
2018,16,CAR,ATL,1,-2.5,46.5,22.0
2018,16,CHI,SF,0,-3.5,44.0,23.75
2018,16,CIN,CLE,0,10.0,44.0,17.0
2018,16,CLE,CIN,1,10.0,44.0,27.0
2018,16,DAL,TB,1,7.0,48.0,27.5
2018,16,DEN,OAK,0,-2.5,42.5,22.5
2018,16,DET,MIN,1,-6.5,41.5,17.5
2018,16,GB,NYJ,0,-3.0,47.5,25.25
2018,16,HOU,PHI,0,1.0,47.0,23.0
2018,16,IND,NYG,1,10.0,48.5,29.25
2018,16,JAX,MIA,0,3.0,39.5,18.25
2018,16,KC,SEA,0,-1.0,54.0,27.5
2018,16,LA,ARI,0,-14.5,43.0,28.75
2018,16,LAC,BAL,1,4.0,42.5,23.25
2018,16,MIA,JAX,1,3.0,39.5,21.25
2018,16,MIN,DET,0,-6.5,41.5,24.0
2018,16,NE,BUF,1,14.0,46.0,30.0
2018,16,NO,PIT,1,6.5,53.0,29.75
2018,16,NYG,IND,0,10.0,48.5,19.25
2018,16,NYJ,GB,1,-3.0,47.5,22.25
2018,16,OAK,DEN,1,-2.5,42.5,20.0
2018,16,PHI,HOU,1,1.0,47.0,24.0
2018,16,PIT,NO,0,6.5,53.0,23.25
2018,16,SEA,KC,1,-1.0,54.0,26.5
2018,16,SF,CHI,1,-3.5,44.0,20.25
2018,16,TB,DAL,0,7.0,48.0,20.5
2018,16,TEN,WAS,1,12.5,38.0,25.25
2018,16,WAS,TEN,0,12.5,38.0,12.75
2018,17,ARI,SEA,0,15.5,39.5,12.0
2018,17,ATL,TB,0,-2.5,52.0,27.25
2018,17,BAL,CLE,1,7.0,41.0,24.0
2018,17,BUF,MIA,1,5.5,39.5,22.5
2018,17,CAR,NO,0,8.0,42.0,17.0
2018,17,CHI,MIN,0,6.0,39.5,16.75
2018,17,CIN,PIT,0,14.0,45.5,15.75
2018,17,CLE,BAL,0,7.0,41.0,17.0
2018,17,DAL,NYG,0,7.5,38.5,15.5
2018,17,DEN,LAC,1,-7.0,43.5,18.25
2018,17,DET,GB,0,7.5,44.5,18.5
2018,17,GB,DET,1,7.5,44.5,26.0
2018,17,HOU,JAX,1,7.0,39.5,23.25
2018,17,IND,TEN,0,-5.0,42.5,23.75
2018,17,JAX,HOU,0,7.0,39.5,16.25
2018,17,KC,OAK,1,14.5,54.0,34.25
2018,17,LA,SF,1,10.5,50.5,30.5
2018,17,LAC,DEN,0,-7.0,43.5,25.25
2018,17,MIA,BUF,0,5.5,39.5,17.0
2018,17,MIN,CHI,1,6.0,39.5,22.75
2018,17,NE,NYJ,1,14.0,47.0,30.5
2018,17,NO,CAR,1,8.0,42.0,25.0
2018,17,NYG,DAL,1,7.5,38.5,23.0
2018,17,NYJ,NE,0,14.0,47.0,16.5
2018,17,OAK,KC,0,14.5,54.0,19.75
2018,17,PHI,WAS,0,-6.0,43.0,24.5
2018,17,PIT,CIN,1,14.0,45.5,29.75
2018,17,SEA,ARI,1,15.5,39.5,27.5
2018,17,SF,LA,0,10.5,50.5,20.0
2018,17,TB,ATL,1,-2.5,52.0,24.75
2018,17,TEN,IND,1,-5.0,42.5,18.75
2018,17,WAS,PHI,1,-6.0,43.0,18.5
2018,18,BAL,LAC,1,3.0,43.0,23.0
2018,18,CHI,PHI,1,6.5,42.5,24.5
2018,18,DAL,SEA,1,2.5,43.0,22.75
2018,18,HOU,IND,1,2.0,48.5,25.25
2018,18,IND,HOU,0,2.0,48.5,23.25
2018,18,LAC,BAL,0,3.0,43.0,20.0
2018,18,PHI,CHI,0,6.5,42.5,18.0
2018,18,SEA,DAL,0,2.5,43.0,20.25
2018,19,DAL,LA,0,7.5,48.0,20.25
2018,19,IND,KC,0,4.0,54.5,25.25
2018,19,KC,IND,1,4.0,54.5,29.25
2018,19,LA,DAL,1,7.5,48.0,27.75
2018,19,LAC,NE,0,4.0,47.5,21.75
2018,19,NE,LAC,1,4.0,47.5,25.75
2018,19,NO,PHI,1,8.5,52.0,30.25
2018,19,PHI,NO,0,8.5,52.0,21.75
2018,20,KC,NE,1,3.0,56.5,29.75
2018,20,LA,NO,0,3.0,55.0,26.0
2018,20,NE,KC,0,3.0,56.5,26.75
2018,20,NO,LA,1,3.0,55.0,29.0
2018,21,LA,NE,1,-2.0,55.5,26.75
2018,21,NE,LA,0,-2.0,55.5,28.75
2019,1,ARI,DET,1,-2.5,45.5,21.5
2019,1,ATL,MIN,0,3.5,47.0,21.75
2019,1,BAL,MIA,0,-7.0,41.0,24.0
2019,1,BUF,NYJ,0,2.5,41.0,19.25
2019,1,CAR,LA,1,-1.5,49.5,24.0
2019,1,CHI,GB,1,3.5,47.0,25.25
2019,1,CIN,SEA,0,9.5,44.0,17.25
2019,1,CLE,TEN,1,5.5,44.0,24.75
2019,1,DAL,NYG,1,7.0,44.0,25.5
2019,1,DEN,OAK,0,-3.0,42.5,22.75
2019,1,DET,ARI,0,-2.5,45.5,24.0
2019,1,GB,CHI,0,3.5,47.0,21.75
2019,1,HOU,NO,0,6.5,52.0,22.75
2019,1,IND,LAC,0,6.0,44.5,19.25
2019,1,JAX,KC,1,-3.5,49.0,22.75
2019,1,KC,JAX,0,-3.5,49.0,26.25
2019,1,LA,CAR,0,-1.5,49.5,25.5
2019,1,LAC,IND,1,6.0,44.5,25.25
2019,1,MIA,BAL,1,-7.0,41.0,17.0
2019,1,MIN,ATL,1,3.5,47.0,25.25
2019,1,NE,PIT,1,5.5,49.0,27.25
2019,1,NO,HOU,1,6.5,52.0,29.25
2019,1,NYG,DAL,0,7.0,44.0,18.5
2019,1,NYJ,BUF,1,2.5,41.0,21.75
2019,1,OAK,DEN,1,-3.0,42.5,19.75
2019,1,PHI,WAS,1,10.5,44.0,27.25
2019,1,PIT,NE,0,5.5,49.0,21.75
2019,1,SEA,CIN,1,9.5,44.0,26.75
2019,1,SF,TB,0,1.0,51.0,25.0
2019,1,TB,SF,1,1.0,51.0,26.0
2019,1,TEN,CLE,0,5.5,44.0,19.25
2019,1,WAS,PHI,0,10.5,44.0,16.75
2019,2,ARI,BAL,0,13.0,46.0,16.5
2019,2,ATL,PHI,1,-1.0,53.0,26.0
2019,2,BAL,ARI,1,13.0,46.0,29.5
2019,2,BUF,NYG,0,-1.0,44.5,22.75
2019,2,CAR,TB,1,6.5,48.0,27.25
2019,2,CHI,DEN,0,-3.0,41.0,22.0
2019,2,CIN,SF,1,1.0,46.0,23.5
2019,2,CLE,NYJ,0,-6.5,45.5,26.0
2019,2,DAL,WAS,0,-6.0,46.5,26.25
2019,2,DEN,CHI,1,-3.0,41.0,19.0
2019,2,DET,LAC,1,-1.0,47.0,23.0
2019,2,GB,MIN,1,3.0,43.0,23.0
2019,2,HOU,JAX,1,7.5,43.0,25.25
2019,2,IND,TEN,0,3.0,43.5,20.25
2019,2,JAX,HOU,0,7.5,43.0,17.75
2019,2,KC,OAK,0,-7.0,53.5,30.25
2019,2,LA,NO,1,2.0,52.5,27.25
2019,2,LAC,DET,0,-1.0,47.0,24.0
2019,2,MIA,NE,1,-18.0,48.5,15.25
2019,2,MIN,GB,0,3.0,43.0,20.0
2019,2,NE,MIA,0,-18.0,48.5,33.25
2019,2,NO,LA,0,2.0,52.5,25.25
2019,2,NYG,BUF,1,-1.0,44.5,21.75
2019,2,NYJ,CLE,1,-6.5,45.5,19.5
2019,2,OAK,KC,1,-7.0,53.5,23.25
2019,2,PHI,ATL,0,-1.0,53.0,27.0
2019,2,PIT,SEA,1,4.0,47.0,25.5
2019,2,SEA,PIT,0,4.0,47.0,21.5
2019,2,SF,CIN,0,1.0,46.0,22.5
2019,2,TB,CAR,0,6.5,48.0,20.75
2019,2,TEN,IND,1,3.0,43.5,23.25
2019,2,WAS,DAL,1,-6.0,46.5,20.25
2019,3,ARI,CAR,1,2.5,46.0,24.25
2019,3,ATL,IND,0,1.0,48.0,23.5
2019,3,BAL,KC,0,4.5,52.0,23.75
2019,3,BUF,CIN,1,5.5,43.5,24.5
2019,3,CAR,ARI,0,2.5,46.0,21.75
2019,3,CHI,WAS,0,-5.0,41.0,23.0
2019,3,CIN,BUF,0,5.5,43.5,19.0
2019,3,CLE,LA,1,-4.0,48.0,22.0
2019,3,DAL,MIA,1,22.0,46.5,34.25
2019,3,DEN,GB,0,7.0,42.0,17.5
2019,3,DET,PHI,0,4.0,45.0,20.5
2019,3,GB,DEN,1,7.0,42.0,24.5
2019,3,HOU,LAC,0,3.0,49.0,23.0
2019,3,IND,ATL,1,1.0,48.0,24.5
2019,3,JAX,TEN,1,-1.5,38.0,18.25
2019,3,KC,BAL,1,4.5,52.0,28.25
2019,3,LA,CLE,0,-4.0,48.0,26.0
2019,3,LAC,HOU,1,3.0,49.0,26.0
2019,3,MIA,DAL,0,22.0,46.5,12.25
2019,3,MIN,OAK,1,8.5,43.0,25.75
2019,3,NE,NYJ,1,20.5,43.0,31.75
2019,3,NO,SEA,0,5.0,44.0,19.5
2019,3,NYG,TB,0,5.0,48.0,21.5
2019,3,NYJ,NE,0,20.5,43.0,11.25
2019,3,OAK,MIN,0,8.5,43.0,17.25
2019,3,PHI,DET,1,4.0,45.0,24.5
2019,3,PIT,SF,0,6.0,44.5,19.25
2019,3,SEA,NO,1,5.0,44.0,24.5
2019,3,SF,PIT,1,6.0,44.5,25.25
2019,3,TB,NYG,1,5.0,48.0,26.5
2019,3,TEN,JAX,0,-1.5,38.0,19.75
2019,3,WAS,CHI,1,-5.0,41.0,18.0
2019,4,ARI,SEA,1,-5.5,49.0,21.75
2019,4,ATL,TEN,1,3.5,46.0,24.75
2019,4,BAL,CLE,1,7.5,47.0,27.25
2019,4,BUF,NE,1,-7.0,41.5,17.25
2019,4,CAR,HOU,0,5.5,47.5,21.0
2019,4,CHI,MIN,1,-1.0,38.0,18.5
2019,4,CIN,PIT,0,3.5,45.5,21.0
2019,4,CLE,BAL,0,7.5,47.0,19.75
2019,4,DAL,NO,0,-2.5,47.0,24.75
2019,4,DEN,JAX,1,2.5,37.0,19.75
2019,4,DET,KC,1,-7.5,54.5,23.5
2019,4,GB,PHI,1,3.5,46.0,24.75
2019,4,HOU,CAR,1,5.5,47.5,26.5
2019,4,IND,OAK,1,5.5,46.0,25.75
2019,4,JAX,DEN,0,2.5,37.0,17.25
2019,4,KC,DET,0,-7.5,54.5,31.0
2019,4,LA,TB,1,9.0,48.5,28.75
2019,4,LAC,MIA,0,-15.0,43.5,29.25
2019,4,MIA,LAC,1,-15.0,43.5,14.25
2019,4,MIN,CHI,0,-1.0,38.0,19.5
2019,4,NE,BUF,0,-7.0,41.5,24.25
2019,4,NO,DAL,1,-2.5,47.0,22.25
2019,4,NYG,WAS,1,3.0,48.0,25.5
2019,4,OAK,IND,0,5.5,46.0,20.25
2019,4,PHI,GB,0,3.5,46.0,21.25
2019,4,PIT,CIN,1,3.5,45.5,24.5
2019,4,SEA,ARI,0,-5.5,49.0,27.25
2019,4,TB,LA,0,9.0,48.5,19.75
2019,4,TEN,ATL,0,3.5,46.0,21.25
2019,4,WAS,NYG,0,3.0,48.0,22.5
2019,5,ARI,CIN,0,3.0,45.0,21.0
2019,5,ATL,HOU,0,4.0,49.0,22.5
2019,5,BAL,PIT,0,-3.5,44.0,23.75
2019,5,BUF,TEN,0,3.5,39.5,18.0
2019,5,CAR,JAX,1,3.0,41.0,22.0
2019,5,CHI,OAK,0,-6.5,39.5,23.0
2019,5,CIN,ARI,1,3.0,45.0,24.0
2019,5,CLE,SF,0,5.0,47.5,21.25
2019,5,DAL,GB,1,3.5,46.5,25.0
2019,5,DEN,LAC,0,4.0,46.0,21.0
2019,5,GB,DAL,0,3.5,46.5,21.5
2019,5,HOU,ATL,1,4.0,49.0,26.5
2019,5,IND,KC,0,10.5,55.5,22.5
2019,5,JAX,CAR,0,3.0,41.0,19.0
2019,5,KC,IND,1,10.5,55.5,33.0
2019,5,LA,SEA,0,1.5,49.0,23.75
2019,5,LAC,DEN,1,4.0,46.0,25.0
2019,5,MIN,NYG,0,-5.5,44.0,24.75
2019,5,NE,WAS,0,-15.5,42.0,28.75
2019,5,NO,TB,1,3.0,46.0,24.5
2019,5,NYG,MIN,1,-5.5,44.0,19.25
2019,5,NYJ,PHI,0,14.0,43.0,14.5
2019,5,OAK,CHI,1,-6.5,39.5,16.5
2019,5,PHI,NYJ,1,14.0,43.0,28.5
2019,5,PIT,BAL,1,-3.5,44.0,20.25
2019,5,SEA,LA,1,1.5,49.0,25.25
2019,5,SF,CLE,1,5.0,47.5,26.25
2019,5,TB,NO,0,3.0,46.0,21.5
2019,5,TEN,BUF,1,3.5,39.5,21.5
2019,5,WAS,NE,1,-15.5,42.0,13.25
2019,6,ARI,ATL,1,-3.0,52.5,24.75
2019,6,ATL,ARI,0,-3.0,52.5,27.75
2019,6,BAL,CIN,1,10.5,47.0,28.75
2019,6,CAR,TB,0,-2.0,48.5,25.25
2019,6,CIN,BAL,0,10.5,47.0,18.25
2019,6,CLE,SEA,1,1.0,45.5,23.25
2019,6,DAL,NYJ,0,-7.0,43.5,25.25
2019,6,DEN,TEN,1,1.0,41.0,21.0
2019,6,DET,GB,0,3.5,47.0,21.75
2019,6,GB,DET,1,3.5,47.0,25.25
2019,6,HOU,KC,0,3.5,54.5,25.5
2019,6,JAX,NO,1,2.5,42.5,22.5
2019,6,KC,HOU,1,3.5,54.5,29.0
2019,6,LA,SF,1,3.0,49.5,26.25
2019,6,LAC,PIT,1,6.0,42.5,24.25
2019,6,MIA,WAS,1,-6.0,42.0,18.0
2019,6,MIN,PHI,1,3.5,44.0,23.75
2019,6,NE,NYG,1,16.5,43.0,29.75
2019,6,NO,JAX,0,2.5,42.5,20.0
2019,6,NYG,NE,0,16.5,43.0,13.25
2019,6,NYJ,DAL,1,-7.0,43.5,18.25
2019,6,PHI,MIN,0,3.5,44.0,20.25
2019,6,PIT,LAC,0,6.0,42.5,18.25
2019,6,SEA,CLE,0,1.0,45.5,22.25
2019,6,SF,LA,0,3.0,49.5,23.25
2019,6,TB,CAR,1,-2.0,48.5,23.25
2019,6,TEN,DEN,0,1.0,41.0,20.0
2019,6,WAS,MIA,0,-6.0,42.0,24.0
2019,7,ARI,NYG,0,3.5,49.5,23.0
2019,7,ATL,LA,1,-3.0,54.5,25.75
2019,7,BAL,SEA,0,3.0,49.0,23.0
2019,7,BUF,MIA,1,17.0,42.5,29.75
2019,7,CHI,NO,1,4.0,37.0,20.5
2019,7,CIN,JAX,1,-4.0,44.5,20.25
2019,7,DAL,PHI,1,3.0,50.0,26.5
2019,7,DEN,KC,1,-3.0,49.5,23.25
2019,7,DET,MIN,1,-2.5,43.5,20.5
2019,7,GB,OAK,1,5.5,48.0,26.75
2019,7,HOU,IND,0,1.5,46.5,22.5
2019,7,IND,HOU,1,1.5,46.5,24.0
2019,7,JAX,CIN,0,-4.0,44.5,24.25
2019,7,KC,DEN,0,-3.0,49.5,26.25
2019,7,LA,ATL,0,-3.0,54.5,28.75
2019,7,LAC,TEN,0,3.0,42.5,19.75
2019,7,MIA,BUF,0,17.0,42.5,12.75
2019,7,MIN,DET,0,-2.5,43.5,23.0
2019,7,NE,NYJ,0,-9.5,43.0,26.25
2019,7,NO,CHI,0,4.0,37.0,16.5
2019,7,NYG,ARI,1,3.5,49.5,26.5
2019,7,NYJ,NE,1,-9.5,43.0,16.75
2019,7,OAK,GB,0,5.5,48.0,21.25
2019,7,PHI,DAL,0,3.0,50.0,23.5
2019,7,SEA,BAL,1,3.0,49.0,26.0
2019,7,SF,WAS,0,-10.0,39.0,24.5
2019,7,TEN,LAC,1,3.0,42.5,22.75
2019,7,WAS,SF,1,-10.0,39.0,14.5
2019,8,ARI,NO,0,12.5,47.5,17.5
2019,8,ATL,SEA,1,-7.5,48.5,20.5
2019,8,BUF,PHI,1,1.0,39.5,20.25
2019,8,CAR,SF,0,4.5,41.0,18.25
2019,8,CHI,LAC,1,3.5,41.0,22.25
2019,8,CIN,LA,0,12.0,48.5,18.25
2019,8,CLE,NE,0,9.5,43.0,16.75
2019,8,DEN,IND,0,6.0,41.0,17.5
2019,8,DET,NYG,1,6.5,49.0,27.75
2019,8,GB,KC,0,-5.0,48.0,26.5
2019,8,HOU,OAK,1,5.0,52.0,28.5
2019,8,IND,DEN,1,6.0,41.0,23.5
2019,8,JAX,NYJ,1,7.0,39.5,23.25
2019,8,KC,GB,1,-5.0,48.0,21.5
2019,8,LA,CIN,1,12.0,48.5,30.25
2019,8,LAC,CHI,0,3.5,41.0,18.75
2019,8,MIA,PIT,0,14.0,44.0,15.0
2019,8,MIN,WAS,1,16.5,42.0,29.25
2019,8,NE,CLE,1,9.5,43.0,26.25
2019,8,NO,ARI,1,12.5,47.5,30.0
2019,8,NYG,DET,0,6.5,49.0,21.25
2019,8,NYJ,JAX,0,7.0,39.5,16.25
2019,8,OAK,HOU,0,5.0,52.0,23.5
2019,8,PHI,BUF,0,1.0,39.5,19.25
2019,8,PIT,MIA,1,14.0,44.0,29.0
2019,8,SEA,ATL,0,-7.5,48.5,28.0
2019,8,SF,CAR,1,4.5,41.0,22.75
2019,8,TB,TEN,0,2.0,45.5,21.75
2019,8,TEN,TB,1,2.0,45.5,23.75
2019,8,WAS,MIN,0,16.5,42.0,12.75
2019,9,ARI,SF,1,-10.5,43.5,16.5
2019,9,BAL,NE,1,-3.0,44.5,20.75
2019,9,BUF,WAS,1,10.5,37.0,23.75
2019,9,CAR,TEN,1,3.5,43.0,23.25
2019,9,CHI,PHI,0,5.0,41.0,18.0
2019,9,CLE,DEN,0,-4.0,39.0,21.5
2019,9,DAL,NYG,0,-6.5,48.5,27.5
2019,9,DEN,CLE,1,-4.0,39.0,17.5
2019,9,DET,OAK,0,2.5,51.5,24.5
2019,9,GB,LAC,0,-4.0,50.0,27.0
2019,9,HOU,JAX,0,1.0,46.0,22.5
2019,9,IND,PIT,0,1.0,39.5,19.25
2019,9,JAX,HOU,1,1.0,46.0,23.5
2019,9,KC,MIN,1,-5.5,46.0,20.25
2019,9,LAC,GB,1,-4.0,50.0,23.0
2019,9,MIA,NYJ,1,-3.5,42.5,19.5
2019,9,MIN,KC,0,-5.5,46.0,25.75
2019,9,NE,BAL,0,-3.0,44.5,23.75
2019,9,NYG,DAL,1,-6.5,48.5,21.0
2019,9,NYJ,MIA,0,-3.5,42.5,23.0
2019,9,OAK,DET,1,2.5,51.5,27.0
2019,9,PHI,CHI,1,5.0,41.0,23.0
2019,9,PIT,IND,1,1.0,39.5,20.25
2019,9,SEA,TB,1,4.0,51.0,27.5
2019,9,SF,ARI,0,-10.5,43.5,27.0
2019,9,TB,SEA,0,4.0,51.0,23.5
2019,9,TEN,CAR,0,3.5,43.0,19.75
2019,9,WAS,BUF,0,10.5,37.0,13.25
2019,10,ARI,TB,0,5.5,51.0,22.75
2019,10,ATL,NO,0,14.0,51.5,18.75
2019,10,BAL,CIN,0,-10.5,44.0,27.25
2019,10,BUF,CLE,0,3.0,42.0,19.5
2019,10,CAR,GB,0,5.0,49.0,22.0
2019,10,CHI,DET,1,6.0,38.0,22.0
2019,10,CIN,BAL,1,-10.5,44.0,16.75
2019,10,CLE,BUF,1,3.0,42.0,22.5
2019,10,DAL,MIN,1,3.5,48.5,26.0
2019,10,DET,CHI,0,6.0,38.0,16.0
2019,10,GB,CAR,1,5.0,49.0,27.0
2019,10,IND,MIA,1,11.0,44.5,27.75
2019,10,KC,TEN,0,-5.0,49.0,27.0
2019,10,LA,PIT,0,-4.0,43.0,23.5
2019,10,LAC,OAK,0,-1.0,49.0,25.0
2019,10,MIA,IND,0,11.0,44.5,16.75
2019,10,MIN,DAL,0,3.5,48.5,22.5
2019,10,NO,ATL,1,14.0,51.5,32.75
2019,10,NYG,NYJ,0,-3.0,43.0,23.0
2019,10,NYJ,NYG,1,-3.0,43.0,20.0
2019,10,OAK,LAC,1,-1.0,49.0,24.0
2019,10,PIT,LA,1,-4.0,43.0,19.5
2019,10,SEA,SF,0,6.5,47.0,20.25
2019,10,SF,SEA,1,6.5,47.0,26.75
2019,10,TB,ARI,1,5.5,51.0,28.25
2019,10,TEN,KC,1,-5.0,49.0,22.0
2019,11,ARI,SF,0,10.0,44.0,17.0
2019,11,ATL,CAR,0,3.5,49.0,22.75
2019,11,BAL,HOU,1,4.0,51.0,27.5
2019,11,BUF,MIA,0,-7.0,41.5,24.25
2019,11,CAR,ATL,1,3.5,49.0,26.25
2019,11,CHI,LA,0,5.0,40.0,17.5
2019,11,CIN,OAK,0,13.0,48.0,17.5
2019,11,CLE,PIT,1,3.0,41.5,22.25
2019,11,DAL,DET,0,-7.5,46.5,27.0
2019,11,DEN,MIN,0,10.0,40.5,15.25
2019,11,DET,DAL,1,-7.5,46.5,19.5
2019,11,HOU,BAL,0,4.0,51.0,23.5
2019,11,IND,JAX,1,2.5,41.5,22.0
2019,11,JAX,IND,0,2.5,41.5,19.5
2019,11,KC,LAC,0,-5.5,52.5,29.0
2019,11,LA,CHI,1,5.0,40.0,22.5
2019,11,LAC,KC,1,-5.5,52.5,23.5
2019,11,MIA,BUF,1,-7.0,41.5,17.25
2019,11,MIN,DEN,1,10.0,40.5,25.25
2019,11,NE,PHI,0,-4.5,45.0,24.75
2019,11,NO,TB,0,-5.0,50.5,27.75
2019,11,NYJ,WAS,0,1.0,37.5,18.25
2019,11,OAK,CIN,1,13.0,48.0,30.5
2019,11,PHI,NE,1,-4.5,45.0,20.25
2019,11,PIT,CLE,0,3.0,41.5,19.25
2019,11,SF,ARI,1,10.0,44.0,27.0
2019,11,TB,NO,1,-5.0,50.5,22.75
2019,11,WAS,NYJ,1,1.0,37.5,19.25
2019,12,ATL,TB,1,3.5,51.5,27.5
2019,12,BAL,LA,0,-3.5,47.0,25.25
2019,12,BUF,DEN,1,3.5,37.0,20.25
2019,12,CAR,NO,0,10.0,46.0,18.0
2019,12,CHI,NYG,1,6.0,41.0,23.5
2019,12,CIN,PIT,1,-5.5,37.5,16.0
2019,12,CLE,MIA,1,11.0,45.5,28.25
2019,12,DAL,NE,0,5.5,44.5,19.5
2019,12,DEN,BUF,0,3.5,37.0,16.75
2019,12,DET,WAS,0,-4.0,39.0,21.5
2019,12,GB,SF,0,3.0,48.0,22.5
2019,12,HOU,IND,1,3.5,46.0,24.75
2019,12,IND,HOU,0,3.5,46.0,21.25
2019,12,JAX,TEN,0,4.5,42.0,18.75
2019,12,LA,BAL,1,-3.5,47.0,21.75
2019,12,MIA,CLE,0,11.0,45.5,17.25
2019,12,NE,DAL,1,5.5,44.5,25.0
2019,12,NO,CAR,1,10.0,46.0,28.0
2019,12,NYG,CHI,0,6.0,41.0,17.5
2019,12,NYJ,OAK,1,-3.5,45.0,20.75
2019,12,OAK,NYJ,0,-3.5,45.0,24.25
2019,12,PHI,SEA,1,-1.0,45.5,22.25
2019,12,PIT,CIN,0,-5.5,37.5,21.5
2019,12,SEA,PHI,0,-1.0,45.5,23.25
2019,12,SF,GB,1,3.0,48.0,25.5
2019,12,TB,ATL,0,3.5,51.5,24.0
2019,12,TEN,JAX,1,4.5,42.0,23.25
2019,12,WAS,DET,1,-4.0,39.0,17.5
2019,13,ARI,LA,1,-2.5,47.0,22.25
2019,13,ATL,NO,1,-7.0,48.0,20.5
2019,13,BAL,SF,1,5.5,45.0,25.25
2019,13,BUF,DAL,0,6.5,46.5,20.0
2019,13,CAR,WAS,1,10.5,38.5,24.5
2019,13,CHI,DET,0,-5.5,37.5,21.5
2019,13,CIN,NYJ,1,-2.5,43.0,20.25
2019,13,CLE,PIT,0,-1.0,40.0,20.5
2019,13,DAL,BUF,1,6.5,46.5,26.5
2019,13,DEN,LAC,1,-4.5,39.0,17.25
2019,13,DET,CHI,1,-5.5,37.5,16.0
2019,13,GB,NYG,0,-6.5,43.5,25.0
2019,13,HOU,NE,1,-3.5,47.0,21.75
2019,13,IND,TEN,1,-1.0,41.5,20.25
2019,13,JAX,TB,1,-3.0,46.5,21.75
2019,13,KC,OAK,1,11.5,49.5,30.5
2019,13,LA,ARI,0,-2.5,47.0,24.75
2019,13,LAC,DEN,0,-4.5,39.0,21.75
2019,13,MIA,PHI,1,-10.5,45.0,17.25
2019,13,MIN,SEA,0,2.5,48.0,22.75
2019,13,NE,HOU,0,-3.5,47.0,25.25
2019,13,NO,ATL,0,-7.0,48.0,27.5
2019,13,NYG,GB,1,-6.5,43.5,18.5
2019,13,NYJ,CIN,0,-2.5,43.0,22.75
2019,13,OAK,KC,0,11.5,49.5,19.0
2019,13,PHI,MIA,0,-10.5,45.0,27.75
2019,13,PIT,CLE,1,-1.0,40.0,19.5
2019,13,SEA,MIN,1,2.5,48.0,25.25
2019,13,SF,BAL,0,5.5,45.0,19.75
2019,13,TB,JAX,0,-3.0,46.5,24.75
2019,13,TEN,IND,0,-1.0,41.5,21.25
2019,13,WAS,CAR,0,10.5,38.5,14.0
2019,14,ARI,PIT,1,-2.5,43.5,20.5
2019,14,ATL,CAR,1,3.5,48.0,25.75
2019,14,BAL,BUF,0,-6.5,44.0,25.25
2019,14,BUF,BAL,1,-6.5,44.0,18.75
2019,14,CAR,ATL,0,3.5,48.0,22.25
2019,14,CHI,DAL,1,-3.0,43.0,20.0
2019,14,CIN,CLE,0,6.5,43.0,18.25
2019,14,CLE,CIN,1,6.5,43.0,24.75
2019,14,DAL,CHI,0,-3.0,43.0,23.0
2019,14,DEN,HOU,0,8.0,42.5,17.25
2019,14,DET,MIN,0,12.0,43.5,15.75
2019,14,GB,WAS,1,13.0,42.5,27.75
2019,14,HOU,DEN,1,8.0,42.5,25.25
2019,14,IND,TB,0,3.0,46.5,21.75
2019,14,JAX,LAC,1,-3.5,42.0,19.25
2019,14,KC,NE,0,3.0,49.5,23.25
2019,14,LA,SEA,1,1.0,47.5,24.25
2019,14,LAC,JAX,0,-3.5,42.0,22.75
2019,14,MIA,NYJ,0,5.0,47.0,21.0
2019,14,MIN,DET,1,12.0,43.5,27.75
2019,14,NE,KC,1,3.0,49.5,26.25
2019,14,NO,SF,1,1.0,45.0,23.0
2019,14,NYG,PHI,0,9.5,45.5,18.0
2019,14,NYJ,MIA,1,5.0,47.0,26.0
2019,14,OAK,TEN,1,-3.0,47.0,22.0
2019,14,PHI,NYG,1,9.5,45.5,27.5
2019,14,PIT,ARI,0,-2.5,43.5,23.0
2019,14,SEA,LA,0,1.0,47.5,23.25
2019,14,SF,NO,0,1.0,45.0,22.0
2019,14,TB,IND,1,3.0,46.5,24.75
2019,14,TEN,OAK,0,-3.0,47.0,25.0
2019,14,WAS,GB,0,13.0,42.5,14.75
2019,15,ARI,CLE,1,-3.0,49.0,23.0
2019,15,ATL,SF,0,10.5,50.0,19.75
2019,15,BAL,NYJ,1,17.0,44.0,30.5
2019,15,BUF,PIT,0,1.0,37.0,18.0
2019,15,CAR,SEA,1,-6.0,48.5,21.25
2019,15,CHI,GB,0,4.0,40.0,18.0
2019,15,CIN,NE,1,-10.5,42.0,15.75
2019,15,CLE,ARI,0,-3.0,49.0,26.0
2019,15,DAL,LA,1,-1.0,48.5,23.75
2019,15,DEN,KC,0,10.0,43.0,16.5
2019,15,DET,TB,1,-5.5,46.0,20.25
2019,15,GB,CHI,1,4.0,40.0,22.0
2019,15,HOU,TEN,0,3.0,50.0,23.5
2019,15,IND,NO,0,8.0,48.5,20.25
2019,15,JAX,OAK,0,7.0,47.0,20.0
2019,15,KC,DEN,1,10.0,43.0,26.5
2019,15,LA,DAL,0,-1.0,48.5,24.75
2019,15,LAC,MIN,1,-1.0,45.0,22.0
2019,15,MIA,NYG,0,3.5,47.0,21.75
2019,15,MIN,LAC,0,-1.0,45.0,23.0
2019,15,NE,CIN,0,-10.5,42.0,26.25
2019,15,NO,IND,1,8.0,48.5,28.25
2019,15,NYG,MIA,1,3.5,47.0,25.25
2019,15,NYJ,BAL,0,17.0,44.0,13.5
2019,15,OAK,JAX,1,7.0,47.0,27.0
2019,15,PHI,WAS,0,-7.0,38.0,22.5
2019,15,PIT,BUF,1,1.0,37.0,19.0
2019,15,SEA,CAR,0,-6.0,48.5,27.25
2019,15,SF,ATL,1,10.5,50.0,30.25
2019,15,TB,DET,0,-5.5,46.0,25.75
2019,15,TEN,HOU,1,3.0,50.0,26.5
2019,15,WAS,PHI,1,-7.0,38.0,15.5
2019,16,ARI,SEA,0,8.0,51.0,21.5
2019,16,ATL,JAX,1,7.5,48.0,27.75
2019,16,BAL,CLE,0,-9.5,48.5,29.0
2019,16,BUF,NE,0,7.0,39.5,16.25
2019,16,CAR,IND,0,7.5,46.0,19.25
2019,16,CHI,KC,1,-6.5,45.5,19.5
2019,16,CIN,MIA,0,-1.5,46.0,23.75
2019,16,CLE,BAL,1,-9.5,48.5,19.5
2019,16,DAL,PHI,0,-2.0,47.0,24.5
2019,16,DEN,DET,1,9.5,40.0,24.75
2019,16,DET,DEN,0,9.5,40.0,15.25
2019,16,GB,MIN,0,4.0,47.0,21.5
2019,16,HOU,TB,0,-3.0,50.0,26.5
2019,16,IND,CAR,1,7.5,46.0,26.75
2019,16,JAX,ATL,0,7.5,48.0,20.25
2019,16,KC,CHI,0,-6.5,45.5,26.0
2019,16,LA,SF,0,7.0,45.5,19.25
2019,16,LAC,OAK,1,7.5,45.0,26.25
2019,16,MIA,CIN,1,-1.5,46.0,22.25
2019,16,MIN,GB,1,4.0,47.0,25.5
2019,16,NE,BUF,1,7.0,39.5,23.25
2019,16,NO,TEN,0,-3.5,49.0,26.25
2019,16,NYG,WAS,0,-1.0,42.0,21.5
2019,16,NYJ,PIT,1,-3.0,36.5,16.75
2019,16,OAK,LAC,0,7.5,45.0,18.75
2019,16,PHI,DAL,1,-2.0,47.0,22.5
2019,16,PIT,NYJ,0,-3.0,36.5,19.75
2019,16,SEA,ARI,1,8.0,51.0,29.5
2019,16,SF,LA,1,7.0,45.5,26.25
2019,16,TB,HOU,1,-3.0,50.0,23.5
2019,16,TEN,NO,1,-3.5,49.0,22.75
2019,16,WAS,NYG,1,-1.0,42.0,20.5
2019,17,ARI,LA,0,7.0,46.0,19.5
2019,17,ATL,TB,0,1.0,48.0,23.5
2019,17,BAL,PIT,1,-2.0,35.0,16.5
2019,17,BUF,NYJ,1,-1.5,37.0,17.75
2019,17,CAR,NO,1,-13.5,45.0,15.75
2019,17,CHI,MIN,0,-5.5,36.5,21.0
2019,17,CIN,CLE,1,-2.5,44.0,20.75
2019,17,CLE,CIN,0,-2.5,44.0,23.25
2019,17,DAL,WAS,1,13.0,47.5,30.25
2019,17,DEN,OAK,1,5.5,41.5,23.5
2019,17,DET,GB,1,-13.5,44.0,15.25
2019,17,GB,DET,0,-13.5,44.0,28.75
2019,17,HOU,TEN,1,-10.0,43.0,16.5
2019,17,IND,JAX,0,-5.0,41.5,23.25
2019,17,JAX,IND,1,-5.0,41.5,18.25
2019,17,KC,LAC,1,10.0,46.0,28.0
2019,17,LA,ARI,1,7.0,46.0,26.5
2019,17,LAC,KC,0,10.0,46.0,18.0
2019,17,MIA,NE,0,17.5,46.0,14.25
2019,17,MIN,CHI,1,-5.5,36.5,15.5
2019,17,NE,MIA,1,17.5,46.0,31.75
2019,17,NO,CAR,0,-13.5,45.0,29.25
2019,17,NYG,PHI,1,-4.0,44.0,20.0
2019,17,NYJ,BUF,0,-1.5,37.0,19.25
2019,17,OAK,DEN,0,5.5,41.5,18.0
2019,17,PHI,NYG,0,-4.0,44.0,24.0
2019,17,PIT,BAL,0,-2.0,35.0,18.5
2019,17,SEA,SF,1,-3.5,47.0,21.75
2019,17,SF,SEA,0,-3.5,47.0,25.25
2019,17,TB,ATL,1,1.0,48.0,24.5
2019,17,TEN,HOU,0,-10.0,43.0,26.5
2019,17,WAS,DAL,0,13.0,47.5,17.25
2019,18,BUF,HOU,0,2.5,43.0,20.25
2019,18,HOU,BUF,1,2.5,43.0,22.75
2019,18,MIN,NO,0,7.5,50.0,21.25
2019,18,NE,TEN,1,4.5,45.0,24.75
2019,18,NO,MIN,1,7.5,50.0,28.75
2019,18,PHI,SEA,1,1.0,44.0,22.5
2019,18,SEA,PHI,0,1.0,44.0,21.5
2019,18,TEN,NE,0,4.5,45.0,20.25
2019,19,BAL,TEN,1,10.0,47.5,28.75
2019,19,GB,SEA,1,4.5,46.0,25.25
2019,19,HOU,KC,0,10.0,50.5,20.25
2019,19,KC,HOU,1,10.0,50.5,30.25
2019,19,MIN,SF,0,7.0,44.5,18.75
2019,19,SEA,GB,0,4.5,46.0,20.75
2019,19,SF,MIN,1,7.0,44.5,25.75
2019,19,TEN,BAL,0,10.0,47.5,18.75
2019,20,GB,SF,0,8.0,46.5,19.25
2019,20,KC,TEN,1,7.5,51.0,29.25
2019,20,SF,GB,1,8.0,46.5,27.25
2019,20,TEN,KC,0,7.5,51.0,21.75
2019,21,KC,SF,1,1.5,52.5,27.0
2019,21,SF,KC,0,1.5,52.5,25.5
2020,1,ARI,SF,0,7.0,48.5,20.75
2020,1,ATL,SEA,1,1.0,49.5,25.25
2020,1,BAL,CLE,1,7.0,47.0,27.0
2020,1,BUF,NYJ,1,6.5,39.5,23.0
2020,1,CAR,LV,1,-3.0,48.0,22.5
2020,1,CHI,DET,0,2.5,42.5,20.0
2020,1,CIN,LAC,1,-2.5,41.5,19.5
2020,1,CLE,BAL,0,7.0,47.0,20.0
2020,1,DAL,LA,0,1.0,52.0,25.5
2020,1,DEN,TEN,1,-3.0,41.0,19.0
2020,1,DET,CHI,1,2.5,42.5,22.5
2020,1,GB,MIN,0,1.0,45.0,22.0
2020,1,HOU,KC,0,9.5,53.5,22.0
2020,1,IND,JAX,0,-7.0,44.0,25.5
2020,1,JAX,IND,1,-7.0,44.0,18.5
2020,1,KC,HOU,1,9.5,53.5,31.5
2020,1,LA,DAL,1,1.0,52.0,26.5
2020,1,LAC,CIN,0,-2.5,41.5,22.0
2020,1,LV,CAR,0,-3.0,48.0,25.5
2020,1,MIA,NE,0,7.5,41.5,17.0
2020,1,MIN,GB,1,1.0,45.0,23.0
2020,1,NE,MIA,1,7.5,41.5,24.5
2020,1,NO,TB,1,4.0,48.5,26.25
2020,1,NYG,PIT,1,-6.0,44.0,19.0
2020,1,NYJ,BUF,0,6.5,39.5,16.5
2020,1,PHI,WAS,0,-5.5,41.5,23.5
2020,1,PIT,NYG,0,-6.0,44.0,25.0
2020,1,SEA,ATL,0,1.0,49.5,24.25
2020,1,SF,ARI,1,7.0,48.5,27.75
2020,1,TB,NO,0,4.0,48.5,22.25
2020,1,TEN,DEN,0,-3.0,41.0,22.0
2020,1,WAS,PHI,1,-5.5,41.5,18.0
2020,2,ARI,WAS,1,7.5,46.5,27.0
2020,2,ATL,DAL,0,3.0,53.0,25.0
2020,2,BAL,HOU,0,-7.5,49.5,28.5
2020,2,BUF,MIA,0,-5.5,42.5,24.0
2020,2,CAR,TB,0,7.5,47.0,19.75
2020,2,CHI,NYG,1,4.5,42.5,23.5
2020,2,CIN,CLE,0,6.0,44.5,19.25
2020,2,CLE,CIN,1,6.0,44.5,25.25
2020,2,DAL,ATL,1,3.0,53.0,28.0
2020,2,DEN,PIT,0,6.0,41.0,17.5
2020,2,DET,GB,0,7.0,51.0,22.0
2020,2,GB,DET,1,7.0,51.0,29.0
2020,2,HOU,BAL,1,-7.5,49.5,21.0
2020,2,IND,MIN,1,3.5,49.0,26.25
2020,2,JAX,TEN,0,7.0,44.5,18.75
2020,2,KC,LAC,0,-8.5,47.0,27.75
2020,2,LA,PHI,0,2.0,46.0,22.0
2020,2,LAC,KC,1,-8.5,47.0,19.25
2020,2,LV,NO,1,-4.0,47.5,21.75
2020,2,MIA,BUF,1,-5.5,42.5,18.5
2020,2,MIN,IND,0,3.5,49.0,22.75
2020,2,NE,SEA,0,4.0,45.0,20.5
2020,2,NO,LV,0,-4.0,47.5,25.75
2020,2,NYG,CHI,0,4.5,42.5,19.0
2020,2,NYJ,SF,1,-7.0,41.5,17.25
2020,2,PHI,LA,1,2.0,46.0,24.0
2020,2,PIT,DEN,1,6.0,41.0,23.5
2020,2,SEA,NE,1,4.0,45.0,24.5
2020,2,SF,NYJ,0,-7.0,41.5,24.25
2020,2,TB,CAR,1,7.5,47.0,27.25
2020,2,TEN,JAX,1,7.0,44.5,25.75
2020,2,WAS,ARI,0,7.5,46.5,19.5
2020,3,ARI,DET,1,4.5,55.5,30.0
2020,3,ATL,CHI,1,2.5,46.0,24.25
2020,3,BAL,KC,1,3.5,55.0,29.25
2020,3,BUF,LA,1,1.5,46.5,24.0
2020,3,CAR,LAC,0,6.0,43.5,18.75
2020,3,CHI,ATL,0,2.5,46.0,21.75
2020,3,CIN,PHI,0,5.5,46.5,20.5
2020,3,CLE,WAS,1,7.5,45.0,26.25
2020,3,DAL,SEA,0,5.5,58.0,26.25
2020,3,DEN,TB,1,-6.0,42.5,18.25
2020,3,DET,ARI,0,4.5,55.5,25.5
2020,3,GB,NO,0,3.5,52.0,24.25
2020,3,HOU,PIT,0,4.0,46.5,21.25
2020,3,IND,NYJ,1,12.5,44.0,28.25
2020,3,JAX,MIA,1,3.0,49.0,26.0
2020,3,KC,BAL,0,3.5,55.0,25.75
2020,3,LA,BUF,0,1.5,46.5,22.5
2020,3,LAC,CAR,1,6.0,43.5,24.75
2020,3,LV,NE,0,7.0,47.0,20.0
2020,3,MIA,JAX,0,3.0,49.0,23.0
2020,3,MIN,TEN,1,-3.0,49.5,23.25
2020,3,NE,LV,1,7.0,47.0,27.0
2020,3,NO,GB,1,3.5,52.0,27.75
2020,3,NYG,SF,1,-3.0,44.0,20.5
2020,3,NYJ,IND,0,12.5,44.0,15.75
2020,3,PHI,CIN,1,5.5,46.5,26.0
2020,3,PIT,HOU,1,4.0,46.5,25.25
2020,3,SEA,DAL,1,5.5,58.0,31.75
2020,3,SF,NYG,0,-3.0,44.0,23.5
2020,3,TB,DEN,0,-6.0,42.5,24.25
2020,3,TEN,MIN,0,-3.0,49.5,26.25
2020,3,WAS,CLE,0,7.5,45.0,18.75
2020,4,ARI,CAR,0,-3.0,52.5,27.75
2020,4,ATL,GB,0,5.0,56.5,25.75
2020,4,BAL,WAS,0,-14.5,45.0,29.75
2020,4,BUF,LV,0,-3.0,53.0,28.0
2020,4,CAR,ARI,1,-3.0,52.5,24.75
2020,4,CHI,IND,1,-3.5,43.5,20.0
2020,4,CIN,JAX,1,1.0,50.0,25.5
2020,4,CLE,DAL,0,3.5,56.5,26.5
2020,4,DAL,CLE,1,3.5,56.5,30.0
2020,4,DEN,NYJ,0,1.0,41.0,20.0
2020,4,DET,NO,1,-3.0,51.5,24.25
2020,4,GB,ATL,1,5.0,56.5,30.75
2020,4,HOU,MIN,1,3.5,52.5,28.0
2020,4,IND,CHI,0,-3.5,43.5,23.5
2020,4,JAX,CIN,0,1.0,50.0,24.5
2020,4,KC,NE,1,7.0,52.5,29.75
2020,4,LA,NYG,1,13.5,49.5,31.5
2020,4,LAC,TB,0,7.5,42.5,17.5
2020,4,LV,BUF,1,-3.0,53.0,25.0
2020,4,MIA,SEA,1,-4.5,55.0,25.25
2020,4,MIN,HOU,0,3.5,52.5,24.5
2020,4,NE,KC,0,7.0,52.5,22.75
2020,4,NO,DET,0,-3.0,51.5,27.25
2020,4,NYG,LA,0,13.5,49.5,18.0
2020,4,NYJ,DEN,1,1.0,41.0,21.0
2020,4,PHI,SF,0,8.5,45.5,18.5
2020,4,SEA,MIA,0,-4.5,55.0,29.75
2020,4,SF,PHI,1,8.5,45.5,27.0
2020,4,TB,LAC,1,7.5,42.5,25.0
2020,4,WAS,BAL,1,-14.5,45.0,15.25
2020,5,ARI,NYJ,0,-7.0,48.5,27.75
2020,5,ATL,CAR,1,2.5,53.5,28.0
2020,5,BAL,CIN,1,12.5,49.0,30.75
2020,5,BUF,TEN,0,-3.0,52.0,27.5
2020,5,CAR,ATL,0,2.5,53.5,25.5
2020,5,CHI,TB,1,-3.5,44.0,20.25
2020,5,CIN,BAL,0,12.5,49.0,18.25
2020,5,CLE,IND,1,1.0,48.5,24.75
2020,5,DAL,NYG,1,7.5,52.0,29.75
2020,5,HOU,JAX,1,6.5,55.0,30.75
2020,5,IND,CLE,0,1.0,48.5,23.75
2020,5,JAX,HOU,0,6.5,55.0,24.25
2020,5,KC,LV,1,11.0,54.5,32.75
2020,5,LA,WAS,0,-7.0,45.0,26.0
2020,5,LAC,NO,0,7.0,49.5,21.25
2020,5,LV,KC,0,11.0,54.5,21.75
2020,5,MIA,SF,0,8.5,50.5,21.0
2020,5,MIN,SEA,0,6.5,54.0,23.75
2020,5,NO,LAC,1,7.0,49.5,28.25
2020,5,NYG,DAL,0,7.5,52.0,22.25
2020,5,NYJ,ARI,1,-7.0,48.5,20.75
2020,5,PHI,PIT,0,7.5,44.0,18.25
2020,5,PIT,PHI,1,7.5,44.0,25.75
2020,5,SEA,MIN,1,6.5,54.0,30.25
2020,5,SF,MIA,1,8.5,50.5,29.5
2020,5,TB,CHI,0,-3.5,44.0,23.75
2020,5,TEN,BUF,1,-3.0,52.0,24.5
2020,5,WAS,LA,1,-7.0,45.0,19.0
2020,6,ARI,DAL,0,1.0,55.5,27.25
2020,6,ATL,MIN,0,3.5,53.0,24.75
2020,6,BAL,PHI,0,-10.5,46.5,28.5
2020,6,BUF,KC,1,-5.5,55.0,24.75
2020,6,CAR,CHI,1,2.0,45.0,23.5
2020,6,CHI,CAR,0,2.0,45.0,21.5
2020,6,CIN,IND,0,7.5,46.0,19.25
2020,6,CLE,PIT,0,3.0,50.0,23.5
2020,6,DAL,ARI,1,1.0,55.5,28.25
2020,6,DEN,NE,0,7.0,43.5,18.25
2020,6,DET,JAX,0,-3.0,52.5,27.75
2020,6,GB,TB,0,-3.0,55.0,29.0
2020,6,HOU,TEN,0,4.0,52.0,24.0
2020,6,IND,CIN,1,7.5,46.0,26.75
2020,6,JAX,DET,1,-3.0,52.5,24.75
2020,6,KC,BUF,0,-5.5,55.0,30.25
2020,6,LA,SF,0,-2.0,51.0,26.5
2020,6,MIA,NYJ,1,9.5,46.0,27.75
2020,6,MIN,ATL,1,3.5,53.0,28.25
2020,6,NE,DEN,1,7.0,43.5,25.25
2020,6,NYG,WAS,1,2.0,42.5,22.25
2020,6,NYJ,MIA,0,9.5,46.0,18.25
2020,6,PHI,BAL,1,-10.5,46.5,18.0
2020,6,PIT,CLE,1,3.0,50.0,26.5
2020,6,SF,LA,1,-2.0,51.0,24.5
2020,6,TB,GB,1,-3.0,55.0,26.0
2020,6,TEN,HOU,1,4.0,52.0,28.0
2020,6,WAS,NYG,0,2.0,42.5,20.25
2020,7,ARI,SEA,1,-3.5,55.5,26.0
2020,7,ATL,DET,1,1.0,54.0,27.5
2020,7,BUF,NYJ,0,-9.5,47.0,28.25
2020,7,CAR,NO,0,7.0,49.5,21.25
2020,7,CHI,LA,0,6.5,44.0,18.75
2020,7,CIN,CLE,1,-4.5,50.0,22.75
2020,7,CLE,CIN,0,-4.5,50.0,27.25
2020,7,DAL,WAS,0,-1.0,44.5,22.75
2020,7,DEN,KC,1,-7.0,46.0,19.5
2020,7,DET,ATL,0,1.0,54.0,26.5
2020,7,GB,HOU,0,-2.5,55.5,29.0
2020,7,HOU,GB,1,-2.5,55.5,26.5
2020,7,JAX,LAC,0,8.0,48.0,20.0
2020,7,KC,DEN,0,-7.0,46.0,26.5
2020,7,LA,CHI,1,6.5,44.0,25.25
2020,7,LAC,JAX,1,8.0,48.0,28.0
2020,7,LV,TB,1,-3.5,51.5,24.0
2020,7,NE,SF,1,3.0,44.0,23.5
2020,7,NO,CAR,1,7.0,49.5,28.25
2020,7,NYG,PHI,0,5.0,44.5,19.75
2020,7,NYJ,BUF,1,-9.5,47.0,18.75
2020,7,PHI,NYG,1,5.0,44.5,24.75
2020,7,PIT,TEN,0,1.0,51.0,25.0
2020,7,SEA,ARI,0,-3.5,55.5,29.5
2020,7,SF,NE,0,3.0,44.0,20.5
2020,7,TB,LV,0,-3.5,51.5,27.5
2020,7,TEN,PIT,1,1.0,51.0,26.0
2020,7,WAS,DAL,1,-1.0,44.5,21.75
2020,8,ATL,CAR,0,1.5,52.0,25.25
2020,8,BAL,PIT,1,4.0,44.0,24.0
2020,8,BUF,NE,1,4.0,41.0,22.5
2020,8,CAR,ATL,1,1.5,52.0,26.75
2020,8,CHI,NO,1,-5.5,41.0,17.75
2020,8,CIN,TEN,1,-7.5,49.5,21.0
2020,8,CLE,LV,1,1.0,48.0,24.5
2020,8,DAL,PHI,0,10.0,43.0,16.5
2020,8,DEN,LAC,1,-3.0,44.5,20.75
2020,8,DET,IND,1,-3.5,49.0,22.75
2020,8,GB,MIN,1,5.5,47.0,26.25
2020,8,IND,DET,0,-3.5,49.0,26.25
2020,8,KC,NYJ,1,20.0,49.0,34.5
2020,8,LA,MIA,0,-3.5,46.5,25.0
2020,8,LAC,DEN,0,-3.0,44.5,23.75
2020,8,LV,CLE,0,1.0,48.0,23.5
2020,8,MIA,LA,1,-3.5,46.5,21.5
2020,8,MIN,GB,0,5.5,47.0,20.75
2020,8,NE,BUF,0,4.0,41.0,18.5
2020,8,NO,CHI,0,-5.5,41.0,23.25
2020,8,NYG,TB,1,-13.0,47.0,17.0
2020,8,NYJ,KC,0,20.0,49.0,14.5
2020,8,PHI,DAL,1,10.0,43.0,26.5
2020,8,PIT,BAL,0,4.0,44.0,20.0
2020,8,SEA,SF,1,1.0,54.5,27.75
2020,8,SF,SEA,0,1.0,54.5,26.75
2020,8,TB,NYG,0,-13.0,47.0,30.0
2020,8,TEN,CIN,0,-7.5,49.5,28.5
2020,9,ARI,MIA,1,6.0,49.0,27.5
2020,9,ATL,DEN,1,4.5,50.0,27.25
2020,9,BAL,IND,0,1.0,48.0,23.5
2020,9,BUF,SEA,1,-3.0,55.0,26.0
2020,9,CAR,KC,0,10.0,51.5,20.75
2020,9,CHI,TEN,0,6.5,46.5,20.0
2020,9,DAL,PIT,1,-14.0,44.0,15.0
2020,9,DEN,ATL,0,4.5,50.0,22.75
2020,9,DET,MIN,0,3.0,51.5,24.25
2020,9,GB,SF,0,-6.0,48.5,27.25
2020,9,HOU,JAX,0,-7.0,49.0,28.0
2020,9,IND,BAL,1,1.0,48.0,24.5
2020,9,JAX,HOU,1,-7.0,49.0,21.0
2020,9,KC,CAR,1,10.0,51.5,30.75
2020,9,LAC,LV,1,-1.0,52.5,25.75
2020,9,LV,LAC,0,-1.0,52.5,26.75
2020,9,MIA,ARI,0,6.0,49.0,21.5
2020,9,MIN,DET,1,3.0,51.5,27.25
2020,9,NE,NYJ,0,-9.5,41.5,25.5
2020,9,NO,TB,0,3.0,51.0,24.0
2020,9,NYG,WAS,0,3.0,43.0,20.0
2020,9,NYJ,NE,1,-9.5,41.5,16.0
2020,9,PIT,DAL,0,-14.0,44.0,29.0
2020,9,SEA,BUF,0,-3.0,55.0,29.0
2020,9,SF,GB,1,-6.0,48.5,21.25
2020,9,TB,NO,1,3.0,51.0,27.0
2020,9,TEN,CHI,1,6.5,46.5,26.5
2020,9,WAS,NYG,1,3.0,43.0,23.0
2020,10,ARI,BUF,1,3.0,55.5,29.25
2020,10,BAL,NE,0,-7.0,44.0,25.5
2020,10,BUF,ARI,0,3.0,55.5,26.25
2020,10,CAR,TB,1,-6.0,49.5,21.75
2020,10,CHI,MIN,1,-3.5,44.0,20.25
2020,10,CIN,PIT,0,6.5,45.5,19.5
2020,10,CLE,HOU,1,4.5,46.0,25.25
2020,10,DEN,LV,0,3.5,50.5,23.5
2020,10,DET,WAS,1,2.5,46.0,24.25
2020,10,GB,JAX,1,13.5,47.0,30.25
2020,10,HOU,CLE,0,4.5,46.0,20.75
2020,10,IND,TEN,0,-1.0,49.0,25.0
2020,10,JAX,GB,0,13.5,47.0,16.75
2020,10,LA,SEA,1,3.0,55.0,29.0
2020,10,LAC,MIA,0,1.0,48.5,23.75
2020,10,LV,DEN,1,3.5,50.5,27.0
2020,10,MIA,LAC,1,1.0,48.5,24.75
2020,10,MIN,CHI,0,-3.5,44.0,23.75
2020,10,NE,BAL,1,-7.0,44.0,18.5
2020,10,NO,SF,1,9.5,49.5,29.5
2020,10,NYG,PHI,1,-4.5,45.0,20.25
2020,10,PHI,NYG,0,-4.5,45.0,24.75
2020,10,PIT,CIN,1,6.5,45.5,26.0
2020,10,SEA,LA,0,3.0,55.0,26.0
2020,10,SF,NO,0,9.5,49.5,20.0
2020,10,TB,CAR,0,-6.0,49.5,27.75
2020,10,TEN,IND,1,-1.0,49.0,24.0
2020,10,WAS,DET,0,2.5,46.0,21.75
2020,11,ARI,SEA,0,3.0,56.5,26.75
2020,11,ATL,NO,0,3.5,49.5,23.0
2020,11,BAL,TEN,1,6.0,50.5,28.25
2020,11,CAR,DET,1,-3.0,47.0,22.0
2020,11,CIN,WAS,0,2.0,48.0,23.0
2020,11,CLE,PHI,1,2.5,45.5,24.0
2020,11,DAL,MIN,0,7.0,50.0,21.5
2020,11,DEN,MIA,1,-4.0,46.0,21.0
2020,11,DET,CAR,0,-3.0,47.0,25.0
2020,11,GB,IND,0,1.5,52.0,25.25
2020,11,HOU,NE,1,-2.5,49.5,23.5
2020,11,IND,GB,1,1.5,52.0,26.75
2020,11,JAX,PIT,1,-11.0,47.0,18.0
2020,11,KC,LV,0,-7.5,56.5,32.0
2020,11,LA,TB,0,4.0,47.5,21.75
2020,11,LAC,NYJ,1,10.0,47.0,28.5
2020,11,LV,KC,1,-7.5,56.5,24.5
2020,11,MIA,DEN,0,-4.0,46.0,25.0
2020,11,MIN,DAL,1,7.0,50.0,28.5
2020,11,NE,HOU,0,-2.5,49.5,26.0
2020,11,NO,ATL,1,3.5,49.5,26.5
2020,11,NYJ,LAC,0,10.0,47.0,18.5
2020,11,PHI,CLE,0,2.5,45.5,21.5
2020,11,PIT,JAX,0,-11.0,47.0,29.0
2020,11,SEA,ARI,1,3.0,56.5,29.75
2020,11,TB,LA,1,4.0,47.5,25.75
2020,11,TEN,BAL,0,6.0,50.5,22.25
2020,11,WAS,CIN,1,2.0,48.0,25.0
2020,12,ARI,NE,0,-1.0,51.0,26.0
2020,12,ATL,LV,1,-3.5,53.0,24.75
2020,12,BAL,PIT,0,10.5,41.5,15.5
2020,12,BUF,LAC,1,4.5,51.0,27.75
2020,12,CAR,MIN,0,3.0,50.0,23.5
2020,12,CHI,GB,0,7.5,44.0,18.25
2020,12,CIN,NYG,1,-6.5,45.0,19.25
2020,12,CLE,JAX,0,-7.5,48.5,28.0
2020,12,DAL,WAS,1,2.5,46.0,24.25
2020,12,DEN,NO,1,-17.0,36.5,9.75
2020,12,DET,HOU,1,-3.0,52.5,24.75
2020,12,GB,CHI,1,7.5,44.0,25.75
2020,12,HOU,DET,0,-3.0,52.5,27.75
2020,12,IND,TEN,1,3.0,51.5,27.25
2020,12,JAX,CLE,1,-7.5,48.5,20.5
2020,12,KC,TB,0,-3.5,56.0,29.75
2020,12,LA,SF,1,5.0,44.5,24.75
2020,12,LAC,BUF,0,4.5,51.0,23.25
2020,12,LV,ATL,0,-3.5,53.0,28.25
2020,12,MIA,NYJ,0,-7.5,46.0,26.75
2020,12,MIN,CAR,1,3.0,50.0,26.5
2020,12,NE,ARI,1,-1.0,51.0,25.0
2020,12,NO,DEN,0,-17.0,36.5,26.75
2020,12,NYG,CIN,0,-6.5,45.0,25.75
2020,12,NYJ,MIA,1,-7.5,46.0,19.25
2020,12,PHI,SEA,1,-6.5,50.0,21.75
2020,12,PIT,BAL,1,10.5,41.5,26.0
2020,12,SEA,PHI,0,-6.5,50.0,28.25
2020,12,SF,LA,0,5.0,44.5,19.75
2020,12,TB,KC,1,-3.5,56.0,26.25
2020,12,TEN,IND,0,3.0,51.5,24.25
2020,12,WAS,DAL,0,2.5,46.0,21.75
2020,13,ARI,LA,1,-2.5,49.0,23.25
2020,13,ATL,NO,1,-2.5,46.0,21.75
2020,13,BAL,DAL,1,8.5,46.0,27.25
2020,13,BUF,SF,0,1.5,48.0,23.25
2020,13,CHI,DET,1,3.0,44.0,23.5
2020,13,CIN,MIA,0,10.5,43.0,16.25
2020,13,CLE,TEN,0,4.0,54.0,25.0
2020,13,DAL,BAL,0,8.5,46.0,18.75
2020,13,DEN,KC,0,13.0,51.0,19.0
2020,13,DET,CHI,0,3.0,44.0,20.5
2020,13,GB,PHI,1,8.0,50.0,29.0
2020,13,HOU,IND,1,-3.5,50.0,23.25
2020,13,IND,HOU,0,-3.5,50.0,26.75
2020,13,JAX,MIN,0,10.5,51.0,20.25
2020,13,KC,DEN,1,13.0,51.0,32.0
2020,13,LA,ARI,0,-2.5,49.0,25.75
2020,13,LAC,NE,1,2.5,47.0,24.75
2020,13,LV,NYJ,0,-7.5,48.0,27.75
2020,13,MIA,CIN,1,10.5,43.0,26.75
2020,13,MIN,JAX,1,10.5,51.0,30.75
2020,13,NE,LAC,0,2.5,47.0,22.25
2020,13,NO,ATL,0,-2.5,46.0,24.25
2020,13,NYG,SEA,0,11.0,48.5,18.75
2020,13,NYJ,LV,1,-7.5,48.0,20.25
2020,13,PHI,GB,0,8.0,50.0,21.0
2020,13,PIT,WAS,1,5.5,43.5,24.5
2020,13,SEA,NYG,1,11.0,48.5,29.75
2020,13,SF,BUF,1,1.5,48.0,24.75
2020,13,TEN,CLE,1,4.0,54.0,29.0
2020,13,WAS,PIT,0,5.5,43.5,19.0
2020,14,ARI,NYG,0,-3.0,47.0,25.0
2020,14,ATL,LAC,0,1.0,49.0,24.0
2020,14,BAL,CLE,0,-3.0,45.5,24.25
2020,14,BUF,PIT,1,2.0,48.5,25.25
2020,14,CAR,DEN,1,4.0,46.0,25.0
2020,14,CHI,HOU,1,-1.0,46.0,22.5
2020,14,CIN,DAL,1,-3.0,44.0,20.5
2020,14,CLE,BAL,1,-3.0,45.5,21.25
2020,14,DAL,CIN,0,-3.0,44.0,23.5
2020,14,DEN,CAR,0,4.0,46.0,21.0
2020,14,DET,GB,1,-9.5,55.5,23.0
2020,14,GB,DET,0,-9.5,55.5,32.5
2020,14,HOU,CHI,0,-1.0,46.0,23.5
2020,14,IND,LV,0,-2.5,51.5,27.0
2020,14,JAX,TEN,1,-7.5,53.0,22.75
2020,14,KC,MIA,0,-7.5,51.5,29.5
2020,14,LA,NE,1,5.0,43.5,24.25
2020,14,LAC,ATL,1,1.0,49.0,25.0
2020,14,LV,IND,1,-2.5,51.5,24.5
2020,14,MIA,KC,1,-7.5,51.5,22.0
2020,14,MIN,TB,0,7.0,52.5,22.75
2020,14,NE,LA,0,5.0,43.5,19.25
2020,14,NO,PHI,0,-7.5,43.0,25.25
2020,14,NYG,ARI,1,-3.0,47.0,22.0
2020,14,NYJ,SEA,0,16.5,49.5,16.5
2020,14,PHI,NO,1,-7.5,43.0,17.75
2020,14,PIT,BUF,0,2.0,48.5,23.25
2020,14,SEA,NYJ,1,16.5,49.5,33.0
2020,14,SF,WAS,1,3.0,43.5,23.25
2020,14,TB,MIN,1,7.0,52.5,29.75
2020,14,TEN,JAX,0,-7.5,53.0,30.25
2020,14,WAS,SF,0,3.0,43.5,20.25
2020,15,ARI,PHI,1,6.5,49.5,28.0
2020,15,ATL,TB,1,-6.0,49.5,21.75
2020,15,BAL,JAX,1,13.0,49.5,31.25
2020,15,BUF,DEN,0,-5.5,49.0,27.25
2020,15,CAR,GB,0,9.5,53.0,21.75
2020,15,CHI,MIN,0,2.5,47.5,22.5
2020,15,CIN,PIT,1,-14.5,40.5,13.0
2020,15,CLE,NYG,0,-6.0,44.5,25.25
2020,15,DAL,SF,1,-4.0,46.0,21.0
2020,15,DEN,BUF,1,-5.5,49.0,21.75
2020,15,DET,TEN,0,9.5,54.5,22.5
2020,15,GB,CAR,1,9.5,53.0,31.25
2020,15,HOU,IND,0,7.5,52.5,22.5
2020,15,IND,HOU,1,7.5,52.5,30.0
2020,15,JAX,BAL,0,13.0,49.5,18.25
2020,15,KC,NO,0,-2.5,53.5,28.0
2020,15,LA,NYJ,1,17.5,44.5,31.0
2020,15,LAC,LV,0,3.5,52.0,24.25
2020,15,LV,LAC,1,3.5,52.0,27.75
2020,15,MIA,NE,1,-1.5,40.0,19.25
2020,15,MIN,CHI,1,2.5,47.5,25.0
2020,15,NE,MIA,0,-1.5,40.0,20.75
2020,15,NO,KC,1,-2.5,53.5,25.5
2020,15,NYG,CLE,1,-6.0,44.5,19.25
2020,15,NYJ,LA,0,17.5,44.5,13.5
2020,15,PHI,ARI,0,6.5,49.5,21.5
2020,15,PIT,CIN,0,-14.5,40.5,27.5
2020,15,SEA,WAS,0,-6.0,44.5,25.25
2020,15,SF,DAL,0,-4.0,46.0,25.0
2020,15,TB,ATL,0,-6.0,49.5,27.75
2020,15,TEN,DET,1,9.5,54.5,32.0
2020,15,WAS,SEA,1,-6.0,44.5,19.25
2020,16,ARI,SF,1,6.0,49.0,27.5
2020,16,ATL,KC,0,11.0,54.0,21.5
2020,16,BAL,NYG,1,10.0,43.5,26.75
2020,16,BUF,NE,0,-7.0,47.0,27.0
2020,16,CAR,WAS,0,-1.0,41.0,21.0
2020,16,CHI,JAX,0,-9.5,47.0,28.25
2020,16,CIN,HOU,0,7.5,46.0,19.25
2020,16,CLE,NYJ,0,-6.5,45.0,25.75
2020,16,DAL,PHI,1,-3.0,50.0,23.5
2020,16,DEN,LAC,0,2.5,47.5,22.5
2020,16,DET,TB,1,-12.0,55.0,21.5
2020,16,GB,TEN,1,3.0,52.5,27.75
2020,16,HOU,CIN,1,7.5,46.0,26.75
2020,16,IND,PIT,0,-1.0,43.0,22.0
2020,16,JAX,CHI,1,-9.5,47.0,18.75
2020,16,KC,ATL,1,11.0,54.0,32.5
2020,16,LA,SEA,0,1.5,48.0,23.25
2020,16,LAC,DEN,1,2.5,47.5,25.0
2020,16,LV,MIA,1,-2.0,50.0,24.0
2020,16,MIA,LV,0,-2.0,50.0,26.0
2020,16,MIN,NO,0,6.5,49.0,21.25
2020,16,NE,BUF,1,-7.0,47.0,20.0
2020,16,NO,MIN,1,6.5,49.0,27.75
2020,16,NYG,BAL,0,10.0,43.5,16.75
2020,16,NYJ,CLE,1,-6.5,45.0,19.25
2020,16,PHI,DAL,0,-3.0,50.0,26.5
2020,16,PIT,IND,1,-1.0,43.0,21.0
2020,16,SEA,LA,1,1.5,48.0,24.75
2020,16,SF,ARI,0,6.0,49.0,21.5
2020,16,TB,DET,0,-12.0,55.0,33.5
2020,16,TEN,GB,0,3.0,52.5,24.75
2020,16,WAS,CAR,1,-1.0,41.0,20.0
2020,17,ARI,LA,0,1.0,42.0,20.5
2020,17,ATL,TB,0,7.5,51.0,21.75
2020,17,BAL,CIN,0,-13.5,46.0,29.75
2020,17,BUF,MIA,1,-3.5,42.5,19.5
2020,17,CAR,NO,1,-6.0,47.0,20.5
2020,17,CHI,GB,1,-4.5,48.5,22.0
2020,17,CIN,BAL,1,-13.5,46.0,16.25
2020,17,CLE,PIT,1,10.5,45.0,27.75
2020,17,DAL,NYG,0,-1.5,44.5,23.0
2020,17,DEN,LV,1,-2.5,50.5,24.0
2020,17,DET,MIN,1,-3.0,54.0,25.5
2020,17,GB,CHI,0,-4.5,48.5,26.5
2020,17,HOU,TEN,1,-7.0,55.5,24.25
2020,17,IND,JAX,1,15.5,48.0,31.75
2020,17,JAX,IND,0,15.5,48.0,16.25
2020,17,KC,LAC,1,-7.0,43.0,18.0
2020,17,LA,ARI,1,1.0,42.0,21.5
2020,17,LAC,KC,0,-7.0,43.0,25.0
2020,17,LV,DEN,0,-2.5,50.5,26.5
2020,17,MIA,BUF,0,-3.5,42.5,23.0
2020,17,MIN,DET,0,-3.0,54.0,28.5
2020,17,NE,NYJ,1,3.0,41.0,22.0
2020,17,NO,CAR,0,-6.0,47.0,26.5
2020,17,NYG,DAL,1,-1.5,44.5,21.5
2020,17,NYJ,NE,0,3.0,41.0,19.0
2020,17,PHI,WAS,1,-6.5,43.5,18.5
2020,17,PIT,CLE,0,10.5,45.0,17.25
2020,17,SEA,SF,0,-7.0,45.0,26.0
2020,17,SF,SEA,1,-7.0,45.0,19.0
2020,17,TB,ATL,1,7.5,51.0,29.25
2020,17,TEN,HOU,0,-7.0,55.5,31.25
2020,17,WAS,PHI,0,-6.5,43.5,25.0
2020,18,BAL,TEN,0,-3.5,53.0,28.25
2020,18,BUF,IND,1,7.0,50.5,28.75
2020,18,CHI,NO,0,11.0,48.0,18.5
2020,18,CLE,PIT,0,5.0,47.5,21.25
2020,18,IND,BUF,0,7.0,50.5,21.75
2020,18,LA,SEA,0,3.0,42.0,19.5
2020,18,NO,CHI,1,11.0,48.0,29.5
2020,18,PIT,CLE,1,5.0,47.5,26.25
2020,18,SEA,LA,1,3.0,42.0,22.5
2020,18,TB,WAS,0,-10.0,45.0,27.5
2020,18,TEN,BAL,1,-3.5,53.0,24.75
2020,18,WAS,TB,1,-10.0,45.0,17.5
2020,19,BAL,BUF,0,2.5,50.0,23.75
2020,19,BUF,BAL,1,2.5,50.0,26.25
2020,19,CLE,KC,0,7.5,55.5,24.0
2020,19,GB,LA,1,7.0,45.0,26.0
2020,19,KC,CLE,1,7.5,55.5,31.5
2020,19,LA,GB,0,7.0,45.0,19.0
2020,19,NO,TB,1,2.5,53.0,27.75
2020,19,TB,NO,0,2.5,53.0,25.25
2020,20,BUF,KC,0,3.0,54.5,25.75
2020,20,GB,TB,1,3.0,53.0,28.0
2020,20,KC,BUF,1,3.0,54.5,28.75
2020,20,TB,GB,0,3.0,53.0,25.0
2020,21,KC,TB,0,-3.0,55.0,29.0
2020,21,TB,KC,1,-3.0,55.0,26.0
2021,1,ARI,TEN,0,2.5,54.0,25.75
2021,1,ATL,PHI,1,3.5,49.0,26.25
2021,1,BAL,LV,0,-3.0,50.5,26.75
2021,1,BUF,PIT,1,6.5,48.0,27.25
2021,1,CAR,NYJ,1,3.5,44.5,24.0
2021,1,CHI,LA,0,9.5,46.0,18.25
2021,1,CIN,MIN,1,-3.0,47.0,22.0
2021,1,CLE,KC,0,5.5,54.5,24.5
2021,1,DAL,TB,0,10.0,52.5,21.25
2021,1,DEN,NYG,0,-3.0,41.5,22.25
2021,1,DET,SF,1,-9.5,46.0,18.25
2021,1,GB,NO,0,-4.0,49.0,26.5
2021,1,HOU,JAX,1,-3.5,45.5,21.0
2021,1,IND,SEA,1,-3.0,49.0,23.0
2021,1,JAX,HOU,0,-3.5,45.5,24.5
2021,1,KC,CLE,1,5.5,54.5,30.0
2021,1,LA,CHI,1,9.5,46.0,27.75
2021,1,LAC,WAS,0,2.5,45.5,21.5
2021,1,LV,BAL,1,-3.0,50.5,23.75
2021,1,MIA,NE,0,3.5,43.5,20.0
2021,1,MIN,CIN,0,-3.0,47.0,25.0
2021,1,NE,MIA,1,3.5,43.5,23.5
2021,1,NO,GB,1,-4.0,49.0,22.5
2021,1,NYG,DEN,1,-3.0,41.5,19.25
2021,1,NYJ,CAR,0,3.5,44.5,20.5
2021,1,PHI,ATL,0,3.5,49.0,22.75
2021,1,PIT,BUF,0,6.5,48.0,20.75
2021,1,SEA,IND,0,-3.0,49.0,26.0
2021,1,SF,DET,0,-9.5,46.0,27.75
2021,1,TB,DAL,1,10.0,52.5,31.25
2021,1,TEN,ARI,1,2.5,54.0,28.25
2021,1,WAS,LAC,1,2.5,45.5,24.0
2021,2,ARI,MIN,1,4.0,51.0,27.5
2021,2,ATL,TB,0,13.5,52.0,19.25
2021,2,BAL,KC,1,-3.5,53.5,25.0
2021,2,BUF,MIA,0,-3.5,48.0,25.75
2021,2,CAR,NO,1,-3.0,45.0,21.0
2021,2,CHI,CIN,1,2.0,44.5,23.25
2021,2,CIN,CHI,0,2.0,44.5,21.25
2021,2,CLE,HOU,1,13.5,48.5,31.0
2021,2,DAL,LAC,0,3.0,55.0,26.0
2021,2,DEN,JAX,0,-6.0,45.0,25.5
2021,2,DET,GB,0,11.5,49.5,19.0
2021,2,GB,DET,1,11.5,49.5,30.5
2021,2,HOU,CLE,0,13.5,48.5,17.5
2021,2,IND,LA,1,-4.0,48.0,22.0
2021,2,JAX,DEN,1,-6.0,45.0,19.5
2021,2,KC,BAL,0,-3.5,53.5,28.5
2021,2,LA,IND,0,-4.0,48.0,26.0
2021,2,LAC,DAL,1,3.0,55.0,29.0
2021,2,LV,PIT,0,5.5,46.5,20.5
2021,2,MIA,BUF,1,-3.5,48.0,22.25
2021,2,MIN,ARI,0,4.0,51.0,23.5
2021,2,NE,NYJ,0,-5.5,43.0,24.25
2021,2,NO,CAR,0,-3.0,45.0,24.0
2021,2,NYG,WAS,0,4.0,42.0,19.0
2021,2,NYJ,NE,1,-5.5,43.0,18.75
2021,2,PHI,SF,1,-3.0,49.0,23.0
2021,2,PIT,LV,1,5.5,46.5,26.0
2021,2,SEA,TEN,1,6.5,53.5,30.0
2021,2,SF,PHI,0,-3.0,49.0,26.0
2021,2,TB,ATL,1,13.5,52.0,32.75
2021,2,TEN,SEA,0,6.5,53.5,23.5
2021,2,WAS,NYG,1,4.0,42.0,23.0
2021,3,ARI,JAX,0,-8.0,51.5,29.75
2021,3,ATL,NYG,0,3.0,48.0,22.5
2021,3,BAL,DET,0,-7.5,51.0,29.25
2021,3,BUF,WAS,1,7.5,45.5,26.5
2021,3,CAR,HOU,0,-8.0,43.0,25.5
2021,3,CHI,CLE,0,7.5,45.0,18.75
2021,3,CIN,PIT,0,2.5,42.5,20.0
2021,3,CLE,CHI,1,7.5,45.0,26.25
2021,3,DAL,PHI,1,3.5,51.5,27.5
2021,3,DEN,NYJ,1,10.5,42.0,26.25
2021,3,DET,BAL,1,-7.5,51.0,21.75
2021,3,GB,SF,0,3.5,50.5,23.5
2021,3,HOU,CAR,1,-8.0,43.0,17.5
2021,3,IND,TEN,0,4.5,47.0,21.25
2021,3,JAX,ARI,1,-8.0,51.5,21.75
2021,3,KC,LAC,1,6.5,55.0,30.75
2021,3,LA,TB,1,-1.0,55.0,27.0
2021,3,LAC,KC,0,6.5,55.0,24.25
2021,3,LV,MIA,1,4.0,45.0,24.5
2021,3,MIA,LV,0,4.0,45.0,20.5
2021,3,MIN,SEA,1,-2.0,53.5,25.75
2021,3,NE,NO,1,3.0,44.0,23.5
2021,3,NO,NE,0,3.0,44.0,20.5
2021,3,NYG,ATL,1,3.0,48.0,25.5
2021,3,NYJ,DEN,0,10.5,42.0,15.75
2021,3,PHI,DAL,0,3.5,51.5,24.0
2021,3,PIT,CIN,1,2.5,42.5,22.5
2021,3,SEA,MIN,0,-2.0,53.5,27.75
2021,3,SF,GB,1,3.5,50.5,27.0
2021,3,TB,LA,0,-1.0,55.0,28.0
2021,3,TEN,IND,1,4.5,47.0,25.75
2021,3,WAS,BUF,0,7.5,45.5,19.0
2021,4,ARI,LA,0,3.5,53.5,25.0
2021,4,ATL,WAS,1,-1.0,47.5,23.25
2021,4,BAL,DEN,0,1.0,44.0,21.5
2021,4,BUF,HOU,1,19.0,47.5,33.25
2021,4,CAR,DAL,0,4.5,51.5,23.5
2021,4,CHI,DET,1,3.0,42.0,22.5
2021,4,CIN,JAX,1,7.5,46.0,26.75
2021,4,CLE,MIN,0,-1.0,52.0,26.5
2021,4,DAL,CAR,1,4.5,51.5,28.0
2021,4,DEN,BAL,1,1.0,44.0,22.5
2021,4,DET,CHI,0,3.0,42.0,19.5
2021,4,GB,PIT,1,6.5,45.0,25.75
2021,4,HOU,BUF,0,19.0,47.5,14.25
2021,4,IND,MIA,0,2.5,41.5,19.5
2021,4,JAX,CIN,0,7.5,46.0,19.25
2021,4,KC,PHI,0,-7.5,53.5,30.5
2021,4,LA,ARI,1,3.5,53.5,28.5
2021,4,LAC,LV,1,3.0,52.0,27.5
2021,4,LV,LAC,0,3.0,52.0,24.5
2021,4,MIA,IND,1,2.5,41.5,22.0
2021,4,MIN,CLE,1,-1.0,52.0,25.5
2021,4,NE,TB,1,-6.0,49.5,21.75
2021,4,NO,NYG,1,7.5,43.0,25.25
2021,4,NYG,NO,0,7.5,43.0,17.75
2021,4,NYJ,TEN,1,-5.5,44.5,19.5
2021,4,PHI,KC,1,-7.5,53.5,23.0
2021,4,PIT,GB,0,6.5,45.0,19.25
2021,4,SEA,SF,0,2.5,52.0,24.75
2021,4,SF,SEA,1,2.5,52.0,27.25
2021,4,TB,NE,0,-6.0,49.5,27.75
2021,4,TEN,NYJ,0,-5.5,44.5,25.0
2021,4,WAS,ATL,0,-1.0,47.5,24.25
2021,5,ARI,SF,1,6.0,48.5,27.25
2021,5,ATL,NYJ,1,3.0,45.5,24.25
2021,5,BAL,IND,1,7.5,46.5,27.0
2021,5,BUF,KC,0,2.5,57.0,27.25
2021,5,CAR,PHI,1,2.5,46.0,24.25
2021,5,CHI,LV,0,5.5,46.0,20.25
2021,5,CIN,GB,1,-2.0,50.0,24.0
2021,5,CLE,LAC,0,2.5,46.5,22.0
2021,5,DAL,NYG,1,7.5,53.0,30.25
2021,5,DEN,PIT,0,-2.0,40.0,21.0
2021,5,DET,MIN,0,10.0,49.5,19.75
2021,5,GB,CIN,0,-2.0,50.0,26.0
2021,5,HOU,NE,1,-8.0,39.5,15.75
2021,5,IND,BAL,0,7.5,46.5,19.5
2021,5,JAX,TEN,1,-4.0,49.0,22.5
2021,5,KC,BUF,1,2.5,57.0,29.75
2021,5,LA,SEA,0,-2.5,53.5,28.0
2021,5,LAC,CLE,1,2.5,46.5,24.5
2021,5,LV,CHI,1,5.5,46.0,25.75
2021,5,MIA,TB,0,11.0,48.0,18.5
2021,5,MIN,DET,1,10.0,49.5,29.75
2021,5,NE,HOU,0,-8.0,39.5,23.75
2021,5,NO,WAS,0,-2.5,43.5,23.0
2021,5,NYG,DAL,0,7.5,53.0,22.75
2021,5,NYJ,ATL,0,3.0,45.5,21.25
2021,5,PHI,CAR,0,2.5,46.0,21.75
2021,5,PIT,DEN,1,-2.0,40.0,19.0
2021,5,SEA,LA,1,-2.5,53.5,25.5
2021,5,SF,ARI,0,6.0,48.5,21.25
2021,5,TB,MIA,1,11.0,48.0,29.5
2021,5,TEN,JAX,0,-4.0,49.0,26.5
2021,5,WAS,NO,1,-2.5,43.5,20.5
2021,6,ARI,CLE,0,3.0,48.0,22.5
2021,6,BAL,LAC,1,3.0,50.5,26.75
2021,6,BUF,TEN,0,-6.0,53.5,29.75
2021,6,CAR,MIN,1,-2.5,45.5,21.5
2021,6,CHI,GB,1,-5.5,44.0,19.25
2021,6,CIN,DET,0,-3.5,46.5,25.0
2021,6,CLE,ARI,1,3.0,48.0,25.5
2021,6,DAL,NE,0,-3.5,50.5,27.0
2021,6,DEN,LV,1,5.0,45.5,25.25
2021,6,DET,CIN,1,-3.5,46.5,21.5
2021,6,GB,CHI,0,-5.5,44.0,24.75
2021,6,HOU,IND,0,10.5,43.5,16.5
2021,6,IND,HOU,1,10.5,43.5,27.0
2021,6,JAX,MIA,1,-2.5,47.5,22.5
2021,6,KC,WAS,0,-6.0,54.0,30.0
2021,6,LA,NYG,0,-7.5,49.5,28.5
2021,6,LAC,BAL,0,3.0,50.5,23.75
2021,6,LV,DEN,0,5.0,45.5,20.25
2021,6,MIA,JAX,0,-2.5,47.5,25.0
2021,6,MIN,CAR,0,-2.5,45.5,24.0
2021,6,NE,DAL,1,-3.5,50.5,23.5
2021,6,NYG,LA,1,-7.5,49.5,21.0
2021,6,PHI,TB,1,-7.0,53.0,23.0
2021,6,PIT,SEA,1,5.5,43.0,24.25
2021,6,SEA,PIT,0,5.5,43.0,18.75
2021,6,TB,PHI,0,-7.0,53.0,30.0
2021,6,TEN,BUF,1,-6.0,53.5,23.75
2021,6,WAS,KC,1,-6.0,54.0,24.0
2021,7,ARI,HOU,1,20.5,47.0,33.75
2021,7,ATL,MIA,0,-1.5,48.5,25.0
2021,7,BAL,CIN,1,6.5,45.5,26.0
2021,7,CAR,NYG,0,-3.0,42.5,22.75
2021,7,CHI,TB,0,12.5,47.0,17.25
2021,7,CIN,BAL,0,6.5,45.5,19.5
2021,7,CLE,DEN,1,2.0,40.5,21.25
2021,7,DEN,CLE,0,2.0,40.5,19.25
2021,7,DET,LA,0,17.0,51.0,17.0
2021,7,GB,WAS,1,8.5,48.0,28.25
2021,7,HOU,ARI,0,20.5,47.0,13.25
2021,7,IND,SF,0,3.5,41.5,19.0
2021,7,KC,TEN,0,-4.0,57.5,30.75
2021,7,LA,DET,1,17.0,51.0,34.0
2021,7,LV,PHI,1,1.0,48.0,24.5
2021,7,MIA,ATL,1,-1.5,48.5,23.5
2021,7,NE,NYJ,1,7.0,43.0,25.0
2021,7,NO,SEA,0,-6.0,42.0,24.0
2021,7,NYG,CAR,1,-3.0,42.5,19.75
2021,7,NYJ,NE,0,7.0,43.0,18.0
2021,7,PHI,LV,0,1.0,48.0,23.5
2021,7,SEA,NO,1,-6.0,42.0,18.0
2021,7,SF,IND,1,3.5,41.5,22.5
2021,7,TB,CHI,1,12.5,47.0,29.75
2021,7,TEN,KC,1,-4.0,57.5,26.75
2021,7,WAS,GB,0,8.5,48.0,19.75
2021,8,ARI,GB,1,6.5,51.0,28.75
2021,8,ATL,CAR,1,2.5,47.0,24.75
2021,8,BUF,MIA,1,15.0,48.5,31.75
2021,8,CAR,ATL,0,2.5,47.0,22.25
2021,8,CHI,SF,1,-4.5,40.0,17.75
2021,8,CIN,NYJ,0,-11.5,43.5,27.5
2021,8,CLE,PIT,1,5.5,43.0,24.25
2021,8,DAL,MIN,0,4.5,49.5,22.5
2021,8,DEN,WAS,1,4.0,45.0,24.5
2021,8,DET,PHI,1,-3.0,48.5,22.75
2021,8,GB,ARI,0,6.5,51.0,22.25
2021,8,HOU,LA,1,-17.0,47.0,15.0
2021,8,IND,TEN,1,3.0,51.0,27.0
2021,8,JAX,SEA,0,4.0,44.0,20.0
2021,8,KC,NYG,1,10.5,53.0,31.75
2021,8,LA,HOU,0,-17.0,47.0,32.0
2021,8,LAC,NE,1,3.5,50.5,27.0
2021,8,MIA,BUF,0,15.0,48.5,16.75
2021,8,MIN,DAL,1,4.5,49.5,27.0
2021,8,NE,LAC,0,3.5,50.5,23.5
2021,8,NO,TB,1,-4.0,48.5,22.25
2021,8,NYG,KC,0,10.5,53.0,21.25
2021,8,NYJ,CIN,1,-11.5,43.5,16.0
2021,8,PHI,DET,0,-3.0,48.5,25.75
2021,8,PIT,CLE,0,5.5,43.0,18.75
2021,8,SEA,JAX,1,4.0,44.0,24.0
2021,8,SF,CHI,0,-4.5,40.0,22.25
2021,8,TB,NO,0,-4.0,48.5,26.25
2021,8,TEN,IND,0,3.0,51.0,24.0
2021,8,WAS,DEN,0,4.0,45.0,20.5
2021,9,ARI,SF,0,5.5,44.5,19.5
2021,9,ATL,NO,0,7.0,43.0,18.0
2021,9,BAL,MIN,1,7.5,51.0,29.25
2021,9,BUF,JAX,0,-14.5,48.0,31.25
2021,9,CAR,NE,1,-3.5,41.5,19.0
2021,9,CHI,PIT,0,7.0,40.0,16.5
2021,9,CIN,CLE,1,2.5,47.5,25.0
2021,9,CLE,CIN,0,2.5,47.5,22.5
2021,9,DAL,DEN,1,10.5,50.0,30.25
2021,9,DEN,DAL,0,10.5,50.0,19.75
2021,9,GB,KC,0,7.0,48.0,20.5
2021,9,HOU,MIA,0,4.0,45.0,20.5
2021,9,IND,NYJ,1,10.5,46.0,28.25
2021,9,JAX,BUF,1,-14.5,48.0,16.75
2021,9,KC,GB,1,7.0,48.0,27.5
2021,9,LA,TEN,1,7.0,53.5,30.25
2021,9,LAC,PHI,0,-1.0,49.5,25.25
2021,9,LV,NYG,0,-3.0,47.0,25.0
2021,9,MIA,HOU,1,4.0,45.0,24.5
2021,9,MIN,BAL,0,7.5,51.0,21.75
2021,9,NE,CAR,0,-3.5,41.5,22.5
2021,9,NO,ATL,1,7.0,43.0,25.0
2021,9,NYG,LV,1,-3.0,47.0,22.0
2021,9,NYJ,IND,0,10.5,46.0,17.75
2021,9,PHI,LAC,1,-1.0,49.5,24.25
2021,9,PIT,CHI,1,7.0,40.0,23.5
2021,9,SF,ARI,1,5.5,44.5,25.0
2021,9,TEN,LA,0,7.0,53.5,23.25
2021,10,ARI,CAR,1,7.0,42.0,24.5
2021,10,ATL,DAL,0,8.0,55.0,23.5
2021,10,BAL,MIA,0,-8.5,46.5,27.5
2021,10,BUF,NYJ,0,-13.0,47.0,30.0
2021,10,CAR,ARI,0,7.0,42.0,17.5
2021,10,CLE,NE,0,2.5,45.5,21.5
2021,10,DAL,ATL,1,8.0,55.0,31.5
2021,10,DEN,PHI,1,1.0,44.5,22.75
2021,10,DET,PIT,0,9.0,43.0,17.0
2021,10,GB,SEA,1,3.0,49.5,26.25
2021,10,IND,JAX,1,10.5,47.5,29.0
2021,10,JAX,IND,0,10.5,47.5,18.5
2021,10,KC,LV,0,-2.5,53.5,28.0
2021,10,LA,SF,0,-3.5,50.0,26.75
2021,10,LAC,MIN,1,3.0,53.5,28.25
2021,10,LV,KC,1,-2.5,53.5,25.5
2021,10,MIA,BAL,1,-8.5,46.5,19.0
2021,10,MIN,LAC,0,3.0,53.5,25.25
2021,10,NE,CLE,1,2.5,45.5,24.0
2021,10,NO,TEN,0,3.0,44.0,20.5
2021,10,NYJ,BUF,1,-13.0,47.0,17.0
2021,10,PHI,DEN,0,1.0,44.5,21.75
2021,10,PIT,DET,1,9.0,43.0,26.0
2021,10,SEA,GB,0,3.0,49.5,23.25
2021,10,SF,LA,1,-3.5,50.0,23.25
2021,10,TB,WAS,0,-10.0,51.0,30.5
2021,10,TEN,NO,1,3.0,44.0,23.5
2021,10,WAS,TB,1,-10.0,51.0,20.5
2021,11,ARI,SEA,0,2.5,46.0,21.75
2021,11,ATL,NE,1,-7.0,47.5,20.25
2021,11,BAL,CHI,0,-5.0,43.0,24.0
2021,11,BUF,IND,1,7.5,49.5,28.5
2021,11,CAR,WAS,1,3.5,43.0,23.25
2021,11,CHI,BAL,1,-5.0,43.0,19.0
2021,11,CIN,LV,0,-1.0,50.5,25.75
2021,11,CLE,DET,1,13.0,42.5,27.75
2021,11,DAL,KC,0,2.5,56.0,26.75
2021,11,DET,CLE,0,13.0,42.5,14.75
2021,11,GB,MIN,0,-1.0,48.0,24.5
2021,11,HOU,TEN,0,10.5,44.5,17.0
2021,11,IND,BUF,0,7.5,49.5,21.0
2021,11,JAX,SF,1,-6.5,45.0,19.25
2021,11,KC,DAL,1,2.5,56.0,29.25
2021,11,LAC,PIT,1,5.5,47.5,26.5
2021,11,LV,CIN,1,-1.0,50.5,24.75
2021,11,MIA,NYJ,0,-3.5,44.5,24.0
2021,11,MIN,GB,1,-1.0,48.0,23.5
2021,11,NE,ATL,0,-7.0,47.5,27.25
2021,11,NO,PHI,0,2.5,42.5,20.0
2021,11,NYG,TB,0,11.5,49.5,19.0
2021,11,NYJ,MIA,1,-3.5,44.5,20.5
2021,11,PHI,NO,1,2.5,42.5,22.5
2021,11,PIT,LAC,0,5.5,47.5,21.0
2021,11,SEA,ARI,1,2.5,46.0,24.25
2021,11,SF,JAX,0,-6.5,45.0,25.75
2021,11,TB,NYG,1,11.5,49.5,30.5
2021,11,TEN,HOU,1,10.5,44.5,27.5
2021,11,WAS,CAR,0,3.5,43.0,19.75
2021,12,ATL,JAX,0,-1.5,46.0,23.75
2021,12,BAL,CLE,1,3.0,47.0,25.0
2021,12,BUF,NO,0,-7.0,45.0,26.0
2021,12,CAR,MIA,0,-1.0,41.0,21.0
2021,12,CHI,DET,0,-2.0,41.5,21.75
2021,12,CIN,PIT,1,3.5,43.5,23.5
2021,12,CLE,BAL,0,3.0,47.0,22.0
2021,12,DAL,LV,1,7.0,51.0,29.0
2021,12,DEN,LAC,1,-2.5,47.5,22.5
2021,12,DET,CHI,1,-2.0,41.5,19.75
2021,12,GB,LA,1,-2.0,47.0,22.5
2021,12,HOU,NYJ,1,3.0,44.5,23.75
2021,12,IND,TB,1,-3.0,53.0,25.0
2021,12,JAX,ATL,1,-1.5,46.0,22.25
2021,12,LA,GB,0,-2.0,47.0,24.5
2021,12,LAC,DEN,0,-2.5,47.5,25.0
2021,12,LV,DAL,0,7.0,51.0,22.0
2021,12,MIA,CAR,1,-1.0,41.0,20.0
2021,12,MIN,SF,0,3.5,49.0,22.75
2021,12,NE,TEN,1,7.5,43.0,25.25
2021,12,NO,BUF,1,-7.0,45.0,19.0
2021,12,NYG,PHI,1,-4.0,45.5,20.75
2021,12,NYJ,HOU,0,3.0,44.5,20.75
2021,12,PHI,NYG,0,-4.0,45.5,24.75
2021,12,PIT,CIN,0,3.5,43.5,20.0
2021,12,SEA,WAS,0,-1.0,47.0,24.0
2021,12,SF,MIN,1,3.5,49.0,26.25
2021,12,TB,IND,0,-3.0,53.0,28.0
2021,12,TEN,NE,0,7.5,43.0,17.75
2021,12,WAS,SEA,1,-1.0,47.0,23.0
2021,13,ARI,CHI,0,-7.5,43.5,25.5
2021,13,ATL,TB,1,-11.0,51.0,20.0
2021,13,BAL,PIT,0,-4.0,44.0,24.0
2021,13,BUF,NE,1,3.0,40.0,21.5
2021,13,CHI,ARI,1,-7.5,43.5,18.0
2021,13,CIN,LAC,1,2.5,49.5,26.0
2021,13,DAL,NO,0,-6.0,46.0,26.0
2021,13,DEN,KC,0,8.5,46.5,19.0
2021,13,DET,MIN,1,-7.0,47.5,20.25
2021,13,HOU,IND,1,-10.0,45.5,17.75
2021,13,IND,HOU,0,-10.0,45.5,27.75
2021,13,JAX,LA,0,14.0,48.0,17.0
2021,13,KC,DEN,1,8.5,46.5,27.5
2021,13,LA,JAX,1,14.0,48.0,31.0
2021,13,LAC,CIN,0,2.5,49.5,23.5
2021,13,LV,WAS,1,1.0,47.5,24.25
2021,13,MIA,NYG,1,6.5,40.0,23.25
2021,13,MIN,DET,0,-7.0,47.5,27.25
2021,13,NE,BUF,0,3.0,40.0,18.5
2021,13,NO,DAL,1,-6.0,46.0,20.0
2021,13,NYG,MIA,0,6.5,40.0,16.75
2021,13,NYJ,PHI,1,-5.0,44.0,19.5
2021,13,PHI,NYJ,0,-5.0,44.0,24.5
2021,13,PIT,BAL,1,-4.0,44.0,20.0
2021,13,SEA,SF,1,-3.0,44.5,20.75
2021,13,SF,SEA,0,-3.0,44.5,23.75
2021,13,TB,ATL,0,-11.0,51.0,31.0
2021,13,WAS,LV,0,1.0,47.5,23.25
2021,14,ARI,LA,1,3.0,51.0,27.0
2021,14,ATL,CAR,0,2.5,41.0,19.25
2021,14,BAL,CLE,0,3.0,44.0,20.5
2021,14,BUF,TB,0,3.5,52.5,24.5
2021,14,CAR,ATL,1,2.5,41.0,21.75
2021,14,CHI,GB,0,11.5,43.0,15.75
2021,14,CIN,SF,1,-2.5,49.0,23.25
2021,14,CLE,BAL,1,3.0,44.0,23.5
2021,14,DAL,WAS,0,-6.5,48.0,27.25
2021,14,DEN,DET,1,13.0,42.0,27.5
2021,14,DET,DEN,0,13.0,42.0,14.5
2021,14,GB,CHI,1,11.5,43.0,27.25
2021,14,HOU,SEA,1,-10.0,40.5,15.25
2021,14,JAX,TEN,0,8.5,44.5,18.0
2021,14,KC,LV,1,10.0,48.0,29.0
2021,14,LA,ARI,0,3.0,51.0,24.0
2021,14,LAC,NYG,1,9.5,44.0,26.75
2021,14,LV,KC,0,10.0,48.0,19.0
2021,14,MIN,PIT,1,3.5,45.0,24.25
2021,14,NO,NYJ,0,-4.5,42.0,23.25
2021,14,NYG,LAC,0,9.5,44.0,17.25
2021,14,NYJ,NO,1,-4.5,42.0,18.75
2021,14,PIT,MIN,0,3.5,45.0,20.75
2021,14,SEA,HOU,0,-10.0,40.5,25.25
2021,14,SF,CIN,0,-2.5,49.0,25.75
2021,14,TB,BUF,1,3.5,52.5,28.0
2021,14,TEN,JAX,1,8.5,44.5,26.5
2021,14,WAS,DAL,1,-6.5,48.0,20.75
2021,15,ARI,DET,0,-13.0,48.0,30.5
2021,15,ATL,SF,0,9.5,48.0,19.25
2021,15,BAL,GB,1,-9.5,45.5,18.0
2021,15,BUF,CAR,1,14.0,43.0,28.5
2021,15,CAR,BUF,0,14.0,43.0,14.5
2021,15,CHI,MIN,1,-7.0,48.0,20.5
2021,15,CIN,DEN,0,3.0,45.0,21.0
2021,15,CLE,LV,1,-3.0,41.0,19.0
2021,15,DAL,NYG,0,-11.5,43.0,27.25
2021,15,DEN,CIN,1,3.0,45.0,24.0
2021,15,DET,ARI,1,-13.0,48.0,17.5
2021,15,GB,BAL,0,-9.5,45.5,27.5
2021,15,HOU,JAX,0,6.0,40.0,17.0
2021,15,IND,NE,1,-1.0,46.0,22.5
2021,15,JAX,HOU,1,6.0,40.0,23.0
2021,15,KC,LAC,0,-3.0,54.0,28.5
2021,15,LA,SEA,1,7.5,47.0,27.25
2021,15,LAC,KC,1,-3.0,54.0,25.5
2021,15,LV,CLE,0,-3.0,41.0,22.0
2021,15,MIA,NYJ,1,10.5,42.0,26.25
2021,15,MIN,CHI,0,-7.0,48.0,27.5
2021,15,NE,IND,0,-1.0,46.0,23.5
2021,15,NO,TB,0,11.5,45.5,17.0
2021,15,NYG,DAL,1,-11.5,43.0,15.75
2021,15,NYJ,MIA,0,10.5,42.0,15.75
2021,15,PHI,WAS,1,10.0,39.5,24.75
2021,15,PIT,TEN,1,1.0,44.0,22.5
2021,15,SEA,LA,0,7.5,47.0,19.75
2021,15,SF,ATL,1,9.5,48.0,28.75
2021,15,TB,NO,1,11.5,45.5,28.5
2021,15,TEN,PIT,0,1.0,44.0,21.5
2021,15,WAS,PHI,0,10.0,39.5,14.75
2021,16,ARI,IND,1,3.0,48.0,25.5
2021,16,ATL,DET,1,7.5,42.5,25.0
2021,16,BAL,CIN,0,7.5,43.0,17.75
2021,16,BUF,NE,0,1.0,43.5,21.25
2021,16,CAR,TB,1,-11.5,44.5,16.5
2021,16,CHI,SEA,0,7.0,41.0,17.0
2021,16,CIN,BAL,1,7.5,43.0,25.25
2021,16,CLE,GB,0,7.5,46.5,19.5
2021,16,DAL,WAS,1,10.5,45.5,28.0
2021,16,DEN,LV,0,-1.0,42.0,21.5
2021,16,DET,ATL,0,7.5,42.5,17.5
2021,16,GB,CLE,1,7.5,46.5,27.0
2021,16,HOU,LAC,1,-13.5,46.0,16.25
2021,16,IND,ARI,0,3.0,48.0,22.5
2021,16,JAX,NYJ,0,2.5,42.5,20.0
2021,16,KC,PIT,1,10.5,44.0,27.25
2021,16,LA,MIN,0,-3.5,48.5,26.0
2021,16,LAC,HOU,0,-13.5,46.0,29.75
2021,16,LV,DEN,1,-1.0,42.0,20.5
2021,16,MIA,NO,0,-3.0,37.5,20.25
2021,16,MIN,LA,1,-3.5,48.5,22.5
2021,16,NE,BUF,1,1.0,43.5,22.25
2021,16,NO,MIA,1,-3.0,37.5,17.25
2021,16,NYG,PHI,0,11.0,41.0,15.0
2021,16,NYJ,JAX,1,2.5,42.5,22.5
2021,16,PHI,NYG,1,11.0,41.0,26.0
2021,16,PIT,KC,0,10.5,44.0,16.75
2021,16,SEA,CHI,1,7.0,41.0,24.0
2021,16,SF,TEN,0,-3.5,45.5,24.5
2021,16,TB,CAR,0,-11.5,44.5,28.0
2021,16,TEN,SF,1,-3.5,45.5,21.0
2021,16,WAS,DAL,0,10.5,45.5,17.5
2021,17,ARI,DAL,0,6.5,53.0,23.25
2021,17,ATL,BUF,0,14.0,46.5,16.25
2021,17,BAL,LA,1,-7.0,47.0,20.0
2021,17,BUF,ATL,1,14.0,46.5,30.25
2021,17,CAR,NO,0,7.0,37.0,15.0
2021,17,CHI,NYG,1,7.0,36.5,21.75
2021,17,CIN,KC,1,-3.5,51.0,23.75
2021,17,CLE,PIT,0,-1.0,43.5,22.25
2021,17,DAL,ARI,1,6.5,53.0,29.75
2021,17,DEN,LAC,0,8.0,45.5,18.75
2021,17,DET,SEA,0,8.5,41.5,16.5
2021,17,GB,MIN,1,13.0,42.0,27.5
2021,17,HOU,SF,0,14.0,44.0,15.0
2021,17,IND,LV,1,8.5,46.5,27.5
2021,17,JAX,NE,0,17.5,42.0,12.25
2021,17,KC,CIN,0,-3.5,51.0,27.25
2021,17,LA,BAL,0,-7.0,47.0,27.0
2021,17,LAC,DEN,1,8.0,45.5,26.75
2021,17,LV,IND,0,8.5,46.5,19.0
2021,17,MIA,TEN,0,3.0,41.0,19.0
2021,17,MIN,GB,0,13.0,42.0,14.5
2021,17,NE,JAX,1,17.5,42.0,29.75
2021,17,NO,CAR,1,7.0,37.0,22.0
2021,17,NYG,CHI,0,7.0,36.5,14.75
2021,17,NYJ,TB,1,-14.5,48.0,16.75
2021,17,PHI,WAS,0,-6.5,44.5,25.5
2021,17,PIT,CLE,1,-1.0,43.5,21.25
2021,17,SEA,DET,1,8.5,41.5,25.0
2021,17,SF,HOU,1,14.0,44.0,29.0
2021,17,TB,NYJ,0,-14.5,48.0,31.25
2021,17,TEN,MIA,1,3.0,41.0,22.0
2021,17,WAS,PHI,1,-6.5,44.5,19.0
2021,18,ARI,SEA,1,5.5,48.0,26.75
2021,18,ATL,NO,1,-4.5,40.0,17.75
2021,18,BAL,PIT,1,3.0,41.0,22.0
2021,18,BUF,NYJ,1,16.0,43.0,29.5
2021,18,CAR,TB,0,11.0,43.0,16.0
2021,18,CHI,MIN,0,3.5,45.5,21.0
2021,18,CIN,CLE,0,6.5,38.0,15.75
2021,18,CLE,CIN,1,6.5,38.0,22.25
2021,18,DAL,PHI,0,-6.5,46.0,26.25
2021,18,DEN,KC,1,-11.5,44.5,16.5
2021,18,DET,GB,1,-4.0,45.0,20.5
2021,18,GB,DET,0,-4.0,45.0,24.5
2021,18,HOU,TEN,1,-10.5,43.0,16.25
2021,18,IND,JAX,0,-14.0,43.0,28.5
2021,18,JAX,IND,1,-14.0,43.0,14.5
2021,18,KC,DEN,0,-11.5,44.5,28.0
2021,18,LA,SF,1,3.0,46.5,24.75
2021,18,LAC,LV,0,-3.5,48.0,25.75
2021,18,LV,LAC,1,-3.5,48.0,22.25
2021,18,MIA,NE,1,-6.0,41.0,17.5
2021,18,MIN,CHI,1,3.5,45.5,24.5
2021,18,NE,MIA,0,-6.0,41.0,23.5
2021,18,NO,ATL,0,-4.5,40.0,22.25
2021,18,NYG,WAS,1,-6.0,36.0,15.0
2021,18,NYJ,BUF,0,16.0,43.0,13.5
2021,18,PHI,DAL,1,-6.5,46.0,19.75
2021,18,PIT,BAL,0,3.0,41.0,19.0
2021,18,SEA,ARI,0,5.5,48.0,21.25
2021,18,SF,LA,0,3.0,46.5,21.75
2021,18,TB,CAR,1,11.0,43.0,27.0
2021,18,TEN,HOU,0,-10.5,43.0,26.75
2021,18,WAS,NYG,0,-6.0,36.0,21.0
2021,19,ARI,LA,0,4.0,49.5,22.75
2021,19,BUF,NE,1,4.5,43.0,23.75
2021,19,CIN,LV,1,6.0,48.5,27.25
2021,19,DAL,SF,1,3.0,51.0,27.0
2021,19,KC,PIT,1,13.0,46.0,29.5
2021,19,LA,ARI,1,4.0,49.5,26.75
2021,19,LV,CIN,0,6.0,48.5,21.25
2021,19,NE,BUF,0,4.5,43.0,19.25
2021,19,PHI,TB,0,7.5,45.5,19.0
2021,19,PIT,KC,0,13.0,46.0,16.5
2021,19,SF,DAL,0,3.0,51.0,24.0
2021,19,TB,PHI,1,7.5,45.5,26.5
2021,20,BUF,KC,0,2.5,54.0,25.75
2021,20,CIN,TEN,0,4.0,48.5,22.25
2021,20,GB,SF,1,5.5,47.0,26.25
2021,20,KC,BUF,1,2.5,54.0,28.25
2021,20,LA,TB,0,2.5,48.0,22.75
2021,20,SF,GB,0,5.5,47.0,20.75
2021,20,TB,LA,1,2.5,48.0,25.25
2021,20,TEN,CIN,1,4.0,48.5,26.25
2021,21,CIN,KC,0,7.0,54.5,23.75
2021,21,KC,CIN,1,7.0,54.5,30.75
2021,21,LA,SF,1,3.5,45.5,24.5
2021,21,SF,LA,0,3.5,45.5,21.0
2021,22,CIN,LA,1,-4.5,48.5,22.0
2021,22,LA,CIN,0,-4.5,48.5,26.5
2022,1,ARI,KC,1,-6.0,54.0,24.0
2022,1,ATL,NO,1,-6.0,43.5,18.75
2022,1,BAL,NYJ,0,-6.5,44.0,25.25
2022,1,BUF,LA,0,-1.0,51.5,26.25
2022,1,CAR,CLE,1,2.5,42.5,22.5
2022,1,CHI,SF,1,-6.5,38.0,15.75
2022,1,CIN,PIT,1,7.5,44.5,26.0
2022,1,CLE,CAR,0,2.5,42.5,20.0
2022,1,DAL,TB,1,-2.5,49.5,23.5
2022,1,DEN,SEA,0,-6.0,44.0,25.0
2022,1,DET,PHI,1,-6.0,49.0,21.5
2022,1,GB,MIN,0,2.5,47.0,22.25
2022,1,HOU,IND,1,-7.0,46.0,19.5
2022,1,IND,HOU,0,-7.0,46.0,26.5
2022,1,JAX,WAS,0,3.0,43.5,20.25
2022,1,KC,ARI,0,-6.0,54.0,30.0
2022,1,LA,BUF,1,-1.0,51.5,25.25
2022,1,LAC,LV,1,3.5,52.5,28.0
2022,1,LV,LAC,0,3.5,52.5,24.5
2022,1,MIA,NE,1,3.0,47.0,25.0
2022,1,MIN,GB,1,2.5,47.0,24.75
2022,1,NE,MIA,0,3.0,47.0,22.0
2022,1,NO,ATL,0,-6.0,43.5,24.75
2022,1,NYG,TEN,0,5.5,43.5,19.0
2022,1,NYJ,BAL,1,-6.5,44.0,18.75
2022,1,PHI,DET,0,-6.0,49.0,27.5
2022,1,PIT,CIN,0,7.5,44.5,18.5
2022,1,SEA,DEN,1,-6.0,44.0,19.0
2022,1,SF,CHI,0,-6.5,38.0,22.25
2022,1,TB,DAL,0,-2.5,49.5,26.0
2022,1,TEN,NYG,1,5.5,43.5,24.5
2022,1,WAS,JAX,1,3.0,43.5,23.25
2022,2,ARI,LV,0,5.5,51.5,23.0
2022,2,ATL,LA,0,10.5,46.5,18.0
2022,2,BAL,MIA,1,3.0,44.0,23.5
2022,2,BUF,TEN,1,10.0,47.5,28.75
2022,2,CAR,NYG,0,-1.0,44.0,22.5
2022,2,CHI,GB,0,10.5,42.0,15.75
2022,2,CIN,DAL,0,-7.5,42.0,24.75
2022,2,CLE,NYJ,1,6.5,38.5,22.5
2022,2,DAL,CIN,1,-7.5,42.0,17.25
2022,2,DEN,HOU,1,10.5,46.0,28.25
2022,2,DET,WAS,1,-1.0,48.5,23.75
2022,2,GB,CHI,1,10.5,42.0,26.25
2022,2,HOU,DEN,0,10.5,46.0,17.75
2022,2,IND,JAX,0,-3.0,43.5,23.25
2022,2,JAX,IND,1,-3.0,43.5,20.25
2022,2,KC,LAC,1,4.0,52.5,28.25
2022,2,LA,ATL,1,10.5,46.5,28.5
2022,2,LAC,KC,0,4.0,52.5,24.25
2022,2,LV,ARI,1,5.5,51.5,28.5
2022,2,MIA,BAL,0,3.0,44.0,20.5
2022,2,MIN,PHI,0,2.5,49.5,23.5
2022,2,NE,PIT,0,-3.0,40.0,21.5
2022,2,NO,TB,1,-2.5,44.0,20.75
2022,2,NYG,CAR,1,-1.0,44.0,21.5
2022,2,NYJ,CLE,0,6.5,38.5,16.0
2022,2,PHI,MIN,1,2.5,49.5,26.0
2022,2,PIT,NE,1,-3.0,40.0,18.5
2022,2,SEA,SF,0,8.5,40.0,15.75
2022,2,SF,SEA,1,8.5,40.0,24.25
2022,2,TB,NO,0,-2.5,44.0,23.25
2022,2,TEN,BUF,0,10.0,47.5,18.75
2022,2,WAS,DET,0,-1.0,48.5,24.75
2022,3,ARI,LA,1,-3.5,49.0,22.75
2022,3,ATL,SEA,0,1.0,43.0,21.0
2022,3,BAL,NE,0,-2.5,45.5,24.0
2022,3,BUF,MIA,0,-4.0,54.0,29.0
2022,3,CAR,NO,1,-2.0,41.0,19.5
2022,3,CHI,HOU,1,3.0,40.0,21.5
2022,3,CIN,NYJ,0,-6.5,46.0,26.25
2022,3,CLE,PIT,1,4.5,38.0,21.25
2022,3,DAL,NYG,0,1.0,38.5,18.75
2022,3,DEN,SF,1,-1.0,44.0,21.5
2022,3,DET,MIN,0,6.5,52.0,22.75
2022,3,GB,TB,0,1.0,41.5,20.25
2022,3,HOU,CHI,0,3.0,40.0,18.5
2022,3,IND,KC,1,-4.5,51.0,23.25
2022,3,JAX,LAC,0,6.5,46.0,19.75
2022,3,KC,IND,0,-4.5,51.0,27.75
2022,3,LA,ARI,0,-3.5,49.0,26.25
2022,3,LAC,JAX,1,6.5,46.0,26.25
2022,3,LV,TEN,0,-1.5,45.5,23.5
2022,3,MIA,BUF,1,-4.0,54.0,25.0
2022,3,MIN,DET,1,6.5,52.0,29.25
2022,3,NE,BAL,1,-2.5,45.5,21.5
2022,3,NO,CAR,0,-2.0,41.0,21.5
2022,3,NYG,DAL,1,1.0,38.5,19.75
2022,3,NYJ,CIN,1,-6.5,46.0,19.75
2022,3,PHI,WAS,0,-6.0,47.0,26.5
2022,3,PIT,CLE,0,4.5,38.0,16.75
2022,3,SEA,ATL,1,1.0,43.0,22.0
2022,3,SF,DEN,0,-1.0,44.0,22.5
2022,3,TB,GB,1,1.0,41.5,21.25
2022,3,TEN,LV,1,-1.5,45.5,22.0
2022,3,WAS,PHI,1,-6.0,47.0,20.5
2022,4,ARI,CAR,0,1.0,44.0,21.5
2022,4,ATL,CLE,1,-1.0,48.0,23.5
2022,4,BAL,BUF,1,-3.0,50.0,23.5
2022,4,BUF,BAL,0,-3.0,50.0,26.5
2022,4,CAR,ARI,1,1.0,44.0,22.5
2022,4,CHI,NYG,0,3.0,39.0,18.0
2022,4,CIN,MIA,1,4.0,48.5,26.25
2022,4,CLE,ATL,0,-1.0,48.0,24.5
2022,4,DAL,WAS,1,3.0,40.5,21.75
2022,4,DEN,LV,0,2.5,45.5,21.5
2022,4,DET,SEA,1,3.0,48.5,25.75
2022,4,GB,NE,1,10.0,40.5,25.25
2022,4,HOU,LAC,1,-5.5,45.0,19.75
2022,4,IND,TEN,1,4.5,43.0,23.75
2022,4,JAX,PHI,0,6.5,44.0,18.75
2022,4,KC,TB,0,1.0,46.5,22.75
2022,4,LA,SF,0,1.0,42.0,20.5
2022,4,LAC,HOU,0,-5.5,45.0,25.25
2022,4,LV,DEN,1,2.5,45.5,24.0
2022,4,MIA,CIN,0,4.0,48.5,22.25
2022,4,MIN,NO,0,-4.0,42.0,23.0
2022,4,NE,GB,0,10.0,40.5,15.25
2022,4,NO,MIN,1,-4.0,42.0,19.0
2022,4,NYG,CHI,1,3.0,39.0,21.0
2022,4,NYJ,PIT,0,3.0,41.0,19.0
2022,4,PHI,JAX,1,6.5,44.0,25.25
2022,4,PIT,NYJ,1,3.0,41.0,22.0
2022,4,SEA,DET,0,3.0,48.5,22.75
2022,4,SF,LA,1,1.0,42.0,21.5
2022,4,TB,KC,1,1.0,46.5,23.75
2022,4,TEN,IND,0,4.5,43.0,19.25
2022,4,WAS,DAL,0,3.0,40.5,18.75
2022,5,ARI,PHI,1,-5.5,48.5,21.5
2022,5,ATL,TB,0,10.5,46.0,17.75
2022,5,BAL,CIN,1,3.0,47.5,25.25
2022,5,BUF,PIT,1,14.0,44.0,29.0
2022,5,CAR,SF,1,-6.0,40.0,17.0
2022,5,CHI,MIN,0,10.0,44.0,17.0
2022,5,CIN,BAL,0,3.0,47.5,22.25
2022,5,CLE,LAC,1,-1.0,47.0,23.0
2022,5,DAL,LA,0,5.5,42.0,18.25
2022,5,DEN,IND,1,3.5,42.0,22.75
2022,5,DET,NE,0,3.0,46.5,21.75
2022,5,GB,NYG,1,8.5,42.0,25.25
2022,5,HOU,JAX,0,7.0,44.0,18.5
2022,5,IND,DEN,0,3.5,42.0,19.25
2022,5,JAX,HOU,1,7.0,44.0,25.5
2022,5,KC,LV,1,7.5,51.5,29.5
2022,5,LA,DAL,1,5.5,42.0,23.75
2022,5,LAC,CLE,0,-1.0,47.0,24.0
2022,5,LV,KC,0,7.5,51.5,22.0
2022,5,MIA,NYJ,0,-3.0,46.0,24.5
2022,5,MIN,CHI,1,10.0,44.0,27.0
2022,5,NE,DET,1,3.0,46.5,24.75
2022,5,NO,SEA,1,5.5,45.5,25.5
2022,5,NYG,GB,0,8.5,42.0,16.75
2022,5,NYJ,MIA,1,-3.0,46.0,21.5
2022,5,PHI,ARI,0,-5.5,48.5,27.0
2022,5,PIT,BUF,0,14.0,44.0,15.0
2022,5,SEA,NO,0,5.5,45.5,20.0
2022,5,SF,CAR,0,-6.0,40.0,23.0
2022,5,TB,ATL,1,10.5,46.0,28.25
2022,5,TEN,WAS,0,-1.0,43.0,22.0
2022,5,WAS,TEN,1,-1.0,43.0,21.0
2022,6,ARI,SEA,0,-2.5,50.0,26.25
2022,6,ATL,SF,1,-3.5,46.0,21.25
2022,6,BAL,NYG,0,-5.5,46.0,25.75
2022,6,BUF,KC,0,-2.5,54.0,28.25
2022,6,CAR,LA,0,10.0,41.5,15.75
2022,6,CHI,WAS,1,-1.0,38.5,18.75
2022,6,CIN,NO,0,-3.0,42.5,22.75
2022,6,CLE,NE,1,2.5,43.0,22.75
2022,6,DAL,PHI,0,6.5,42.5,18.0
2022,6,DEN,LAC,0,3.5,45.5,21.0
2022,6,GB,NYJ,1,7.5,44.5,26.0
2022,6,IND,JAX,1,1.0,41.0,21.0
2022,6,JAX,IND,0,1.0,41.0,20.0
2022,6,KC,BUF,1,-2.5,54.0,25.75
2022,6,LA,CAR,1,10.0,41.5,25.75
2022,6,LAC,DEN,1,3.5,45.5,24.5
2022,6,MIA,MIN,1,-3.0,45.0,21.0
2022,6,MIN,MIA,0,-3.0,45.0,24.0
2022,6,NE,CLE,0,2.5,43.0,20.25
2022,6,NO,CIN,1,-3.0,42.5,19.75
2022,6,NYG,BAL,1,-5.5,46.0,20.25
2022,6,NYJ,GB,0,7.5,44.5,18.5
2022,6,PHI,DAL,1,6.5,42.5,24.5
2022,6,PIT,TB,1,-10.0,47.0,18.5
2022,6,SEA,ARI,1,-2.5,50.0,23.75
2022,6,SF,ATL,0,-3.5,46.0,24.75
2022,6,TB,PIT,0,-10.0,47.0,28.5
2022,6,WAS,CHI,0,-1.0,38.5,19.75
2022,7,ARI,NO,1,2.5,44.0,23.25
2022,7,ATL,CIN,0,6.5,47.5,20.5
2022,7,BAL,CLE,1,6.5,46.0,26.25
2022,7,CAR,TB,1,-13.0,39.5,13.25
2022,7,CHI,NE,0,9.5,40.0,15.25
2022,7,CIN,ATL,1,6.5,47.5,27.0
2022,7,CLE,BAL,0,6.5,46.0,19.75
2022,7,DAL,DET,1,7.0,49.5,28.25
2022,7,DEN,NYJ,1,-2.0,37.0,17.5
2022,7,DET,DAL,0,7.0,49.5,21.25
2022,7,GB,WAS,0,-4.0,41.5,22.75
2022,7,HOU,LV,0,7.0,46.0,19.5
2022,7,IND,TEN,0,2.5,43.0,20.25
2022,7,JAX,NYG,1,3.0,44.0,23.5
2022,7,KC,SF,0,-1.0,49.0,25.0
2022,7,LAC,SEA,1,5.5,51.5,28.5
2022,7,LV,HOU,1,7.0,46.0,26.5
2022,7,MIA,PIT,1,7.5,44.5,26.0
2022,7,NE,CHI,1,9.5,40.0,24.75
2022,7,NO,ARI,0,2.5,44.0,20.75
2022,7,NYG,JAX,0,3.0,44.0,20.5
2022,7,NYJ,DEN,0,-2.0,37.0,19.5
2022,7,PIT,MIA,0,7.5,44.5,18.5
2022,7,SEA,LAC,0,5.5,51.5,23.0
2022,7,SF,KC,1,-1.0,49.0,24.0
2022,7,TB,CAR,0,-13.0,39.5,26.25
2022,7,TEN,IND,1,2.5,43.0,22.75
2022,7,WAS,GB,1,-4.0,41.5,18.75
2022,8,ARI,MIN,0,4.0,48.5,22.25
2022,8,ATL,CAR,1,4.5,41.0,22.75
2022,8,BAL,TB,0,2.0,46.0,22.0
2022,8,BUF,GB,1,10.5,47.0,28.75
2022,8,CAR,ATL,0,4.5,41.0,18.25
2022,8,CHI,DAL,0,10.5,43.0,16.25
2022,8,CIN,CLE,0,-3.0,45.0,24.0
2022,8,CLE,CIN,1,-3.0,45.0,21.0
2022,8,DAL,CHI,1,10.5,43.0,26.75
2022,8,DEN,JAX,0,1.0,41.0,20.0
2022,8,DET,MIA,1,-3.5,52.0,24.25
2022,8,GB,BUF,0,10.5,47.0,18.25
2022,8,HOU,TEN,1,-1.0,39.0,19.0
2022,8,IND,WAS,1,3.0,40.5,21.75
2022,8,JAX,DEN,1,1.0,41.0,21.0
2022,8,LA,SF,1,-1.0,42.0,20.5
2022,8,LV,NO,0,-1.0,48.5,24.75
2022,8,MIA,DET,0,-3.5,52.0,27.75
2022,8,MIN,ARI,1,4.0,48.5,26.25
2022,8,NE,NYJ,0,-3.0,40.0,21.5
2022,8,NO,LV,1,-1.0,48.5,23.75
2022,8,NYG,SEA,0,3.0,44.5,20.75
2022,8,NYJ,NE,1,-3.0,40.0,18.5
2022,8,PHI,PIT,1,11.0,43.0,27.0
2022,8,PIT,PHI,0,11.0,43.0,16.0
2022,8,SEA,NYG,1,3.0,44.5,23.75
2022,8,SF,LA,0,-1.0,42.0,21.5
2022,8,TB,BAL,1,2.0,46.0,24.0
2022,8,TEN,HOU,0,-1.0,39.0,20.0
2022,8,WAS,IND,0,3.0,40.5,18.75
2022,9,ARI,SEA,1,1.5,49.5,25.5
2022,9,ATL,LAC,1,-2.5,49.5,23.5
2022,9,BAL,NO,0,-1.0,46.0,23.5
2022,9,BUF,NYJ,0,-11.0,46.0,28.5
2022,9,CAR,CIN,0,7.0,43.0,18.0
2022,9,CHI,MIA,1,-4.0,46.0,21.0
2022,9,CIN,CAR,1,7.0,43.0,25.0
2022,9,DET,GB,1,-4.0,49.5,22.75
2022,9,GB,DET,0,-4.0,49.5,26.75
2022,9,HOU,PHI,1,-14.0,45.5,15.75
2022,9,IND,NE,0,5.0,40.0,17.5
2022,9,JAX,LV,1,-2.5,47.5,22.5
2022,9,KC,TEN,1,14.0,45.0,29.5
2022,9,LA,TB,0,3.0,43.0,20.0
2022,9,LAC,ATL,0,-2.5,49.5,26.0
2022,9,LV,JAX,0,-2.5,47.5,25.0
2022,9,MIA,CHI,0,-4.0,46.0,25.0
2022,9,MIN,WAS,0,-3.0,43.5,23.25
2022,9,NE,IND,1,5.0,40.0,22.5
2022,9,NO,BAL,1,-1.0,46.0,22.5
2022,9,NYJ,BUF,1,-11.0,46.0,17.5
2022,9,PHI,HOU,0,-14.0,45.5,29.75
2022,9,SEA,ARI,0,1.5,49.5,24.0
2022,9,TB,LA,1,3.0,43.0,23.0
2022,9,TEN,KC,0,14.0,45.0,15.5
2022,9,WAS,MIN,1,-3.0,43.5,20.25
2022,10,ARI,LA,0,3.5,38.0,17.25
2022,10,ATL,CAR,0,-2.5,41.5,22.0
2022,10,BUF,MIN,1,6.5,47.0,26.75
2022,10,CAR,ATL,1,-2.5,41.5,19.5
2022,10,CHI,DET,1,3.0,48.5,25.75
2022,10,CLE,MIA,0,3.0,49.0,23.0
2022,10,DAL,GB,0,-3.5,44.5,24.0
2022,10,DEN,TEN,0,2.5,40.0,18.75
2022,10,DET,CHI,0,3.0,48.5,22.75
2022,10,GB,DAL,1,-3.5,44.5,20.5
2022,10,HOU,NYG,0,5.5,41.5,18.0
2022,10,IND,LV,0,4.5,41.0,18.25
2022,10,JAX,KC,0,10.0,51.5,20.75
2022,10,KC,JAX,1,10.0,51.5,30.75
2022,10,LA,ARI,1,3.5,38.0,20.75
2022,10,LAC,SF,0,8.5,45.5,18.5
2022,10,LV,IND,1,4.5,41.0,22.75
2022,10,MIA,CLE,1,3.0,49.0,26.0
2022,10,MIN,BUF,0,6.5,47.0,20.25
2022,10,NO,PIT,0,1.0,39.5,19.25
2022,10,NYG,HOU,1,5.5,41.5,23.5
2022,10,PHI,WAS,1,11.0,43.0,27.0
2022,10,PIT,NO,1,1.0,39.5,20.25
2022,10,SEA,TB,0,2.5,45.0,21.25
2022,10,SF,LAC,1,8.5,45.5,27.0
2022,10,TB,SEA,1,2.5,45.0,23.75
2022,10,TEN,DEN,1,2.5,40.0,21.25
2022,10,WAS,PHI,0,11.0,43.0,16.0
2022,11,ARI,SF,1,-10.0,43.5,16.75
2022,11,ATL,CHI,1,3.0,48.5,25.75
2022,11,BAL,CAR,1,13.0,42.0,27.5
2022,11,BUF,CLE,1,7.5,50.5,29.0
2022,11,CAR,BAL,0,13.0,42.0,14.5
2022,11,CHI,ATL,0,3.0,48.5,22.75
2022,11,CIN,PIT,0,-3.5,39.0,21.25
2022,11,CLE,BUF,0,7.5,50.5,21.5
2022,11,DAL,MIN,0,-1.5,48.5,25.0
2022,11,DEN,LV,1,2.5,41.5,22.0
2022,11,DET,NYG,0,3.0,44.0,20.5
2022,11,GB,TEN,1,3.0,40.5,21.75
2022,11,HOU,WAS,1,-3.0,41.0,19.0
2022,11,IND,PHI,1,-6.5,45.5,19.5
2022,11,KC,LAC,0,-5.5,52.5,29.0
2022,11,LA,NO,0,2.5,39.5,18.5
2022,11,LAC,KC,1,-5.5,52.5,23.5
2022,11,LV,DEN,0,2.5,41.5,19.5
2022,11,MIN,DAL,1,-1.5,48.5,23.5
2022,11,NE,NYJ,1,3.5,38.5,21.0
2022,11,NO,LA,1,2.5,39.5,21.0
2022,11,NYG,DET,1,3.0,44.0,23.5
2022,11,NYJ,NE,0,3.5,38.5,17.5
2022,11,PHI,IND,0,-6.5,45.5,26.0
2022,11,PIT,CIN,1,-3.5,39.0,17.75
2022,11,SF,ARI,0,-10.0,43.5,26.75
2022,11,TEN,GB,0,3.0,40.5,18.75
2022,11,WAS,HOU,0,-3.0,41.0,22.0
2022,12,ARI,LAC,1,-2.5,48.5,23.0
2022,12,ATL,WAS,0,3.5,40.5,18.5
2022,12,BAL,JAX,0,-3.5,43.0,23.25
2022,12,BUF,DET,0,-10.0,54.0,32.0
2022,12,CAR,DEN,1,-1.0,36.5,17.75
2022,12,CHI,NYJ,0,8.5,36.5,14.0
2022,12,CIN,TEN,0,-1.0,43.0,22.0
2022,12,CLE,TB,1,-3.0,42.0,19.5
2022,12,DAL,NYG,1,10.5,45.5,28.0
2022,12,DEN,CAR,0,-1.0,36.5,18.75
2022,12,DET,BUF,1,-10.0,54.0,22.0
2022,12,GB,PHI,0,6.5,46.0,19.75
2022,12,HOU,MIA,0,14.0,47.0,16.5
2022,12,IND,PIT,1,2.5,40.0,21.25
2022,12,JAX,BAL,1,-3.5,43.0,19.75
2022,12,KC,LA,1,16.5,42.0,29.25
2022,12,LA,KC,0,16.5,42.0,12.75
2022,12,LAC,ARI,0,-2.5,48.5,25.5
2022,12,LV,SEA,0,4.0,47.5,21.75
2022,12,MIA,HOU,1,14.0,47.0,30.5
2022,12,MIN,NE,1,2.5,42.5,22.5
2022,12,NE,MIN,0,2.5,42.5,20.0
2022,12,NO,SF,0,9.5,44.0,17.25
2022,12,NYG,DAL,0,10.5,45.5,17.5
2022,12,NYJ,CHI,1,8.5,36.5,22.5
2022,12,PHI,GB,1,6.5,46.0,26.25
2022,12,PIT,IND,0,2.5,40.0,18.75
2022,12,SEA,LV,1,4.0,47.5,25.75
2022,12,SF,NO,1,9.5,44.0,26.75
2022,12,TB,CLE,0,-3.0,42.0,22.5
2022,12,TEN,CIN,1,-1.0,43.0,21.0
2022,12,WAS,ATL,1,3.5,40.5,22.0
2022,13,ATL,PIT,1,-1.0,43.0,21.0
2022,13,BAL,DEN,1,9.5,40.5,25.0
2022,13,BUF,NE,0,-3.5,43.5,23.5
2022,13,CHI,GB,1,-4.0,45.0,20.5
2022,13,CIN,KC,1,-2.5,53.0,25.25
2022,13,CLE,HOU,0,-7.5,47.0,27.25
2022,13,DAL,IND,1,11.0,44.5,27.75
2022,13,DEN,BAL,0,9.5,40.5,15.5
2022,13,DET,JAX,1,1.0,51.5,26.25
2022,13,GB,CHI,0,-4.0,45.0,24.5
2022,13,HOU,CLE,1,-7.5,47.0,19.75
2022,13,IND,DAL,0,11.0,44.5,16.75
2022,13,JAX,DET,0,1.0,51.5,25.25
2022,13,KC,CIN,0,-2.5,53.0,27.75
2022,13,LA,SEA,1,-7.0,41.0,17.0
2022,13,LAC,LV,0,2.5,49.0,23.25
2022,13,LV,LAC,1,2.5,49.0,25.75
2022,13,MIA,SF,0,4.5,46.0,20.75
2022,13,MIN,NYJ,1,3.0,44.0,23.5
2022,13,NE,BUF,1,-3.5,43.5,20.0
2022,13,NO,TB,0,3.5,41.0,18.75
2022,13,NYG,WAS,1,-2.5,40.0,18.75
2022,13,NYJ,MIN,0,3.0,44.0,20.5
2022,13,PHI,TEN,1,5.0,44.5,24.75
2022,13,PIT,ATL,0,-1.0,43.0,22.0
2022,13,SEA,LA,0,-7.0,41.0,24.0
2022,13,SF,MIA,1,4.5,46.0,25.25
2022,13,TB,NO,1,3.5,41.0,22.25
2022,13,TEN,PHI,0,5.0,44.5,19.75
2022,13,WAS,NYG,0,-2.5,40.0,21.25
2022,14,ARI,NE,1,-2.0,44.0,21.0
2022,14,BAL,PIT,0,1.5,37.0,17.75
2022,14,BUF,NYJ,1,10.0,43.5,26.75
2022,14,CAR,SEA,0,3.5,44.5,20.5
2022,14,CIN,CLE,1,4.5,47.0,25.75
2022,14,CLE,CIN,0,4.5,47.0,21.25
2022,14,DAL,HOU,1,17.0,44.5,30.75
2022,14,DEN,KC,1,-8.5,44.5,18.0
2022,14,DET,MIN,1,2.5,51.5,27.0
2022,14,HOU,DAL,0,17.0,44.5,13.75
2022,14,JAX,TEN,0,3.0,42.0,19.5
2022,14,KC,DEN,0,-8.5,44.5,26.5
2022,14,LA,LV,1,-6.5,42.5,18.0
2022,14,LAC,MIA,1,-3.0,54.5,25.75
2022,14,LV,LA,0,-6.5,42.5,24.5
2022,14,MIA,LAC,0,-3.0,54.5,28.75
2022,14,MIN,DET,0,2.5,51.5,24.5
2022,14,NE,ARI,0,-2.0,44.0,23.0
2022,14,NYG,PHI,1,-7.5,44.5,18.5
2022,14,NYJ,BUF,0,10.0,43.5,16.75
2022,14,PHI,NYG,0,-7.5,44.5,26.0
2022,14,PIT,BAL,1,1.5,37.0,19.25
2022,14,SEA,CAR,1,3.5,44.5,24.0
2022,14,SF,TB,1,3.5,38.0,20.75
2022,14,TB,SF,0,3.5,38.0,17.25
2022,14,TEN,JAX,1,3.0,42.0,22.5
2022,15,ARI,DEN,0,1.5,37.5,18.0
2022,15,ATL,NO,0,5.0,43.5,19.25
2022,15,BAL,CLE,0,2.5,39.5,18.5
2022,15,BUF,MIA,1,7.0,44.0,25.5
2022,15,CAR,PIT,1,2.5,36.5,19.5
2022,15,CHI,PHI,1,-8.5,48.0,19.75
2022,15,CIN,TB,0,-3.5,47.0,25.25
2022,15,CLE,BAL,1,2.5,39.5,21.0
2022,15,DAL,JAX,0,-4.0,48.5,26.25
2022,15,DEN,ARI,1,1.5,37.5,19.5
2022,15,DET,NYJ,0,2.0,44.0,21.0
2022,15,GB,LA,1,8.0,39.5,23.75
2022,15,HOU,KC,1,-14.5,48.5,17.0
2022,15,IND,MIN,0,3.5,46.5,21.5
2022,15,JAX,DAL,1,-4.0,48.5,22.25
2022,15,KC,HOU,0,-14.5,48.5,31.5
2022,15,LA,GB,0,8.0,39.5,15.75
2022,15,LAC,TEN,1,3.0,46.5,24.75
2022,15,LV,NE,1,1.0,45.0,23.0
2022,15,MIA,BUF,0,7.0,44.0,18.5
2022,15,MIN,IND,1,3.5,46.5,25.0
2022,15,NE,LV,0,1.0,45.0,22.0
2022,15,NO,ATL,1,5.0,43.5,24.25
2022,15,NYG,WAS,0,4.5,40.5,18.0
2022,15,NYJ,DET,1,2.0,44.0,23.0
2022,15,PHI,CHI,0,-8.5,48.0,28.25
2022,15,PIT,CAR,0,2.5,36.5,17.0
2022,15,SEA,SF,1,-3.0,43.0,20.0
2022,15,SF,SEA,0,-3.0,43.0,23.0
2022,15,TB,CIN,1,-3.5,47.0,21.75
2022,15,TEN,LAC,0,3.0,46.5,21.75
2022,15,WAS,NYG,1,4.5,40.5,22.5
2022,16,ARI,TB,1,-7.5,41.5,17.0
2022,16,ATL,BAL,0,6.5,35.0,14.25
2022,16,BAL,ATL,1,6.5,35.0,20.75
2022,16,BUF,CHI,0,-8.0,40.0,24.0
2022,16,CAR,DET,1,-2.5,43.5,20.5
2022,16,CHI,BUF,1,-8.0,40.0,16.0
2022,16,CIN,NE,0,-3.0,42.0,22.5
2022,16,CLE,NO,1,3.0,32.0,17.5
2022,16,DAL,PHI,1,4.0,48.0,26.0
2022,16,DEN,LA,0,-3.0,36.5,19.75
2022,16,DET,CAR,0,-2.5,43.5,23.0
2022,16,GB,MIA,0,3.5,49.0,22.75
2022,16,HOU,TEN,0,3.0,34.0,15.5
2022,16,IND,LAC,1,-3.5,44.5,20.5
2022,16,JAX,NYJ,0,2.5,36.5,17.0
2022,16,KC,SEA,1,10.5,50.5,30.5
2022,16,LA,DEN,1,-3.0,36.5,16.75
2022,16,LAC,IND,0,-3.5,44.5,24.0
2022,16,LV,PIT,0,2.5,38.5,18.0
2022,16,MIA,GB,1,3.5,49.0,26.25
2022,16,MIN,NYG,1,4.5,48.0,26.25
2022,16,NE,CIN,1,-3.0,42.0,19.5
2022,16,NO,CLE,0,3.0,32.0,14.5
2022,16,NYG,MIN,0,4.5,48.0,21.75
2022,16,NYJ,JAX,1,2.5,36.5,19.5
2022,16,PHI,DAL,0,4.0,48.0,22.0
2022,16,PIT,LV,1,2.5,38.5,20.5
2022,16,SEA,KC,0,10.5,50.5,20.0
2022,16,SF,WAS,1,6.5,37.5,22.0
2022,16,TB,ARI,0,-7.5,41.5,24.5
2022,16,TEN,HOU,1,3.0,34.0,18.5
2022,16,WAS,SF,0,6.5,37.5,15.5
2022,17,ARI,ATL,0,7.0,41.0,17.0
2022,17,ATL,ARI,1,7.0,41.0,24.0
2022,17,BAL,PIT,1,1.0,35.5,18.25
2022,17,CAR,TB,0,3.5,40.5,18.5
2022,17,CHI,DET,0,4.5,52.5,24.0
2022,17,CLE,WAS,0,1.0,41.5,20.25
2022,17,DAL,TEN,0,-14.0,41.0,27.5
2022,17,DEN,KC,0,13.5,46.0,16.25
2022,17,DET,CHI,1,4.5,52.5,28.5
2022,17,GB,MIN,1,3.0,47.5,25.25
2022,17,HOU,JAX,1,-3.5,43.0,19.75
2022,17,IND,NYG,0,5.5,38.5,16.5
2022,17,JAX,HOU,0,-3.5,43.0,23.25
2022,17,KC,DEN,1,13.5,46.0,29.75
2022,17,LA,LAC,0,6.5,41.5,17.5
2022,17,LAC,LA,1,6.5,41.5,24.0
2022,17,LV,SF,1,-10.0,41.5,15.75
2022,17,MIA,NE,0,3.0,41.5,19.25
2022,17,MIN,GB,0,3.0,47.5,22.25
2022,17,NE,MIA,1,3.0,41.5,22.25
2022,17,NO,PHI,0,5.5,41.5,18.0
2022,17,NYG,IND,1,5.5,38.5,22.0
2022,17,NYJ,SEA,0,-1.0,43.0,22.0
2022,17,PHI,NO,1,5.5,41.5,23.5
2022,17,PIT,BAL,0,1.0,35.5,17.25
2022,17,SEA,NYJ,1,-1.0,43.0,21.0
2022,17,SF,LV,0,-10.0,41.5,25.75
2022,17,TB,CAR,1,3.5,40.5,22.0
2022,17,TEN,DAL,1,-14.0,41.0,13.5
2022,17,WAS,CLE,1,1.0,41.5,21.25
2022,18,ARI,SF,0,14.0,40.0,13.0
2022,18,ATL,TB,1,6.0,40.5,23.25
2022,18,BAL,CIN,0,11.0,39.0,14.0
2022,18,BUF,NE,1,8.0,44.0,26.0
2022,18,CAR,NO,0,3.5,41.5,19.0
2022,18,CHI,MIN,1,-6.5,42.5,18.0
2022,18,CIN,BAL,1,11.0,39.0,25.0
2022,18,CLE,PIT,0,2.5,40.0,18.75
2022,18,DAL,WAS,0,-7.5,40.5,24.0
2022,18,DEN,LAC,1,6.0,38.5,22.25
2022,18,DET,GB,0,5.5,49.0,21.75
2022,18,GB,DET,1,5.5,49.0,27.25
2022,18,HOU,IND,0,3.0,38.0,17.5
2022,18,IND,HOU,1,3.0,38.0,20.5
2022,18,JAX,TEN,1,6.0,39.5,22.75
2022,18,KC,LV,0,-9.0,51.5,30.25
2022,18,LA,SEA,0,5.5,41.5,18.0
2022,18,LAC,DEN,0,6.0,38.5,16.25
2022,18,LV,KC,1,-9.0,51.5,21.25
2022,18,MIA,NYJ,1,3.5,37.5,20.5
2022,18,MIN,CHI,0,-6.5,42.5,24.5
2022,18,NE,BUF,0,8.0,44.0,18.0
2022,18,NO,CAR,1,3.5,41.5,22.5
2022,18,NYG,PHI,0,16.5,42.5,13.0
2022,18,NYJ,MIA,0,3.5,37.5,17.0
2022,18,PHI,NYG,1,16.5,42.5,29.5
2022,18,PIT,CLE,1,2.5,40.0,21.25
2022,18,SEA,LA,1,5.5,41.5,23.5
2022,18,SF,ARI,1,14.0,40.0,27.0
2022,18,TB,ATL,0,6.0,40.5,17.25
2022,18,TEN,JAX,0,6.0,39.5,16.75
2022,18,WAS,DAL,1,-7.5,40.5,16.5
2022,19,BAL,CIN,0,7.5,40.0,16.25
2022,19,BUF,MIA,1,14.0,44.0,29.0
2022,19,CIN,BAL,1,7.5,40.0,23.75
2022,19,DAL,TB,0,-2.5,45.5,24.0
2022,19,JAX,LAC,1,-2.0,46.5,22.25
2022,19,LAC,JAX,0,-2.0,46.5,24.25
2022,19,MIA,BUF,0,14.0,44.0,15.0
2022,19,MIN,NYG,1,2.5,48.0,25.25
2022,19,NYG,MIN,0,2.5,48.0,22.75
2022,19,SEA,SF,0,10.0,42.0,16.0
2022,19,SF,SEA,1,10.0,42.0,26.0
2022,19,TB,DAL,1,-2.5,45.5,21.5
2022,20,BUF,CIN,1,6.0,48.5,27.25
2022,20,CIN,BUF,0,6.0,48.5,21.25
2022,20,DAL,SF,0,3.5,46.5,21.5
2022,20,JAX,KC,0,10.0,52.5,21.25
2022,20,KC,JAX,1,10.0,52.5,31.25
2022,20,NYG,PHI,0,8.0,48.0,20.0
2022,20,PHI,NYG,1,8.0,48.0,28.0
2022,20,SF,DAL,1,3.5,46.5,25.0
2022,21,CIN,KC,0,2.0,48.5,23.25
2022,21,KC,CIN,1,2.0,48.5,25.25
2022,21,PHI,SF,1,2.5,45.0,23.75
2022,21,SF,PHI,0,2.5,45.0,21.25
2022,22,KC,PHI,0,1.0,51.0,25.0
2022,22,PHI,KC,1,1.0,51.0,26.0
2023,1,ARI,WAS,0,7.0,38.0,15.5
2023,1,ATL,CAR,1,3.5,40.5,22.0
2023,1,BAL,HOU,1,9.5,43.5,26.5
2023,1,BUF,NYJ,0,-2.5,44.5,23.5
2023,1,CAR,ATL,0,3.5,40.5,18.5
2023,1,CHI,GB,1,1.0,41.0,21.0
2023,1,CIN,CLE,0,-1.0,46.5,23.75
2023,1,CLE,CIN,1,-1.0,46.5,22.75
2023,1,DAL,NYG,0,-3.5,44.5,24.0
2023,1,DEN,LV,1,3.0,43.0,23.0
2023,1,DET,KC,0,4.0,53.0,24.5
2023,1,GB,CHI,0,1.0,41.0,20.0
2023,1,HOU,BAL,0,9.5,43.5,17.0
2023,1,IND,JAX,1,-4.0,45.5,20.75
2023,1,JAX,IND,0,-4.0,45.5,24.75
2023,1,KC,DET,1,4.0,53.0,28.5
2023,1,LA,SEA,0,4.5,45.0,20.25
2023,1,LAC,MIA,1,3.0,50.5,26.75
2023,1,LV,DEN,0,3.0,43.0,20.0
2023,1,MIA,LAC,0,3.0,50.5,23.75
2023,1,MIN,TB,1,4.0,45.0,24.5
2023,1,NE,PHI,1,-3.5,44.5,20.5
2023,1,NO,TEN,1,3.0,41.0,22.0
2023,1,NYG,DAL,1,-3.5,44.5,20.5
2023,1,NYJ,BUF,1,-2.5,44.5,21.0
2023,1,PHI,NE,0,-3.5,44.5,24.0
2023,1,PIT,SF,1,-1.5,41.5,20.0
2023,1,SEA,LA,1,4.5,45.0,24.75
2023,1,SF,PIT,0,-1.5,41.5,21.5
2023,1,TB,MIN,0,4.0,45.0,20.5
2023,1,TEN,NO,0,3.0,41.0,19.0
2023,1,WAS,ARI,1,7.0,38.0,22.5
2023,2,ARI,NYG,1,-5.0,40.0,17.5
2023,2,ATL,GB,1,3.0,40.5,21.75
2023,2,BAL,CIN,0,3.5,45.5,21.0
2023,2,BUF,LV,1,7.5,47.0,27.25
2023,2,CAR,NO,1,-3.0,39.5,18.25
2023,2,CHI,TB,0,2.5,41.0,19.25
2023,2,CIN,BAL,1,3.5,45.5,24.5
2023,2,CLE,PIT,0,-2.5,39.0,20.75
2023,2,DAL,NYJ,1,8.5,38.5,23.5
2023,2,DEN,WAS,1,4.0,38.5,21.25
2023,2,DET,SEA,1,4.5,47.5,26.0
2023,2,GB,ATL,0,3.0,40.5,18.75
2023,2,HOU,IND,1,-1.0,40.0,19.5
2023,2,IND,HOU,0,-1.0,40.0,20.5
2023,2,JAX,KC,1,-3.5,50.5,23.5
2023,2,KC,JAX,0,-3.5,50.5,27.0
2023,2,LA,SF,1,-7.5,45.0,18.75
2023,2,LAC,TEN,0,-2.5,45.5,24.0
2023,2,LV,BUF,0,7.5,47.0,19.75
2023,2,MIA,NE,0,-2.0,46.5,24.25
2023,2,MIN,PHI,0,6.0,49.0,21.5
2023,2,NE,MIA,1,-2.0,46.5,22.25
2023,2,NO,CAR,0,-3.0,39.5,21.25
2023,2,NYG,ARI,0,-5.0,40.0,22.5
2023,2,NYJ,DAL,0,8.5,38.5,15.0
2023,2,PHI,MIN,1,6.0,49.0,27.5
2023,2,PIT,CLE,1,-2.5,39.0,18.25
2023,2,SEA,DET,0,4.5,47.5,21.5
2023,2,SF,LA,0,-7.5,45.0,26.25
2023,2,TB,CHI,1,2.5,41.0,21.75
2023,2,TEN,LAC,1,-2.5,45.5,21.5
2023,2,WAS,DEN,0,4.0,38.5,17.25
2023,3,ARI,DAL,1,-11.5,43.5,16.0
2023,3,ATL,DET,0,3.0,47.5,22.25
2023,3,BAL,IND,1,7.5,43.5,25.5
2023,3,BUF,WAS,0,-5.5,44.0,24.75
2023,3,CAR,SEA,0,5.0,42.5,18.75
2023,3,CHI,KC,0,13.0,48.0,17.5
2023,3,CIN,LA,1,3.0,45.5,24.25
2023,3,CLE,TEN,1,3.5,38.0,20.75
2023,3,DAL,ARI,0,-11.5,43.5,27.5
2023,3,DEN,MIA,0,6.0,47.5,20.75
2023,3,DET,ATL,1,3.0,47.5,25.25
2023,3,GB,NO,1,-1.5,41.5,20.0
2023,3,HOU,JAX,0,7.5,43.5,18.0
2023,3,IND,BAL,0,7.5,43.5,18.0
2023,3,JAX,HOU,1,7.5,43.5,25.5
2023,3,KC,CHI,1,13.0,48.0,30.5
2023,3,LA,CIN,0,3.0,45.5,21.25
2023,3,LAC,MIN,0,1.0,54.0,26.5
2023,3,LV,PIT,1,3.0,43.5,23.25
2023,3,MIA,DEN,1,6.0,47.5,26.75
2023,3,MIN,LAC,1,1.0,54.0,27.5
2023,3,NE,NYJ,0,-2.5,35.5,19.0
2023,3,NO,GB,0,-1.5,41.5,21.5
2023,3,NYG,SF,0,10.5,43.5,16.5
2023,3,NYJ,NE,1,-2.5,35.5,16.5
2023,3,PHI,TB,0,-6.0,44.0,25.0
2023,3,PIT,LV,0,3.0,43.5,20.25
2023,3,SEA,CAR,1,5.0,42.5,23.75
2023,3,SF,NYG,1,10.5,43.5,27.0
2023,3,TB,PHI,1,-6.0,44.0,19.0
2023,3,TEN,CLE,0,3.5,38.0,17.25
2023,3,WAS,BUF,1,-5.5,44.0,19.25
2023,4,ARI,SF,0,15.0,44.0,14.5
2023,4,ATL,JAX,0,3.5,42.5,19.5
2023,4,BAL,CLE,0,-2.0,38.5,20.25
2023,4,BUF,MIA,1,2.5,53.0,27.75
2023,4,CAR,MIN,1,-4.5,46.5,21.0
2023,4,CHI,DEN,1,-3.0,47.0,22.0
2023,4,CIN,TEN,0,-2.5,41.5,22.0
2023,4,CLE,BAL,1,-2.0,38.5,18.25
2023,4,DAL,NE,1,6.5,43.0,24.75
2023,4,DEN,CHI,0,-3.0,47.0,25.0
2023,4,DET,GB,0,-2.5,45.0,23.75
2023,4,GB,DET,1,-2.5,45.0,21.25
2023,4,HOU,PIT,1,-3.0,41.5,19.25
2023,4,IND,LA,1,-1.0,44.5,21.75
2023,4,JAX,ATL,1,3.5,42.5,23.0
2023,4,KC,NYJ,0,-9.5,41.5,25.5
2023,4,LA,IND,0,-1.0,44.5,22.75
2023,4,LAC,LV,1,7.0,49.0,28.0
2023,4,LV,LAC,0,7.0,49.0,21.0
2023,4,MIA,BUF,0,2.5,53.0,25.25
2023,4,MIN,CAR,0,-4.5,46.5,25.5
2023,4,NE,DAL,0,6.5,43.0,18.25
2023,4,NO,TB,1,4.0,41.0,22.5
2023,4,NYG,SEA,1,-2.5,46.5,22.0
2023,4,NYJ,KC,1,-9.5,41.5,16.0
2023,4,PHI,WAS,1,9.5,43.0,26.25
2023,4,PIT,HOU,0,-3.0,41.5,22.25
2023,4,SEA,NYG,0,-2.5,46.5,24.5
2023,4,SF,ARI,1,15.0,44.0,29.5
2023,4,TB,NO,0,4.0,41.0,18.5
2023,4,TEN,CIN,1,-2.5,41.5,19.5
2023,4,WAS,PHI,0,9.5,43.0,16.75
2023,5,ARI,CIN,1,-3.0,45.5,21.25
2023,5,ATL,HOU,1,2.5,42.0,22.25
2023,5,BAL,PIT,0,-4.5,38.5,21.5
2023,5,BUF,JAX,1,5.5,48.5,27.0
2023,5,CAR,DET,0,9.5,43.5,17.0
2023,5,CHI,WAS,0,6.0,45.5,19.75
2023,5,CIN,ARI,0,-3.0,45.5,24.25
2023,5,DAL,SF,0,3.5,45.0,20.75
2023,5,DEN,NYJ,1,2.5,42.5,22.5
2023,5,DET,CAR,1,9.5,43.5,26.5
2023,5,GB,LV,0,1.0,45.0,22.0
2023,5,HOU,ATL,0,2.5,42.0,19.75
2023,5,IND,TEN,1,-2.5,43.5,20.5
2023,5,JAX,BUF,0,5.5,48.5,21.5
2023,5,KC,MIN,0,-3.5,52.5,28.0
2023,5,LA,PHI,1,-3.5,50.5,23.5
2023,5,LV,GB,1,1.0,45.0,23.0
2023,5,MIA,NYG,1,12.5,47.5,30.0
2023,5,MIN,KC,1,-3.5,52.5,24.5
2023,5,NE,NO,1,2.5,38.5,20.5
2023,5,NO,NE,0,2.5,38.5,18.0
2023,5,NYG,MIA,0,12.5,47.5,17.5
2023,5,NYJ,DEN,0,2.5,42.5,20.0
2023,5,PHI,LA,0,-3.5,50.5,27.0
2023,5,PIT,BAL,1,-4.5,38.5,17.0
2023,5,SF,DAL,1,3.5,45.0,24.25
2023,5,TEN,IND,0,-2.5,43.5,23.0
2023,5,WAS,CHI,1,6.0,45.5,25.75
2023,6,ARI,LA,0,7.0,48.0,20.5
2023,6,ATL,WAS,1,1.5,42.0,21.75
2023,6,BAL,TEN,0,-5.5,42.5,24.0
2023,6,BUF,NYG,1,15.5,43.5,29.5
2023,6,CAR,MIA,0,14.0,47.5,16.75
2023,6,CHI,MIN,1,-3.0,44.5,20.75
2023,6,CIN,SEA,1,3.0,45.5,24.25
2023,6,CLE,SF,1,-9.5,36.0,13.25
2023,6,DAL,LAC,0,-1.5,49.5,25.5
2023,6,DEN,KC,0,10.5,47.5,18.5
2023,6,DET,TB,0,-3.0,43.5,23.25
2023,6,HOU,NO,1,-2.0,42.5,20.25
2023,6,IND,JAX,0,4.0,44.0,20.0
2023,6,JAX,IND,1,4.0,44.0,24.0
2023,6,KC,DEN,1,10.5,47.5,29.0
2023,6,LA,ARI,1,7.0,48.0,27.5
2023,6,LAC,DAL,1,-1.5,49.5,24.0
2023,6,LV,NE,1,3.0,41.5,22.25
2023,6,MIA,CAR,1,14.0,47.5,30.75
2023,6,MIN,CHI,0,-3.0,44.5,23.75
2023,6,NE,LV,0,3.0,41.5,19.25
2023,6,NO,HOU,0,-2.0,42.5,22.25
2023,6,NYG,BUF,0,15.5,43.5,14.0
2023,6,NYJ,PHI,1,-6.5,43.0,18.25
2023,6,PHI,NYJ,0,-6.5,43.0,24.75
2023,6,SEA,CIN,0,3.0,45.5,21.25
2023,6,SF,CLE,0,-9.5,36.0,22.75
2023,6,TB,DET,1,-3.0,43.5,20.25
2023,6,TEN,BAL,1,-5.5,42.5,18.5
2023,6,WAS,ATL,0,1.5,42.0,20.25
2023,7,ARI,SEA,0,9.5,43.5,17.0
2023,7,ATL,TB,0,3.0,37.5,17.25
2023,7,BAL,DET,1,3.0,43.5,23.25
2023,7,BUF,NE,0,-7.5,41.0,24.25
2023,7,CHI,LV,1,-2.5,38.5,18.0
2023,7,CLE,IND,0,-3.5,40.0,21.75
2023,7,DEN,GB,1,1.5,44.0,22.75
2023,7,DET,BAL,0,3.0,43.5,20.25
2023,7,GB,DEN,0,1.5,44.0,21.25
2023,7,IND,CLE,1,-3.5,40.0,18.25
2023,7,JAX,NO,0,2.5,41.0,19.25
2023,7,KC,LAC,1,5.5,48.5,27.0
2023,7,LA,PIT,1,3.5,44.0,23.75
2023,7,LAC,KC,0,5.5,48.5,21.5
2023,7,LV,CHI,0,-2.5,38.5,20.5
2023,7,MIA,PHI,0,3.0,52.0,24.5
2023,7,MIN,SF,1,-7.0,44.5,18.75
2023,7,NE,BUF,1,-7.5,41.0,16.75
2023,7,NO,JAX,1,2.5,41.0,21.75
2023,7,NYG,WAS,1,-3.0,37.0,17.0
2023,7,PHI,MIA,1,3.0,52.0,27.5
2023,7,PIT,LA,0,3.5,44.0,20.25
2023,7,SEA,ARI,1,9.5,43.5,26.5
2023,7,SF,MIN,0,-7.0,44.5,25.75
2023,7,TB,ATL,1,3.0,37.5,20.25
2023,7,WAS,NYG,0,-3.0,37.0,20.0
2023,8,ARI,BAL,1,-9.5,44.5,17.5
2023,8,ATL,TEN,0,-2.5,35.0,18.75
2023,8,BAL,ARI,0,-9.5,44.5,27.0
2023,8,BUF,TB,1,10.0,43.0,26.5
2023,8,CAR,HOU,1,-3.0,43.0,20.0
2023,8,CHI,LAC,0,9.5,46.0,18.25
2023,8,CIN,SF,0,4.0,44.0,20.0
2023,8,CLE,SEA,0,4.0,39.5,17.75
2023,8,DAL,LA,1,6.5,44.5,25.5
2023,8,DEN,KC,1,-7.0,45.5,19.25
2023,8,DET,LV,1,7.0,46.0,26.5
2023,8,GB,MIN,1,-1.0,41.5,20.25
2023,8,HOU,CAR,0,-3.0,43.0,23.0
2023,8,IND,NO,1,-2.0,43.5,20.75
2023,8,JAX,PIT,0,-2.5,41.0,21.75
2023,8,KC,DEN,0,-7.0,45.5,26.25
2023,8,LA,DAL,0,6.5,44.5,19.0
2023,8,LAC,CHI,1,9.5,46.0,27.75
2023,8,LV,DET,0,7.0,46.0,19.5
2023,8,MIA,NE,1,7.5,46.5,27.0
2023,8,MIN,GB,0,-1.0,41.5,21.25
2023,8,NE,MIA,0,7.5,46.5,19.5
2023,8,NO,IND,0,-2.0,43.5,22.75
2023,8,NYG,NYJ,1,-3.0,35.0,16.0
2023,8,NYJ,NYG,0,-3.0,35.0,19.0
2023,8,PHI,WAS,0,-7.0,42.5,24.75
2023,8,PIT,JAX,1,-2.5,41.0,19.25
2023,8,SEA,CLE,1,4.0,39.5,21.75
2023,8,SF,CIN,1,4.0,44.0,24.0
2023,8,TB,BUF,0,10.0,43.0,16.5
2023,8,TEN,ATL,1,-2.5,35.0,16.25
2023,8,WAS,PHI,1,-7.0,42.5,17.75
2023,9,ARI,CLE,0,13.0,38.0,12.5
2023,9,ATL,MIN,1,3.5,38.5,21.0
2023,9,BAL,SEA,1,6.0,44.5,25.25
2023,9,BUF,CIN,0,1.5,51.0,24.75
2023,9,CAR,IND,1,-1.5,45.0,21.75
2023,9,CHI,NO,0,9.0,42.0,16.5
2023,9,CIN,BUF,1,1.5,51.0,26.25
2023,9,CLE,ARI,1,13.0,38.0,25.5
2023,9,DAL,PHI,0,3.5,46.5,21.5
2023,9,GB,LA,1,3.5,38.0,20.75
2023,9,HOU,TB,1,2.5,39.5,21.0
2023,9,IND,CAR,0,-1.5,45.0,23.25
2023,9,KC,MIA,1,1.0,51.0,26.0
2023,9,LA,GB,0,3.5,38.0,17.25
2023,9,LAC,NYJ,0,-3.0,41.0,22.0
2023,9,LV,NYG,1,1.0,38.5,19.75
2023,9,MIA,KC,0,1.0,51.0,25.0
2023,9,MIN,ATL,0,3.5,38.5,17.5
2023,9,NE,WAS,1,2.5,40.5,21.5
2023,9,NO,CHI,1,9.0,42.0,25.5
2023,9,NYG,LV,0,1.0,38.5,18.75
2023,9,NYJ,LAC,1,-3.0,41.0,19.0
2023,9,PHI,DAL,1,3.5,46.5,25.0
2023,9,PIT,TEN,1,3.5,37.0,20.25
2023,9,SEA,BAL,0,6.0,44.5,19.25
2023,9,TB,HOU,0,2.5,39.5,18.5
2023,9,TEN,PIT,0,3.5,37.0,16.75
2023,9,WAS,NE,0,2.5,40.5,19.0
2023,10,ARI,ATL,1,-2.0,43.5,20.75
2023,10,ATL,ARI,0,-2.0,43.5,22.75
2023,10,BAL,CLE,1,6.0,38.5,22.25
2023,10,BUF,DEN,1,7.5,47.5,27.5
2023,10,CAR,CHI,0,3.0,38.0,17.5
2023,10,CHI,CAR,1,3.0,38.0,20.5
2023,10,CIN,HOU,1,5.5,46.0,25.75
2023,10,CLE,BAL,0,6.0,38.5,16.25
2023,10,DAL,NYG,1,17.5,38.5,28.0
2023,10,DEN,BUF,0,7.5,47.5,20.0
2023,10,DET,LAC,0,-2.5,48.5,25.5
2023,10,GB,PIT,0,3.0,38.5,17.75
2023,10,HOU,CIN,0,5.5,46.0,20.25
2023,10,IND,NE,0,-1.0,42.0,21.5
2023,10,JAX,SF,1,-3.0,44.5,20.75
2023,10,LAC,DET,1,-2.5,48.5,23.0
2023,10,LV,NYJ,1,-1.0,35.5,17.25
2023,10,MIN,NO,1,-3.0,41.0,19.0
2023,10,NE,IND,1,-1.0,42.0,20.5
2023,10,NO,MIN,0,-3.0,41.0,22.0
2023,10,NYG,DAL,0,17.5,38.5,10.5
2023,10,NYJ,LV,0,-1.0,35.5,18.25
2023,10,PIT,GB,1,3.0,38.5,20.75
2023,10,SEA,WAS,1,6.0,44.0,25.0
2023,10,SF,JAX,0,-3.0,44.5,23.75
2023,10,TB,TEN,1,2.5,39.5,21.0
2023,10,TEN,TB,0,2.5,39.5,18.5
2023,10,WAS,SEA,0,6.0,44.0,19.0
2023,11,ARI,HOU,0,5.5,48.0,21.25
2023,11,BAL,CIN,1,4.0,46.5,25.25
2023,11,BUF,NYJ,1,8.0,39.5,23.75
2023,11,CAR,DAL,1,-11.0,43.0,16.0
2023,11,CHI,DET,0,8.0,48.0,20.0
2023,11,CIN,BAL,0,4.0,46.5,21.25
2023,11,CLE,PIT,1,2.5,34.0,18.25
2023,11,DAL,CAR,0,-11.0,43.0,27.0
2023,11,DEN,MIN,1,2.5,43.5,23.0
2023,11,DET,CHI,1,8.0,48.0,28.0
2023,11,GB,LAC,1,-3.0,44.0,20.5
2023,11,HOU,ARI,1,5.5,48.0,26.75
2023,11,JAX,TEN,1,6.5,40.0,23.25
2023,11,KC,PHI,1,2.5,46.0,24.25
2023,11,LA,SEA,1,2.5,45.0,23.75
2023,11,LAC,GB,0,-3.0,44.0,23.5
2023,11,LV,MIA,0,14.0,44.5,15.25
2023,11,MIA,LV,1,14.0,44.5,29.25
2023,11,MIN,DEN,0,2.5,43.5,20.5
2023,11,NYG,WAS,0,7.5,39.0,15.75
2023,11,NYJ,BUF,0,8.0,39.5,15.75
2023,11,PHI,KC,0,2.5,46.0,21.75
2023,11,PIT,CLE,0,2.5,34.0,15.75
2023,11,SEA,LA,0,2.5,45.0,21.25
2023,11,SF,TB,1,13.5,41.5,27.5
2023,11,TB,SF,0,13.5,41.5,14.0
2023,11,TEN,JAX,0,6.5,40.0,16.75
2023,11,WAS,NYG,1,7.5,39.0,23.25
2023,12,ARI,LA,1,-3.0,45.0,21.0
2023,12,ATL,NO,1,-2.0,42.0,20.0
2023,12,BAL,LAC,0,-3.0,49.0,26.0
2023,12,BUF,PHI,0,2.5,49.0,23.25
2023,12,CAR,TEN,0,3.5,36.0,16.25
2023,12,CHI,MIN,0,3.0,43.5,20.25
2023,12,CIN,PIT,1,-2.0,36.0,17.0
2023,12,CLE,DEN,0,1.5,37.5,18.0
2023,12,DAL,WAS,1,13.0,48.0,30.5
2023,12,DEN,CLE,1,1.5,37.5,19.5
2023,12,DET,GB,1,8.5,47.0,27.75
2023,12,GB,DET,0,8.5,47.0,19.25
2023,12,HOU,JAX,1,-1.0,48.0,23.5
2023,12,IND,TB,1,2.5,45.0,23.75
2023,12,JAX,HOU,0,-1.0,48.0,24.5
2023,12,KC,LV,0,-9.0,42.5,25.75
2023,12,LA,ARI,0,-3.0,45.0,24.0
2023,12,LAC,BAL,1,-3.0,49.0,23.0
2023,12,LV,KC,1,-9.0,42.5,16.75
2023,12,MIA,NYJ,0,-9.5,40.0,24.75
2023,12,MIN,CHI,1,3.0,43.5,23.25
2023,12,NE,NYG,0,-4.5,36.5,20.5
2023,12,NO,ATL,0,-2.0,42.0,22.0
2023,12,NYG,NE,1,-4.5,36.5,16.0
2023,12,NYJ,MIA,1,-9.5,40.0,15.25
2023,12,PHI,BUF,1,2.5,49.0,25.75
2023,12,PIT,CIN,0,-2.0,36.0,19.0
2023,12,SEA,SF,1,-7.0,43.5,18.25
2023,12,SF,SEA,0,-7.0,43.5,25.25
2023,12,TB,IND,0,2.5,45.0,21.25
2023,12,TEN,CAR,1,3.5,36.0,19.75
2023,12,WAS,DAL,0,13.0,48.0,17.5
2023,13,ARI,PIT,0,6.0,41.0,17.5
2023,13,ATL,NYJ,0,-2.0,33.0,17.5
2023,13,CAR,TB,0,4.0,37.0,16.5
2023,13,CIN,JAX,0,10.0,41.0,15.5
2023,13,CLE,LA,0,3.5,39.5,18.0
2023,13,DAL,SEA,1,9.5,47.5,28.5
2023,13,DEN,HOU,0,3.5,47.5,22.0
2023,13,DET,NO,0,-4.0,47.5,25.75
2023,13,GB,KC,1,-5.5,43.5,19.0
2023,13,HOU,DEN,1,3.5,47.5,25.5
2023,13,IND,TEN,0,-1.5,42.0,21.75
2023,13,JAX,CIN,1,10.0,41.0,25.5
2023,13,KC,GB,0,-5.5,43.5,24.5
2023,13,LA,CLE,1,3.5,39.5,21.5
2023,13,LAC,NE,0,-4.5,38.5,21.5
2023,13,MIA,WAS,0,-8.5,50.0,29.25
2023,13,NE,LAC,1,-4.5,38.5,17.0
2023,13,NO,DET,1,-4.0,47.5,21.75
2023,13,NYJ,ATL,1,-2.0,33.0,15.5
2023,13,PHI,SF,1,-3.0,46.5,21.75
2023,13,PIT,ARI,1,6.0,41.0,23.5
2023,13,SEA,DAL,0,9.5,47.5,19.0
2023,13,SF,PHI,0,-3.0,46.5,24.75
2023,13,TB,CAR,1,4.0,37.0,20.5
2023,13,TEN,IND,1,-1.5,42.0,20.25
2023,13,WAS,MIA,1,-8.5,50.0,20.75
2023,14,ATL,TB,1,1.5,41.5,21.5
2023,14,BAL,LA,1,7.5,42.0,24.75
2023,14,BUF,KC,0,2.0,49.5,23.75
2023,14,CAR,NO,0,5.5,39.0,16.75
2023,14,CHI,DET,1,-3.0,44.5,20.75
2023,14,CIN,IND,1,3.0,45.0,24.0
2023,14,CLE,JAX,1,2.5,37.5,20.0
2023,14,DAL,PHI,1,3.5,52.5,28.0
2023,14,DEN,LAC,0,3.0,45.0,21.0
2023,14,DET,CHI,0,-3.0,44.5,23.75
2023,14,GB,NYG,0,-6.0,37.5,21.75
2023,14,HOU,NYJ,0,-3.5,33.5,18.5
2023,14,IND,CIN,0,3.0,45.0,21.0
2023,14,JAX,CLE,0,2.5,37.5,17.5
2023,14,KC,BUF,1,2.0,49.5,25.75
2023,14,LA,BAL,0,7.5,42.0,17.25
2023,14,LAC,DEN,1,3.0,45.0,24.0
2023,14,LV,MIN,1,-3.0,40.5,18.75
2023,14,MIA,TEN,1,14.0,45.0,29.5
2023,14,MIN,LV,0,-3.0,40.5,21.75
2023,14,NE,PIT,0,6.0,30.0,12.0
2023,14,NO,CAR,1,5.5,39.0,22.25
2023,14,NYG,GB,1,-6.0,37.5,15.75
2023,14,NYJ,HOU,1,-3.5,33.5,15.0
2023,14,PHI,DAL,0,3.5,52.5,24.5
2023,14,PIT,NE,1,6.0,30.0,18.0
2023,14,SEA,SF,0,14.5,44.5,15.0
2023,14,SF,SEA,1,14.5,44.5,29.5
2023,14,TB,ATL,0,1.5,41.5,20.0
2023,14,TEN,MIA,0,14.0,45.0,15.5
2023,15,ARI,SF,1,-12.5,48.0,17.75
2023,15,ATL,CAR,0,-3.0,32.0,17.5
2023,15,BAL,JAX,0,-4.0,42.5,23.25
2023,15,BUF,DAL,1,2.0,49.5,25.75
2023,15,CAR,ATL,1,-3.0,32.0,14.5
2023,15,CHI,CLE,0,3.0,38.0,17.5
2023,15,CIN,MIN,1,3.0,41.5,22.25
2023,15,CLE,CHI,1,3.0,38.0,20.5
2023,15,DAL,BUF,0,2.0,49.5,23.75
2023,15,DEN,DET,0,5.5,49.0,21.75
2023,15,DET,DEN,1,5.5,49.0,27.25
2023,15,GB,TB,1,4.0,41.5,22.75
2023,15,HOU,TEN,0,3.0,38.0,17.5
2023,15,IND,PIT,1,1.5,41.5,21.5
2023,15,JAX,BAL,1,-4.0,42.5,19.25
2023,15,KC,NE,0,-10.0,39.5,24.75
2023,15,LA,WAS,1,6.5,48.5,27.5
2023,15,LAC,LV,0,3.0,36.0,16.5
2023,15,LV,LAC,1,3.0,36.0,19.5
2023,15,MIA,NYJ,1,7.5,36.0,21.75
2023,15,MIN,CIN,0,3.0,41.5,19.25
2023,15,NE,KC,1,-10.0,39.5,14.75
2023,15,NO,NYG,1,6.0,39.5,22.75
2023,15,NYG,NO,0,6.0,39.5,16.75
2023,15,NYJ,MIA,0,7.5,36.0,14.25
2023,15,PHI,SEA,0,-5.0,46.0,25.5
2023,15,PIT,IND,0,1.5,41.5,20.0
2023,15,SEA,PHI,1,-5.0,46.0,20.5
2023,15,SF,ARI,0,-12.5,48.0,30.25
2023,15,TB,GB,0,4.0,41.5,18.75
2023,15,TEN,HOU,1,3.0,38.0,20.5
2023,15,WAS,LA,0,6.5,48.5,21.0
2023,16,ARI,CHI,0,4.5,42.0,18.75
2023,16,ATL,IND,1,3.0,44.0,23.5
2023,16,BAL,SF,0,6.5,47.5,20.5
2023,16,BUF,LAC,0,-13.0,44.5,28.75
2023,16,CAR,GB,1,-3.5,39.5,18.0
2023,16,CHI,ARI,1,4.5,42.0,23.25
2023,16,CIN,PIT,0,-3.0,39.5,21.25
2023,16,CLE,HOU,0,-3.0,40.0,21.5
2023,16,DAL,MIA,0,1.5,48.5,23.5
2023,16,DEN,NE,1,7.0,37.5,22.25
2023,16,DET,MIN,0,-2.5,47.5,25.0
2023,16,GB,CAR,0,-3.5,39.5,21.5
2023,16,HOU,CLE,1,-3.0,40.0,18.5
2023,16,IND,ATL,0,3.0,44.0,20.5
2023,16,JAX,TB,0,-2.0,43.0,22.5
2023,16,KC,LV,1,11.0,40.5,25.75
2023,16,LA,NO,1,4.0,45.5,24.75
2023,16,LAC,BUF,1,-13.0,44.5,15.75
2023,16,LV,KC,0,11.0,40.5,14.75
2023,16,MIA,DAL,1,1.5,48.5,25.0
2023,16,MIN,DET,1,-2.5,47.5,22.5
2023,16,NE,DEN,0,7.0,37.5,15.25
2023,16,NO,LA,0,4.0,45.5,20.75
2023,16,NYG,PHI,0,14.0,41.0,13.5
2023,16,NYJ,WAS,1,3.0,36.5,19.75
2023,16,PHI,NYG,1,14.0,41.0,27.5
2023,16,PIT,CIN,1,-3.0,39.5,18.25
2023,16,SEA,TEN,0,-3.0,42.0,22.5
2023,16,SF,BAL,1,6.5,47.5,27.0
2023,16,TB,JAX,1,-2.0,43.0,20.5
2023,16,TEN,SEA,1,-3.0,42.0,19.5
2023,16,WAS,NYJ,0,3.0,36.5,16.75
2023,17,ARI,PHI,0,12.0,48.0,18.0
2023,17,ATL,CHI,0,3.0,39.0,18.0
2023,17,BAL,MIA,1,3.0,47.0,25.0
2023,17,BUF,NE,1,15.0,40.0,27.5
2023,17,CAR,JAX,0,3.5,38.0,17.25
2023,17,CHI,ATL,1,3.0,39.0,21.0
2023,17,CIN,KC,0,7.5,46.0,19.25
2023,17,CLE,NYJ,1,6.5,33.5,20.0
2023,17,DAL,DET,1,5.5,53.0,29.25
2023,17,DEN,LAC,1,3.5,39.5,21.5
2023,17,DET,DAL,0,5.5,53.0,23.75
2023,17,GB,MIN,0,1.0,42.5,20.75
2023,17,HOU,TEN,1,5.0,44.0,24.5
2023,17,IND,LV,1,3.5,42.5,23.0
2023,17,JAX,CAR,1,3.5,38.0,20.75
2023,17,KC,CIN,1,7.5,46.0,26.75
2023,17,LA,NYG,0,-6.0,43.5,24.75
2023,17,LAC,DEN,0,3.5,39.5,18.0
2023,17,LV,IND,0,3.5,42.5,19.5
2023,17,MIA,BAL,0,3.0,47.0,22.0
2023,17,MIN,GB,1,1.0,42.5,21.75
2023,17,NE,BUF,0,15.0,40.0,12.5
2023,17,NO,TB,0,2.5,42.5,20.0
2023,17,NYG,LA,1,-6.0,43.5,18.75
2023,17,NYJ,CLE,0,6.5,33.5,13.5
2023,17,PHI,ARI,1,12.0,48.0,30.0
2023,17,PIT,SEA,0,4.5,40.5,18.0
2023,17,SEA,PIT,1,4.5,40.5,22.5
2023,17,SF,WAS,0,-14.0,49.0,31.5
2023,17,TB,NO,1,2.5,42.5,22.5
2023,17,TEN,HOU,0,5.0,44.0,19.5
2023,17,WAS,SF,1,-14.0,49.0,17.5
2023,18,ARI,SEA,1,-2.5,48.0,22.75
2023,18,ATL,NO,0,3.5,41.5,19.0
2023,18,BAL,PIT,1,-3.0,34.0,15.5
2023,18,BUF,MIA,0,-2.5,47.5,25.0
2023,18,CAR,TB,1,-5.0,36.5,15.75
2023,18,CHI,GB,0,2.5,45.5,21.5
2023,18,CIN,CLE,1,7.5,37.0,22.25
2023,18,CLE,CIN,0,7.5,37.0,14.75
2023,18,DAL,WAS,0,-13.0,47.5,30.25
2023,18,DEN,LV,0,3.5,37.5,17.0
2023,18,DET,MIN,1,3.5,47.5,25.5
2023,18,GB,CHI,1,2.5,45.5,24.0
2023,18,HOU,IND,0,-1.5,47.5,24.5
2023,18,IND,HOU,1,-1.5,47.5,23.0
2023,18,JAX,TEN,0,-3.5,41.5,22.5
2023,18,KC,LAC,0,3.5,35.0,15.75
2023,18,LA,SF,0,5.5,40.0,17.25
2023,18,LAC,KC,1,3.5,35.0,19.25
2023,18,LV,DEN,1,3.5,37.5,20.5
2023,18,MIA,BUF,1,-2.5,47.5,22.5
2023,18,MIN,DET,0,3.5,47.5,22.0
2023,18,NE,NYJ,1,2.5,28.5,15.5
2023,18,NO,ATL,1,3.5,41.5,22.5
2023,18,NYG,PHI,1,-4.5,43.0,19.25
2023,18,NYJ,NE,0,2.5,28.5,13.0
2023,18,PHI,NYG,0,-4.5,43.0,23.75
2023,18,PIT,BAL,0,-3.0,34.0,18.5
2023,18,SEA,ARI,0,-2.5,48.0,25.25
2023,18,SF,LA,1,5.5,40.0,22.75
2023,18,TB,CAR,0,-5.0,36.5,20.75
2023,18,TEN,JAX,1,-3.5,41.5,19.0
2023,18,WAS,DAL,1,-13.0,47.5,17.25
2023,19,BUF,PIT,1,10.0,39.5,24.75
2023,19,CLE,HOU,0,-2.5,45.0,23.75
2023,19,DAL,GB,1,7.0,52.5,29.75
2023,19,DET,LA,1,3.5,52.5,28.0
2023,19,GB,DAL,0,7.0,52.5,22.75
2023,19,HOU,CLE,1,-2.5,45.0,21.25
2023,19,KC,MIA,1,4.5,43.5,24.0
2023,19,LA,DET,0,3.5,52.5,24.5
2023,19,MIA,KC,0,4.5,43.5,19.5
2023,19,PHI,TB,0,-2.5,43.0,22.75
2023,19,PIT,BUF,0,10.0,39.5,14.75
2023,19,TB,PHI,1,-2.5,43.0,20.25
2023,20,BAL,HOU,1,10.0,44.0,27.0
2023,20,BUF,KC,1,2.5,45.5,24.0
2023,20,DET,TB,1,6.0,49.5,27.75
2023,20,GB,SF,0,10.5,50.5,20.0
2023,20,HOU,BAL,0,10.0,44.0,17.0
2023,20,KC,BUF,0,2.5,45.5,21.5
2023,20,SF,GB,1,10.5,50.5,30.5
2023,20,TB,DET,0,6.0,49.5,21.75
2023,21,BAL,KC,1,4.5,44.0,24.25
2023,21,DET,SF,0,7.5,52.5,22.5
2023,21,KC,BAL,0,4.5,44.0,19.75
2023,21,SF,DET,1,7.5,52.5,30.0
2023,22,KC,SF,1,-1.5,47.0,22.75
2023,22,SF,KC,0,-1.5,47.0,24.25
2024,1,ARI,BUF,0,6.5,46.0,19.75
2024,1,ATL,PIT,1,4.0,43.0,23.5
2024,1,BAL,KC,0,3.0,46.0,21.5
2024,1,BUF,ARI,1,6.5,46.0,26.25
2024,1,CAR,NO,0,3.5,41.5,19.0
2024,1,CHI,TEN,1,4.0,43.0,23.5
2024,1,CIN,NE,1,8.0,40.5,24.25
2024,1,CLE,DAL,1,2.5,42.0,22.25
2024,1,DAL,CLE,0,2.5,42.0,19.75
2024,1,DEN,SEA,0,6.5,42.0,17.75
2024,1,DET,LA,1,5.0,54.0,29.5
2024,1,GB,PHI,0,2.0,49.5,23.75
2024,1,HOU,IND,0,-3.0,49.0,26.0
2024,1,IND,HOU,1,-3.0,49.0,23.0
2024,1,JAX,MIA,0,3.5,49.5,23.0
2024,1,KC,BAL,1,3.0,46.0,24.5
2024,1,LA,DET,0,5.0,54.0,24.5
2024,1,LAC,LV,1,3.0,41.0,22.0
2024,1,LV,LAC,0,3.0,41.0,19.0
2024,1,MIA,JAX,1,3.5,49.5,26.5
2024,1,MIN,NYG,0,-1.0,42.5,21.75
2024,1,NE,CIN,0,8.0,40.5,16.25
2024,1,NO,CAR,1,3.5,41.5,22.5
2024,1,NYG,MIN,1,-1.0,42.5,20.75
2024,1,NYJ,SF,0,3.5,43.0,19.75
2024,1,PHI,GB,1,2.0,49.5,25.75
2024,1,PIT,ATL,0,4.0,43.0,19.5
2024,1,SEA,DEN,1,6.5,42.0,24.25
2024,1,SF,NYJ,1,3.5,43.0,23.25
2024,1,TB,WAS,1,4.0,42.0,23.0
2024,1,TEN,CHI,0,4.0,43.0,19.5
2024,1,WAS,TB,0,4.0,42.0,19.0
2024,2,ARI,LA,1,-1.0,47.5,23.25
2024,2,ATL,PHI,0,5.5,46.5,20.5
2024,2,BAL,LV,1,9.0,41.0,25.0
2024,2,BUF,MIA,0,2.5,48.5,23.0
2024,2,CAR,LAC,1,-5.0,39.0,17.0
2024,2,CHI,HOU,0,6.0,45.5,19.75
2024,2,CIN,KC,0,6.5,47.5,20.5
2024,2,CLE,JAX,0,3.0,41.5,19.25
2024,2,DAL,NO,1,6.5,47.0,26.75
2024,2,DEN,PIT,1,-3.0,36.5,16.75
2024,2,DET,TB,1,7.5,51.5,29.5
2024,2,GB,IND,1,-3.0,41.5,19.25
2024,2,HOU,CHI,1,6.0,45.5,25.75
2024,2,IND,GB,0,-3.0,41.5,22.25
2024,2,JAX,CLE,1,3.0,41.5,22.25
2024,2,KC,CIN,1,6.5,47.5,27.0
2024,2,LA,ARI,0,-1.0,47.5,24.25
2024,2,LAC,CAR,0,-5.0,39.0,22.0
2024,2,LV,BAL,0,9.0,41.0,16.0
2024,2,MIA,BUF,1,2.5,48.5,25.5
2024,2,MIN,SF,1,-4.5,46.5,21.0
2024,2,NE,SEA,1,-3.5,39.0,17.75
2024,2,NO,DAL,0,6.5,47.0,20.25
2024,2,NYG,WAS,0,1.5,42.5,20.5
2024,2,NYJ,TEN,0,-3.5,41.5,22.5
2024,2,PHI,ATL,1,5.5,46.5,26.0
2024,2,PIT,DEN,0,-3.0,36.5,19.75
2024,2,SEA,NE,0,-3.5,39.0,21.25
2024,2,SF,MIN,0,-4.5,46.5,25.5
2024,2,TB,DET,0,7.5,51.5,22.0
2024,2,TEN,NYJ,1,-3.5,41.5,19.0
2024,2,WAS,NYG,1,1.5,42.5,22.0
2024,3,ARI,DET,1,-3.0,51.5,24.25
2024,3,ATL,KC,1,-3.0,46.0,21.5
2024,3,BAL,DAL,0,-1.5,47.5,24.5
2024,3,BUF,JAX,1,4.0,46.5,25.25
2024,3,CAR,LV,0,5.5,40.0,17.25
2024,3,CHI,IND,0,1.5,43.0,20.75
2024,3,CIN,WAS,1,7.5,46.0,26.75
2024,3,CLE,NYG,1,6.5,38.0,22.25
2024,3,DAL,BAL,1,-1.5,47.5,23.0
2024,3,DEN,TB,0,6.0,40.5,17.25
2024,3,DET,ARI,0,-3.0,51.5,27.25
2024,3,GB,TEN,0,3.0,37.0,17.0
2024,3,HOU,MIN,0,-2.0,46.0,24.0
2024,3,IND,CHI,1,1.5,43.0,22.25
2024,3,JAX,BUF,0,4.0,46.5,21.25
2024,3,KC,ATL,0,-3.0,46.0,24.5
2024,3,LA,SF,1,-6.0,44.5,19.25
2024,3,LAC,PIT,0,3.0,36.0,16.5
2024,3,LV,CAR,1,5.5,40.0,22.75
2024,3,MIA,SEA,0,4.0,41.5,18.75
2024,3,MIN,HOU,1,-2.0,46.0,22.0
2024,3,NE,NYJ,0,6.5,39.0,16.25
2024,3,NO,PHI,1,2.5,49.0,25.75
2024,3,NYG,CLE,0,6.5,38.0,15.75
2024,3,NYJ,NE,1,6.5,39.0,22.75
2024,3,PHI,NO,0,2.5,49.0,23.25
2024,3,PIT,LAC,1,3.0,36.0,19.5
2024,3,SEA,MIA,1,4.0,41.5,22.75
2024,3,SF,LA,0,-6.0,44.5,25.25
2024,3,TB,DEN,1,6.0,40.5,23.25
2024,3,TEN,GB,1,3.0,37.0,20.0
2024,3,WAS,CIN,0,7.5,46.0,19.25
2024,4,ARI,WAS,1,3.5,49.0,26.25
2024,4,ATL,NO,1,2.5,41.5,22.0
2024,4,BAL,BUF,1,2.5,46.5,24.5
2024,4,BUF,BAL,0,2.5,46.5,22.0
2024,4,CAR,CIN,1,-4.5,47.0,21.25
2024,4,CHI,LA,1,3.0,40.0,21.5
2024,4,CIN,CAR,0,-4.5,47.0,25.75
2024,4,CLE,LV,0,-2.5,36.5,19.5
2024,4,DAL,NYG,0,-5.5,45.0,25.25
2024,4,DEN,NYJ,0,7.5,39.5,16.0
2024,4,DET,SEA,1,3.5,46.5,25.0
2024,4,GB,MIN,1,2.5,44.0,23.25
2024,4,HOU,JAX,1,5.5,44.5,25.0
2024,4,IND,PIT,1,-2.5,40.0,18.75
2024,4,JAX,HOU,0,5.5,44.5,19.5
2024,4,KC,LAC,0,-7.5,41.5,24.5
2024,4,LA,CHI,0,3.0,40.0,18.5
2024,4,LAC,KC,1,-7.5,41.5,17.0
2024,4,LV,CLE,1,-2.5,36.5,17.0
2024,4,MIA,TEN,1,2.5,37.0,19.75
2024,4,MIN,GB,0,2.5,44.0,20.75
2024,4,NE,SF,0,10.5,41.5,15.5
2024,4,NO,ATL,0,2.5,41.5,19.5
2024,4,NYG,DAL,1,-5.5,45.0,19.75
2024,4,NYJ,DEN,1,7.5,39.5,23.5
2024,4,PHI,TB,0,-1.0,42.0,21.5
2024,4,PIT,IND,0,-2.5,40.0,21.25
2024,4,SEA,DET,0,3.5,46.5,21.5
2024,4,SF,NE,1,10.5,41.5,26.0
2024,4,TB,PHI,1,-1.0,42.0,20.5
2024,4,TEN,MIA,0,2.5,37.0,17.25
2024,4,WAS,ARI,0,3.5,49.0,22.75
2024,5,ARI,SF,0,7.0,48.5,20.75
2024,5,ATL,TB,1,2.5,44.0,23.25
2024,5,BAL,CIN,0,-2.5,48.5,25.5
2024,5,BUF,HOU,0,1.0,48.0,23.5
2024,5,CAR,CHI,0,4.0,40.0,18.0
2024,5,CHI,CAR,1,4.0,40.0,22.0
2024,5,CIN,BAL,1,-2.5,48.5,23.0
2024,5,CLE,WAS,0,3.0,44.0,20.5
2024,5,DAL,PIT,0,2.5,43.5,20.5
2024,5,DEN,LV,1,3.0,36.0,19.5
2024,5,GB,LA,0,-3.0,49.5,26.25
2024,5,HOU,BUF,1,1.0,48.0,24.5
2024,5,IND,JAX,0,3.5,45.0,20.75
2024,5,JAX,IND,1,3.5,45.0,24.25
2024,5,KC,NO,1,5.5,43.0,24.25
2024,5,LA,GB,1,-3.0,49.5,23.25
2024,5,LV,DEN,0,3.0,36.0,16.5
2024,5,MIA,NE,0,-2.0,37.0,19.5
2024,5,MIN,NYJ,1,2.5,42.0,22.25
2024,5,NE,MIA,1,-2.0,37.0,17.5
2024,5,NO,KC,0,5.5,43.0,18.75
2024,5,NYG,SEA,0,7.0,42.5,17.75
2024,5,NYJ,MIN,0,2.5,42.0,19.75
2024,5,PIT,DAL,1,2.5,43.5,23.0
2024,5,SEA,NYG,1,7.0,42.5,24.75
2024,5,SF,ARI,1,7.0,48.5,27.75
2024,5,TB,ATL,0,2.5,44.0,20.75
2024,5,WAS,CLE,1,3.0,44.0,23.5
2024,6,ARI,GB,0,5.5,47.0,20.75
2024,6,ATL,CAR,0,-6.0,45.5,25.75
2024,6,BAL,WAS,1,6.5,51.5,29.0
2024,6,BUF,NYJ,0,-1.0,42.0,21.5
2024,6,CAR,ATL,1,-6.0,45.5,19.75
2024,6,CHI,JAX,1,-1.5,44.5,21.5
2024,6,CIN,NYG,0,-4.5,46.0,25.25
2024,6,CLE,PHI,0,8.0,42.0,17.0
2024,6,DAL,DET,1,-3.5,52.5,24.5
2024,6,DEN,LAC,1,-3.0,37.0,17.0
2024,6,DET,DAL,0,-3.5,52.5,28.0
2024,6,GB,ARI,1,5.5,47.0,26.25
2024,6,HOU,NE,0,-6.5,38.5,22.5
2024,6,IND,TEN,0,2.5,42.0,19.75
2024,6,JAX,CHI,0,-1.5,44.5,23.0
2024,6,LAC,DEN,0,-3.0,37.0,20.0
2024,6,LV,PIT,1,-3.5,36.5,16.5
2024,6,NE,HOU,1,-6.5,38.5,16.0
2024,6,NO,TB,1,-3.5,42.5,19.5
2024,6,NYG,CIN,1,-4.5,46.0,20.75
2024,6,NYJ,BUF,1,-1.0,42.0,20.5
2024,6,PHI,CLE,1,8.0,42.0,25.0
2024,6,PIT,LV,0,-3.5,36.5,20.0
2024,6,SEA,SF,1,-3.5,49.0,22.75
2024,6,SF,SEA,0,-3.5,49.0,26.25
2024,6,TB,NO,0,-3.5,42.5,23.0
2024,6,TEN,IND,1,2.5,42.0,22.25
2024,6,WAS,BAL,0,6.5,51.5,22.5
2024,7,ARI,LAC,1,-1.0,44.0,21.5
2024,7,ATL,SEA,1,3.0,51.5,27.25
2024,7,BAL,TB,0,-4.5,51.0,27.75
2024,7,BUF,TEN,1,9.5,41.0,25.25
2024,7,CAR,WAS,0,10.0,51.0,20.5
2024,7,CIN,CLE,0,-5.5,42.0,23.75
2024,7,CLE,CIN,1,-5.5,42.0,18.25
2024,7,DEN,NO,0,-2.5,37.0,19.75
2024,7,DET,MIN,0,1.0,50.5,24.75
2024,7,GB,HOU,1,3.0,48.0,25.5
2024,7,HOU,GB,0,3.0,48.0,22.5
2024,7,IND,MIA,1,3.0,44.0,23.5
2024,7,JAX,NE,1,6.5,42.0,24.25
2024,7,KC,SF,0,2.5,47.5,22.5
2024,7,LA,LV,1,7.0,43.0,25.0
2024,7,LAC,ARI,0,-1.0,44.0,22.5
2024,7,LV,LA,0,7.0,43.0,18.0
2024,7,MIA,IND,0,3.0,44.0,20.5
2024,7,MIN,DET,1,1.0,50.5,25.75
2024,7,NE,JAX,0,6.5,42.0,17.75
2024,7,NO,DEN,1,-2.5,37.0,17.25
2024,7,NYG,PHI,1,-3.0,42.0,19.5
2024,7,NYJ,PIT,0,-3.0,40.0,21.5
2024,7,PHI,NYG,0,-3.0,42.0,22.5
2024,7,PIT,NYJ,1,-3.0,40.0,18.5
2024,7,SEA,ATL,0,3.0,51.5,24.25
2024,7,SF,KC,1,2.5,47.5,25.0
2024,7,TB,BAL,1,-4.5,51.0,23.25
2024,7,TEN,BUF,0,9.5,41.0,15.75
2024,7,WAS,CAR,1,10.0,51.0,30.5
2024,8,ARI,MIA,0,4.0,46.5,21.25
2024,8,ATL,TB,0,-1.5,47.0,24.25
2024,8,BAL,CLE,0,-7.5,44.5,26.0
2024,8,BUF,SEA,0,-3.0,45.5,24.25
2024,8,CAR,DEN,0,13.0,40.5,13.75
2024,8,CHI,WAS,0,1.5,46.5,22.5
2024,8,CIN,PHI,1,2.5,47.5,25.0
2024,8,CLE,BAL,1,-7.5,44.5,18.5
2024,8,DAL,SF,0,5.5,48.0,21.25
2024,8,DEN,CAR,1,13.0,40.5,26.75
2024,8,DET,TEN,1,12.5,45.0,28.75
2024,8,GB,JAX,0,-3.5,49.0,26.25
2024,8,HOU,IND,1,5.0,45.0,25.0
2024,8,IND,HOU,0,5.0,45.0,20.0
2024,8,JAX,GB,1,-3.5,49.0,22.75
2024,8,KC,LV,0,-9.0,42.0,25.5
2024,8,LA,MIN,1,-3.0,47.5,22.25
2024,8,LAC,NO,1,7.0,41.5,24.25
2024,8,LV,KC,1,-9.0,42.0,16.5
2024,8,MIA,ARI,1,4.0,46.5,25.25
2024,8,MIN,LA,0,-3.0,47.5,25.25
2024,8,NE,NYJ,1,-7.0,41.0,17.0
2024,8,NO,LAC,0,7.0,41.5,17.25
2024,8,NYG,PIT,0,6.0,37.5,15.75
2024,8,NYJ,NE,0,-7.0,41.0,24.0
2024,8,PHI,CIN,0,2.5,47.5,22.5
2024,8,PIT,NYG,1,6.0,37.5,21.75
2024,8,SEA,BUF,1,-3.0,45.5,21.25
2024,8,SF,DAL,1,5.5,48.0,26.75
2024,8,TB,ATL,1,-1.5,47.0,22.75
2024,8,TEN,DET,0,12.5,45.0,16.25
2024,8,WAS,CHI,1,1.5,46.5,24.0
2024,9,ARI,CHI,1,1.5,44.5,23.0
2024,9,ATL,DAL,1,3.0,52.0,27.5
2024,9,BAL,DEN,1,9.0,46.5,27.75
2024,9,BUF,MIA,1,6.5,49.0,27.75
2024,9,CAR,NO,1,-7.0,43.5,18.25
2024,9,CHI,ARI,0,1.5,44.5,21.5
2024,9,CIN,LV,1,8.0,45.0,26.5
2024,9,CLE,LAC,1,-2.0,42.5,20.25
2024,9,DAL,ATL,0,3.0,52.0,24.5
2024,9,DEN,BAL,0,9.0,46.5,18.75
2024,9,DET,GB,0,-2.5,47.5,25.0
2024,9,GB,DET,1,-2.5,47.5,22.5
2024,9,HOU,NYJ,0,2.5,43.5,20.5
2024,9,IND,MIN,0,6.5,47.0,20.25
2024,9,JAX,PHI,0,7.5,46.0,19.25
2024,9,KC,TB,1,9.0,45.5,27.25
2024,9,LA,SEA,0,-1.5,48.5,25.0
2024,9,LAC,CLE,0,-2.0,42.5,22.25
2024,9,LV,CIN,0,8.0,45.0,18.5
2024,9,MIA,BUF,0,6.5,49.0,21.25
2024,9,MIN,IND,1,6.5,47.0,26.75
2024,9,NE,TEN,0,3.0,38.5,17.75
2024,9,NO,CAR,0,-7.0,43.5,25.25
2024,9,NYG,WAS,1,-4.5,44.5,20.0
2024,9,NYJ,HOU,1,2.5,43.5,23.0
2024,9,PHI,JAX,1,7.5,46.0,26.75
2024,9,SEA,LA,1,-1.5,48.5,23.5
2024,9,TB,KC,0,9.0,45.5,18.25
2024,9,TEN,NE,1,3.0,38.5,20.75
2024,9,WAS,NYG,0,-4.5,44.5,24.5
2024,10,ARI,NYJ,1,-2.0,45.5,21.75
2024,10,ATL,NO,0,-3.5,46.5,25.0
2024,10,BAL,CIN,1,6.0,53.0,29.5
2024,10,BUF,IND,0,-4.5,46.5,25.5
2024,10,CAR,NYG,1,-6.5,40.5,17.0
2024,10,CHI,NE,1,6.5,37.5,22.0
2024,10,CIN,BAL,0,6.0,53.0,23.5
2024,10,DAL,PHI,1,-7.5,44.5,18.5
2024,10,DEN,KC,0,7.5,42.5,17.5
2024,10,DET,HOU,0,-4.5,49.0,26.75
2024,10,HOU,DET,1,-4.5,49.0,22.25
2024,10,IND,BUF,1,-4.5,46.5,21.0
2024,10,JAX,MIN,1,-7.0,42.5,17.75
2024,10,KC,DEN,1,7.5,42.5,25.0
2024,10,LA,MIA,1,2.5,49.5,26.0
2024,10,LAC,TEN,1,8.0,40.0,24.0
2024,10,MIA,LA,0,2.5,49.5,23.5
2024,10,MIN,JAX,0,-7.0,42.5,24.75
2024,10,NE,CHI,0,6.5,37.5,15.5
2024,10,NO,ATL,1,-3.5,46.5,21.5
2024,10,NYG,CAR,0,-6.5,40.5,23.5
2024,10,NYJ,ARI,0,-2.0,45.5,23.75
2024,10,PHI,DAL,0,-7.5,44.5,26.0
2024,10,PIT,WAS,0,1.5,45.0,21.75
2024,10,SF,TB,0,-6.5,50.5,28.5
2024,10,TB,SF,1,-6.5,50.5,22.0
2024,10,TEN,LAC,0,8.0,40.0,16.0
2024,10,WAS,PIT,1,1.5,45.0,23.25
2024,11,ATL,DEN,0,2.0,44.5,21.25
2024,11,BAL,PIT,0,-3.0,48.0,25.5
2024,11,BUF,KC,1,2.5,46.5,24.5
2024,11,CHI,GB,1,-6.0,41.0,17.5
2024,11,CIN,LAC,0,1.0,48.0,23.5
2024,11,CLE,NO,0,-1.0,44.0,22.5
2024,11,DAL,HOU,1,-7.5,41.5,17.0
2024,11,DEN,ATL,1,2.0,44.5,23.25
2024,11,DET,JAX,1,14.0,47.5,30.75
2024,11,GB,CHI,0,-6.0,41.0,23.5
2024,11,HOU,DAL,0,-7.5,41.5,24.5
2024,11,IND,NYJ,0,4.0,43.0,19.5
2024,11,JAX,DET,0,14.0,47.5,16.75
2024,11,KC,BUF,0,2.5,46.5,22.0
2024,11,LA,NE,0,-4.0,42.5,23.25
2024,11,LAC,CIN,1,1.0,48.0,24.5
2024,11,LV,MIA,0,8.0,43.5,17.75
2024,11,MIA,LV,1,8.0,43.5,25.75
2024,11,MIN,TEN,0,-6.0,40.0,23.0
2024,11,NE,LA,1,-4.0,42.5,19.25
2024,11,NO,CLE,1,-1.0,44.0,21.5
2024,11,NYJ,IND,1,4.0,43.0,23.5
2024,11,PHI,WAS,1,4.5,49.5,27.0
2024,11,PIT,BAL,1,-3.0,48.0,22.5
2024,11,SEA,SF,0,6.0,49.0,21.5
2024,11,SF,SEA,1,6.0,49.0,27.5
2024,11,TEN,MIN,1,-6.0,40.0,17.0
2024,11,WAS,PHI,0,4.5,49.5,22.5
2024,12,ARI,SEA,0,-1.0,46.5,23.75
2024,12,BAL,LAC,0,-3.0,51.0,27.0
2024,12,CAR,KC,1,-11.0,43.0,16.0
2024,12,CHI,MIN,1,-3.0,39.5,18.25
2024,12,CLE,PIT,1,-3.5,36.5,16.5
2024,12,DAL,WAS,0,10.5,45.0,17.25
2024,12,DEN,LV,0,-6.5,41.5,24.0
2024,12,DET,IND,0,-7.0,50.5,28.75
2024,12,GB,SF,1,6.5,44.5,25.5
2024,12,HOU,TEN,1,8.0,40.5,24.25
2024,12,IND,DET,1,-7.0,50.5,21.75
2024,12,KC,CAR,0,-11.0,43.0,27.0
2024,12,LA,PHI,1,-3.0,49.0,23.0
2024,12,LAC,BAL,1,-3.0,51.0,24.0
2024,12,LV,DEN,1,-6.5,41.5,17.5
2024,12,MIA,NE,1,7.5,46.0,26.75
2024,12,MIN,CHI,0,-3.0,39.5,21.25
2024,12,NE,MIA,0,7.5,46.0,19.25
2024,12,NYG,TB,1,-6.5,40.5,17.0
2024,12,PHI,LA,0,-3.0,49.0,26.0
2024,12,PIT,CLE,0,-3.5,36.5,20.0
2024,12,SEA,ARI,1,-1.0,46.5,22.75
2024,12,SF,GB,0,6.5,44.5,19.0
2024,12,TB,NYG,0,-6.5,40.5,23.5
2024,12,TEN,HOU,0,8.0,40.5,16.25
2024,12,WAS,DAL,1,10.5,45.0,27.75
2024,13,ARI,MIN,0,3.5,45.5,21.0
2024,13,ATL,LAC,1,-1.0,47.0,23.0
2024,13,BAL,PHI,1,3.0,50.0,26.5
2024,13,BUF,SF,1,6.5,45.0,25.75
2024,13,CAR,TB,1,-6.5,46.0,19.75
2024,13,CHI,DET,0,9.5,47.5,19.0
2024,13,CIN,PIT,1,3.0,46.0,24.5
2024,13,CLE,DEN,0,6.5,41.5,17.5
2024,13,DAL,NYG,1,4.5,39.0,21.75
2024,13,DEN,CLE,1,6.5,41.5,24.0
2024,13,DET,CHI,1,9.5,47.5,28.5
2024,13,GB,MIA,1,3.5,47.5,25.5
2024,13,HOU,JAX,0,-3.5,44.5,24.0
2024,13,IND,NE,0,-2.5,41.5,22.0
2024,13,JAX,HOU,1,-3.5,44.5,20.5
2024,13,KC,LV,1,13.5,42.0,27.75
2024,13,LA,NO,0,-2.5,48.5,25.5
2024,13,LAC,ATL,0,-1.0,47.0,24.0
2024,13,LV,KC,0,13.5,42.0,14.25
2024,13,MIA,GB,0,3.5,47.5,22.0
2024,13,MIN,ARI,1,3.5,45.5,24.5
2024,13,NE,IND,1,-2.5,41.5,19.5
2024,13,NO,LA,1,-2.5,48.5,23.0
2024,13,NYG,DAL,0,4.5,39.0,17.25
2024,13,NYJ,SEA,1,1.0,41.5,21.25
2024,13,PHI,BAL,0,3.0,50.0,23.5
2024,13,PIT,CIN,0,3.0,46.0,21.5
2024,13,SEA,NYJ,0,1.0,41.5,20.25
2024,13,SF,BUF,0,6.5,45.0,19.25
2024,13,TB,CAR,0,-6.5,46.0,26.25
2024,13,TEN,WAS,0,6.0,45.0,19.5
2024,13,WAS,TEN,1,6.0,45.0,25.5
2024,14,ARI,SEA,1,3.0,45.5,24.25
2024,14,ATL,MIN,0,6.0,46.5,20.25
2024,14,BUF,LA,0,-3.5,49.5,26.5
2024,14,CAR,PHI,0,14.0,44.5,15.25
2024,14,CHI,SF,0,3.0,43.5,20.25
2024,14,CIN,DAL,0,-5.0,51.0,28.0
2024,14,CLE,PIT,0,6.0,43.0,18.5
2024,14,DAL,CIN,1,-5.0,51.0,23.0
2024,14,DET,GB,1,3.0,53.0,28.0
2024,14,GB,DET,0,3.0,53.0,25.0
2024,14,JAX,TEN,0,3.0,40.0,18.5
2024,14,KC,LAC,1,5.0,43.5,24.25
2024,14,LA,BUF,1,-3.5,49.5,23.0
2024,14,LAC,KC,0,5.0,43.5,19.25
2024,14,LV,TB,0,7.0,47.0,20.0
2024,14,MIA,NYJ,1,6.5,45.0,25.75
2024,14,MIN,ATL,1,6.0,46.5,26.25
2024,14,NO,NYG,0,-5.5,41.0,23.25
2024,14,NYG,NO,1,-5.5,41.0,17.75
2024,14,NYJ,MIA,0,6.5,45.0,19.25
2024,14,PHI,CAR,1,14.0,44.5,29.25
2024,14,PIT,CLE,1,6.0,43.0,24.5
2024,14,SEA,ARI,0,3.0,45.5,21.25
2024,14,SF,CHI,1,3.0,43.5,23.25
2024,14,TB,LV,1,7.0,47.0,27.0
2024,14,TEN,JAX,1,3.0,40.0,21.5
2024,15,ARI,NE,1,6.0,46.5,26.25
2024,15,ATL,LV,0,-6.5,44.5,25.5
2024,15,BAL,NYG,0,-16.5,43.5,30.0
2024,15,BUF,DET,0,2.5,55.5,26.5
2024,15,CAR,DAL,1,2.5,42.0,22.25
2024,15,CHI,MIN,0,7.0,43.5,18.25
2024,15,CIN,TEN,0,-6.0,46.5,26.25
2024,15,CLE,KC,1,-4.5,41.5,18.5
2024,15,DAL,CAR,0,2.5,42.0,19.75
2024,15,DEN,IND,1,4.5,43.5,24.0
2024,15,DET,BUF,1,2.5,55.5,29.0
2024,15,GB,SEA,0,-3.0,48.0,25.5
2024,15,HOU,MIA,1,2.5,46.5,24.5
2024,15,IND,DEN,0,4.5,43.5,19.5
2024,15,JAX,NYJ,1,-3.5,41.5,19.0
2024,15,KC,CLE,0,-4.5,41.5,23.0
2024,15,LA,SF,0,3.0,48.5,22.75
2024,15,LAC,TB,1,3.0,46.0,24.5
2024,15,LV,ATL,1,-6.5,44.5,19.0
2024,15,MIA,HOU,0,2.5,46.5,22.0
2024,15,MIN,CHI,1,7.0,43.5,25.25
2024,15,NE,ARI,0,6.0,46.5,20.25
2024,15,NO,WAS,1,-7.5,44.5,18.5
2024,15,NYG,BAL,1,-16.5,43.5,13.5
2024,15,NYJ,JAX,0,-3.5,41.5,22.5
2024,15,PHI,PIT,1,5.5,43.0,24.25
2024,15,PIT,PHI,0,5.5,43.0,18.75
2024,15,SEA,GB,1,-3.0,48.0,22.5
2024,15,SF,LA,1,3.0,48.5,25.75
2024,15,TB,LAC,0,3.0,46.0,21.5
2024,15,TEN,CIN,1,-6.0,46.5,20.25
2024,15,WAS,NO,0,-7.5,44.5,26.0
2024,16,ARI,CAR,0,-5.5,47.0,26.25
2024,16,ATL,NYG,1,9.5,42.5,26.0
2024,16,BAL,PIT,1,7.0,44.5,25.75
2024,16,BUF,NE,1,14.0,48.0,31.0
2024,16,CAR,ARI,1,-5.5,47.0,20.75
2024,16,CHI,DET,1,-7.0,47.5,20.25
2024,16,CIN,CLE,1,10.0,46.5,28.25
2024,16,CLE,CIN,0,10.0,46.5,18.25
2024,16,DAL,TB,1,-4.5,47.5,21.5
2024,16,DEN,LAC,0,3.0,41.5,19.25
2024,16,DET,CHI,0,-7.0,47.5,27.25
2024,16,GB,NO,1,14.0,44.0,29.0
2024,16,HOU,KC,0,3.5,42.5,19.5
2024,16,IND,TEN,1,4.0,42.5,23.25
2024,16,JAX,LV,0,2.5,41.5,19.5
2024,16,KC,HOU,1,3.5,42.5,23.0
2024,16,LA,NYJ,0,-3.0,47.0,25.0
2024,16,LAC,DEN,1,3.0,41.5,22.25
2024,16,LV,JAX,1,2.5,41.5,22.0
2024,16,MIA,SF,1,-2.0,44.0,21.0
2024,16,MIN,SEA,0,-2.5,43.0,22.75
2024,16,NE,BUF,0,14.0,48.0,17.0
2024,16,NO,GB,0,14.0,44.0,15.0
2024,16,NYG,ATL,0,9.5,42.5,16.5
2024,16,NYJ,LA,1,-3.0,47.0,22.0
2024,16,PHI,WAS,0,-4.0,47.0,25.5
2024,16,PIT,BAL,0,7.0,44.5,18.75
2024,16,SEA,MIN,1,-2.5,43.0,20.25
2024,16,SF,MIA,0,-2.0,44.0,23.0
2024,16,TB,DAL,0,-4.5,47.5,26.0
2024,16,TEN,IND,0,4.0,42.5,19.25
2024,16,WAS,PHI,1,-4.0,47.0,21.5
2024,17,ARI,LA,0,6.5,48.0,20.75
2024,17,ATL,WAS,0,3.5,46.5,21.5
2024,17,BAL,HOU,0,-5.5,46.5,26.0
2024,17,BUF,NYJ,1,10.0,44.5,27.25
2024,17,CAR,TB,0,9.5,47.5,19.0
2024,17,CHI,SEA,1,-3.5,43.5,20.0
2024,17,CIN,DEN,1,3.5,50.5,27.0
2024,17,CLE,MIA,1,-3.0,32.5,14.75
2024,17,DAL,PHI,0,7.5,37.5,15.0
2024,17,DEN,CIN,0,3.5,50.5,23.5
2024,17,DET,SF,0,-4.0,50.5,27.25
2024,17,GB,MIN,0,-1.0,49.0,25.0
2024,17,HOU,BAL,1,-5.5,46.5,20.5
2024,17,IND,NYG,0,-7.5,40.5,24.0
2024,17,JAX,TEN,1,-1.0,38.0,18.5
2024,17,KC,PIT,0,-3.0,43.5,23.25
2024,17,LA,ARI,1,6.5,48.0,27.25
2024,17,LAC,NE,0,-6.0,42.0,24.0
2024,17,LV,NO,0,-2.0,37.5,19.75
2024,17,MIA,CLE,0,-3.0,32.5,17.75
2024,17,MIN,GB,1,-1.0,49.0,24.0
2024,17,NE,LAC,1,-6.0,42.0,18.0
2024,17,NO,LV,1,-2.0,37.5,17.75
2024,17,NYG,IND,1,-7.5,40.5,16.5
2024,17,NYJ,BUF,0,10.0,44.5,17.25
2024,17,PHI,DAL,1,7.5,37.5,22.5
2024,17,PIT,KC,1,-3.0,43.5,20.25
2024,17,SEA,CHI,0,-3.5,43.5,23.5
2024,17,SF,DET,1,-4.0,50.5,23.25
2024,17,TB,CAR,1,9.5,47.5,28.5
2024,17,TEN,JAX,0,-1.0,38.0,19.5
2024,17,WAS,ATL,1,3.5,46.5,25.0
2024,18,ARI,SF,1,4.5,42.5,23.5
2024,18,ATL,CAR,1,7.5,48.5,28.0
2024,18,BAL,CLE,1,19.5,42.5,31.0
2024,18,BUF,NE,0,-3.0,36.5,19.75
2024,18,CAR,ATL,0,7.5,48.5,20.5
2024,18,CHI,GB,0,10.0,41.5,15.75
2024,18,CIN,PIT,0,-2.5,48.5,25.5
2024,18,CLE,BAL,0,19.5,42.5,11.5
2024,18,DAL,WAS,1,-7.0,43.5,18.25
2024,18,DEN,KC,1,10.5,40.5,25.5
2024,18,DET,MIN,1,3.0,56.5,29.75
2024,18,GB,CHI,1,10.0,41.5,25.75
2024,18,HOU,TEN,0,2.5,36.5,17.0
2024,18,IND,JAX,1,3.5,45.5,24.5
2024,18,JAX,IND,0,3.5,45.5,21.0
2024,18,KC,DEN,0,10.5,40.5,15.0
2024,18,LA,SEA,1,-7.5,38.5,15.5
2024,18,LAC,LV,0,-7.0,42.5,24.75
2024,18,LV,LAC,1,-7.0,42.5,17.75
2024,18,MIA,NYJ,0,1.5,39.5,19.0
2024,18,MIN,DET,0,3.0,56.5,26.75
2024,18,NE,BUF,1,-3.0,36.5,16.75
2024,18,NO,TB,0,14.5,44.5,15.0
2024,18,NYG,PHI,0,3.0,36.5,16.75
2024,18,NYJ,MIA,1,1.5,39.5,20.5
2024,18,PHI,NYG,1,3.0,36.5,19.75
2024,18,PIT,CIN,1,-2.5,48.5,23.0
2024,18,SEA,LA,0,-7.5,38.5,23.0
2024,18,SF,ARI,0,4.5,42.5,19.0
2024,18,TB,NO,1,14.5,44.5,29.5
2024,18,TEN,HOU,1,2.5,36.5,19.5
2024,18,WAS,DAL,0,-7.0,43.5,25.25
2024,19,BAL,PIT,1,9.5,44.5,27.0
2024,19,BUF,DEN,1,7.5,48.5,28.0
2024,19,DEN,BUF,0,7.5,48.5,20.5
2024,19,GB,PHI,0,5.5,45.5,20.0
2024,19,HOU,LAC,1,-3.0,41.5,19.25
2024,19,LA,MIN,1,-2.5,47.5,22.5
2024,19,LAC,HOU,0,-3.0,41.5,22.25
2024,19,MIN,LA,0,-2.5,47.5,25.0
2024,19,PHI,GB,1,5.5,45.5,25.5
2024,19,PIT,BAL,0,9.5,44.5,17.5
2024,19,TB,WAS,1,3.0,51.5,27.25
2024,19,WAS,TB,0,3.0,51.5,24.25
2024,20,BAL,BUF,0,-1.5,51.5,26.5
2024,20,BUF,BAL,1,-1.5,51.5,25.0
2024,20,DET,WAS,1,8.5,55.5,32.0
2024,20,HOU,KC,0,9.5,41.5,16.0
2024,20,KC,HOU,1,9.5,41.5,25.5
2024,20,LA,PHI,0,7.0,43.5,18.25
2024,20,PHI,LA,1,7.0,43.5,25.25
2024,20,WAS,DET,0,8.5,55.5,23.5
2024,21,BUF,KC,0,1.5,49.5,24.0
2024,21,KC,BUF,1,1.5,49.5,25.5
2024,21,PHI,WAS,1,6.0,46.5,26.25
2024,21,WAS,PHI,0,6.0,46.5,20.25
2024,22,KC,PHI,0,-1.5,48.5,25.0
2024,22,PHI,KC,1,-1.5,48.5,23.5
2025,1,ARI,NO,0,-6.0,44.5,25.25
2025,1,ATL,TB,1,-1.5,47.5,23.0
2025,1,BAL,BUF,0,-1.5,50.5,26.0
2025,1,BUF,BAL,1,-1.5,50.5,24.5
2025,1,CAR,JAX,0,4.5,45.5,20.5
2025,1,CHI,MIN,1,-1.5,43.5,21.0
2025,1,CIN,CLE,0,-5.5,47.5,26.5
2025,1,CLE,CIN,1,-5.5,47.5,21.0
2025,1,DAL,PHI,0,8.5,47.5,19.5
2025,1,DEN,TEN,1,8.5,42.5,25.5
2025,1,DET,GB,0,1.5,48.5,23.5
2025,1,GB,DET,1,1.5,48.5,25.0
2025,1,HOU,LA,0,3.5,43.5,20.0
2025,1,IND,MIA,1,1.5,47.5,24.5
2025,1,JAX,CAR,1,4.5,45.5,25.0
2025,1,KC,LAC,0,-3.0,47.5,25.25
2025,1,LA,HOU,1,3.5,43.5,23.5
2025,1,LAC,KC,1,-3.0,47.5,22.25
2025,1,LV,NE,0,2.5,44.5,21.0
2025,1,MIA,IND,0,1.5,47.5,23.0
2025,1,MIN,CHI,0,-1.5,43.5,22.5
2025,1,NE,LV,1,2.5,44.5,23.5
2025,1,NO,ARI,1,-6.0,44.5,19.25
2025,1,NYG,WAS,0,6.0,45.5,19.75
2025,1,NYJ,PIT,1,-3.0,37.5,17.25
2025,1,PHI,DAL,1,8.5,47.5,28.0
2025,1,PIT,NYJ,0,-3.0,37.5,20.25
2025,1,SEA,SF,1,-2.5,43.5,20.5
2025,1,SF,SEA,0,-2.5,43.5,23.0
2025,1,TB,ATL,0,-1.5,47.5,24.5
2025,1,TEN,DEN,0,8.5,42.5,17.0
2025,1,WAS,NYG,1,6.0,45.5,25.75
2025,2,ARI,CAR,1,7.0,45.5,26.25
2025,2,ATL,MIN,0,3.5,44.5,20.5
2025,2,BAL,CLE,1,12.5,46.5,29.5
2025,2,BUF,NYJ,0,-6.0,47.5,26.75
2025,2,CAR,ARI,0,7.0,45.5,19.25
2025,2,CHI,DET,0,6.0,46.5,20.25
2025,2,CIN,JAX,1,3.5,49.5,26.5
2025,2,CLE,BAL,0,12.5,46.5,17.0
2025,2,DAL,NYG,1,4.5,44.5,24.5
2025,2,DEN,IND,0,-2.5,43.5,23.0
2025,2,DET,CHI,1,6.0,46.5,26.25
2025,2,GB,WAS,1,3.5,48.5,26.0
2025,2,HOU,TB,1,2.5,42.5,22.5
2025,2,IND,DEN,1,-2.5,43.5,20.5
2025,2,JAX,CIN,0,3.5,49.5,23.0
2025,2,KC,PHI,1,-1.5,46.5,22.5
2025,2,LA,TEN,0,-5.5,41.5,23.5
2025,2,LAC,LV,0,-3.5,46.5,25.0
2025,2,LV,LAC,1,-3.5,46.5,21.5
2025,2,MIA,NE,1,1.5,43.5,22.5
2025,2,MIN,ATL,1,3.5,44.5,24.0
2025,2,NE,MIA,0,1.5,43.5,21.0
2025,2,NO,SF,1,-3.0,40.5,18.75
2025,2,NYG,DAL,0,4.5,44.5,20.0
2025,2,NYJ,BUF,1,-6.0,47.5,20.75
2025,2,PHI,KC,0,-1.5,46.5,24.0
2025,2,PIT,SEA,1,3.5,40.5,22.0
2025,2,SEA,PIT,0,3.5,40.5,18.5
2025,2,SF,NO,0,-3.0,40.5,21.75
2025,2,TB,HOU,0,2.5,42.5,20.0
2025,2,TEN,LA,1,-5.5,41.5,18.0
2025,2,WAS,GB,0,3.5,48.5,22.5
2025,3,ARI,SF,0,1.5,44.5,21.5
2025,3,ATL,CAR,0,-5.5,44.5,25.0
2025,3,BAL,DET,1,4.5,53.5,29.0
2025,3,BUF,MIA,1,12.5,50.5,31.5
2025,3,CAR,ATL,1,-5.5,44.5,19.5
2025,3,CHI,DAL,1,-1.5,49.5,24.0
2025,3,CIN,MIN,0,3.0,41.5,19.25
2025,3,CLE,GB,1,-8.5,41.5,16.5
2025,3,DAL,CHI,0,-1.5,49.5,25.5
2025,3,DEN,LAC,0,2.5,45.5,21.5
2025,3,DET,BAL,0,4.5,53.5,24.5
2025,3,GB,CLE,0,-8.5,41.5,25.0
2025,3,HOU,JAX,0,1.5,43.5,21.0
2025,3,IND,TEN,0,-6.0,43.5,24.75
2025,3,JAX,HOU,1,1.5,43.5,22.5
2025,3,KC,NYG,0,-6.0,44.5,25.25
2025,3,LA,PHI,0,3.5,45.5,21.0
2025,3,LAC,DEN,1,2.5,45.5,24.0
2025,3,LV,WAS,0,2.5,43.5,20.5
2025,3,MIA,BUF,0,12.5,50.5,19.0
2025,3,MIN,CIN,1,3.0,41.5,22.25
2025,3,NE,PIT,1,-1.5,44.5,21.5
2025,3,NO,SEA,0,7.5,41.5,17.0
2025,3,NYG,KC,1,-6.0,44.5,19.25
2025,3,NYJ,TB,0,6.5,43.5,18.5
2025,3,PHI,LA,1,3.5,45.5,24.5
2025,3,PIT,NE,0,-1.5,44.5,23.0
2025,3,SEA,NO,1,7.5,41.5,24.5
2025,3,SF,ARI,1,1.5,44.5,23.0
2025,3,TB,NYJ,1,6.5,43.5,25.0
2025,3,TEN,IND,1,-6.0,43.5,18.75
2025,3,WAS,LV,1,2.5,43.5,23.0
2025,4,ARI,SEA,1,-1.5,43.5,21.0
2025,4,ATL,WAS,1,2.5,43.5,23.0
2025,4,BAL,KC,0,-2.5,48.5,25.5
2025,4,BUF,NO,1,15.5,48.5,32.0
2025,4,CAR,NE,0,5.5,42.5,18.5
2025,4,CHI,LV,0,1.5,47.5,23.0
2025,4,CIN,DEN,0,7.5,44.5,18.5
2025,4,CLE,DET,0,10.0,44.5,17.25
2025,4,DAL,GB,1,-7.0,47.5,20.25
2025,4,DEN,CIN,1,7.5,44.5,26.0
2025,4,DET,CLE,1,10.0,44.5,27.25
2025,4,GB,DAL,0,-7.0,47.5,27.25
2025,4,HOU,TEN,1,7.5,39.5,23.5
2025,4,IND,LA,0,3.5,49.5,23.0
2025,4,JAX,SF,0,3.5,45.5,21.0
2025,4,KC,BAL,1,-2.5,48.5,23.0
2025,4,LA,IND,1,3.5,49.5,26.5
2025,4,LAC,NYG,0,-6.0,43.5,24.75
2025,4,LV,CHI,1,1.5,47.5,24.5
2025,4,MIA,NYJ,1,2.5,44.5,23.5
2025,4,MIN,PIT,0,-2.5,41.5,22.0
2025,4,NE,CAR,1,5.5,42.5,24.0
2025,4,NO,BUF,0,15.5,48.5,16.5
2025,4,NYG,LAC,1,-6.0,43.5,18.75
2025,4,NYJ,MIA,0,2.5,44.5,21.0
2025,4,PHI,TB,0,-3.5,44.5,24.0
2025,4,PIT,MIN,1,-2.5,41.5,19.5
2025,4,SEA,ARI,0,-1.5,43.5,22.5
2025,4,SF,JAX,1,3.5,45.5,24.5
2025,4,TB,PHI,1,-3.5,44.5,20.5
2025,4,TEN,HOU,0,7.5,39.5,16.0
2025,4,WAS,ATL,0,2.5,43.5,20.5
2025,5,ARI,TEN,1,7.5,41.5,24.5
2025,5,BAL,HOU,1,-2.5,41.5,19.5
2025,5,BUF,NE,1,7.5,49.5,28.5
2025,5,CAR,MIA,1,-1.5,44.5,21.5
2025,5,CIN,DET,1,-10.5,49.5,19.5
2025,5,CLE,MIN,1,-3.5,35.5,16.0
2025,5,DAL,NYJ,0,1.5,48.5,23.5
2025,5,DEN,PHI,0,3.5,44.5,20.5
2025,5,DET,CIN,0,-10.5,49.5,30.0
2025,5,HOU,BAL,0,-2.5,41.5,22.0
2025,5,IND,LV,1,7.0,46.5,26.75
2025,5,JAX,KC,1,-3.5,45.5,21.0
2025,5,KC,JAX,0,-3.5,45.5,24.5
2025,5,LA,SF,1,8.5,43.5,26.0
2025,5,LAC,WAS,1,2.5,47.5,25.0
2025,5,LV,IND,0,7.0,46.5,19.75
2025,5,MIA,CAR,0,-1.5,44.5,23.0
2025,5,MIN,CLE,0,-3.5,35.5,19.5
2025,5,NE,BUF,0,7.5,49.5,21.0
2025,5,NO,NYG,1,1.5,41.5,21.5
2025,5,NYG,NO,0,1.5,41.5,20.0
2025,5,NYJ,DAL,1,1.5,48.5,25.0
2025,5,PHI,DEN,1,3.5,44.5,24.0
2025,5,SEA,TB,1,3.5,44.5,24.0
2025,5,SF,LA,0,8.5,43.5,17.5
2025,5,TB,SEA,0,3.5,44.5,20.5
2025,5,TEN,ARI,0,7.5,41.5,17.0
2025,5,WAS,LAC,0,2.5,47.5,22.5
2025,6,ARI,IND,0,8.5,46.5,19.0
2025,6,ATL,BUF,1,-3.5,49.5,23.0
2025,6,BAL,LA,1,-7.0,43.5,18.25
2025,6,BUF,ATL,0,-3.5,49.5,26.5
2025,6,CAR,DAL,1,-3.0,47.5,22.25
2025,6,CHI,WAS,0,5.5,49.5,22.0
2025,6,CIN,GB,0,14.0,44.5,15.25
2025,6,CLE,PIT,0,5.5,37.5,16.0
2025,6,DAL,CAR,0,-3.0,47.5,25.25
2025,6,DEN,NYJ,0,-7.5,43.5,25.5
2025,6,DET,KC,0,2.5,51.5,24.5
2025,6,GB,CIN,1,14.0,44.5,29.25
2025,6,IND,ARI,1,8.5,46.5,27.5
2025,6,JAX,SEA,1,-1.5,47.5,23.0
2025,6,KC,DET,1,2.5,51.5,27.0
2025,6,LA,BAL,0,-7.0,43.5,25.25
2025,6,LAC,MIA,0,-3.5,45.5,24.5
2025,6,LV,TEN,1,3.5,41.5,22.5
2025,6,MIA,LAC,1,-3.5,45.5,21.0
2025,6,NE,NO,0,-3.5,46.5,25.0
2025,6,NO,NE,1,-3.5,46.5,21.5
2025,6,NYG,PHI,1,-7.0,40.5,16.75
2025,6,NYJ,DEN,1,-7.5,43.5,18.0
2025,6,PHI,NYG,0,-7.0,40.5,23.75
2025,6,PIT,CLE,1,5.5,37.5,21.5
2025,6,SEA,JAX,0,-1.5,47.5,24.5
2025,6,SF,TB,0,3.5,46.5,21.5
2025,6,TB,SF,1,3.5,46.5,25.0
2025,6,TEN,LV,0,3.5,41.5,19.0
2025,6,WAS,CHI,1,5.5,49.5,27.5
2025,7,ARI,GB,1,-7.0,44.5,18.75
2025,7,ATL,SF,0,1.5,46.5,22.5
2025,7,CAR,NYJ,0,1.5,39.5,19.0
2025,7,CHI,NO,1,4.5,43.5,24.0
2025,7,CIN,PIT,1,-5.5,45.5,20.0
2025,7,CLE,MIA,1,2.5,34.5,18.5
2025,7,DAL,WAS,1,1.5,54.5,28.0
2025,7,DEN,NYG,1,7.5,39.5,23.5
2025,7,DET,TB,1,6.0,54.5,30.25
2025,7,GB,ARI,0,-7.0,44.5,25.75
2025,7,HOU,SEA,0,3.0,41.5,19.25
2025,7,IND,LAC,0,2.5,48.5,23.0
2025,7,JAX,LA,1,-3.0,44.5,20.75
2025,7,KC,LV,1,13.5,44.5,29.0
2025,7,LA,JAX,0,-3.0,44.5,23.75
2025,7,LAC,IND,1,2.5,48.5,25.5
2025,7,LV,KC,0,13.5,44.5,15.5
2025,7,MIA,CLE,0,2.5,34.5,16.0
2025,7,MIN,PHI,1,-2.5,43.5,20.5
2025,7,NE,TEN,0,-6.5,40.5,23.5
2025,7,NO,CHI,0,4.5,43.5,19.5
2025,7,NYG,DEN,0,7.5,39.5,16.0
2025,7,NYJ,CAR,1,1.5,39.5,20.5
2025,7,PHI,MIN,0,-2.5,43.5,23.0
2025,7,PIT,CIN,0,-5.5,45.5,25.5
2025,7,SEA,HOU,1,3.0,41.5,22.25
2025,7,SF,ATL,1,1.5,46.5,24.0
2025,7,TB,DET,0,6.0,54.5,24.25
2025,7,TEN,NE,1,-6.5,40.5,17.0
2025,7,WAS,DAL,0,1.5,54.5,26.5
2025,8,ATL,MIA,1,7.0,44.5,25.75
2025,8,BAL,CHI,1,2.5,45.5,24.0
2025,8,BUF,CAR,0,-7.0,47.5,27.25
2025,8,CAR,BUF,1,-7.0,47.5,20.25
2025,8,CHI,BAL,0,2.5,45.5,21.5
2025,8,CIN,NYJ,1,5.5,43.5,24.5
2025,8,CLE,NE,0,7.0,40.5,16.75
2025,8,DAL,DEN,0,3.5,51.5,24.0
2025,8,DEN,DAL,1,3.5,51.5,27.5
2025,8,GB,PIT,0,-3.0,46.5,24.75
2025,8,HOU,SF,1,2.5,41.5,22.0
2025,8,IND,TEN,1,15.5,47.5,31.5
2025,8,KC,WAS,1,10.5,48.5,29.5
2025,8,LAC,MIN,1,3.0,45.5,24.25
2025,8,MIA,ATL,0,7.0,44.5,18.75
2025,8,MIN,LAC,0,3.0,45.5,21.25
2025,8,NE,CLE,1,7.0,40.5,23.75
2025,8,NO,TB,1,-4.5,46.5,21.0
2025,8,NYG,PHI,0,7.0,43.5,18.25
2025,8,NYJ,CIN,0,5.5,43.5,19.0
2025,8,PHI,NYG,1,7.0,43.5,25.25
2025,8,PIT,GB,1,-3.0,46.5,21.75
2025,8,SF,HOU,0,2.5,41.5,19.5
2025,8,TB,NO,0,-4.5,46.5,25.5
2025,8,TEN,IND,0,15.5,47.5,16.0
2025,8,WAS,KC,0,10.5,48.5,19.0
2025,9,ARI,DAL,0,3.5,53.5,25.0
2025,9,ATL,NE,0,5.5,45.5,20.0
2025,9,BAL,MIA,0,-7.5,51.5,29.5
2025,9,BUF,KC,1,-2.5,53.5,25.5
2025,9,CAR,GB,0,12.5,43.5,15.5
2025,9,CHI,CIN,0,-3.0,51.5,27.25
2025,9,CIN,CHI,1,-3.0,51.5,24.25
2025,9,DAL,ARI,1,3.5,53.5,28.5
2025,9,DEN,HOU,0,1.5,40.5,19.5
2025,9,DET,MIN,1,9.5,47.5,28.5
2025,9,GB,CAR,1,12.5,43.5,28.0
2025,9,HOU,DEN,1,1.5,40.5,21.0
2025,9,IND,PIT,0,-3.5,51.5,27.5
2025,9,JAX,LV,0,-2.5,43.5,23.0
2025,9,KC,BUF,0,-2.5,53.5,28.0
2025,9,LA,NO,1,14.0,44.5,29.25
2025,9,LAC,TEN,0,-10.0,44.5,27.25
2025,9,LV,JAX,1,-2.5,43.5,20.5
2025,9,MIA,BAL,1,-7.5,51.5,22.0
2025,9,MIN,DET,0,9.5,47.5,19.0
2025,9,NE,ATL,1,5.5,45.5,25.5
2025,9,NO,LA,0,14.0,44.5,15.25
2025,9,NYG,SF,1,-2.5,47.5,22.5
2025,9,PIT,IND,1,-3.5,51.5,24.0
2025,9,SEA,WAS,0,-2.5,47.5,25.0
2025,9,SF,NYG,0,-2.5,47.5,25.0
2025,9,TEN,LAC,1,-10.0,44.5,17.25
2025,9,WAS,SEA,1,-2.5,47.5,22.5
2025,10,ARI,SEA,0,7.0,44.5,18.75
2025,10,ATL,IND,0,6.5,48.5,21.0
2025,10,BAL,MIN,0,-4.5,48.5,26.5
2025,10,BUF,MIA,0,-8.5,50.5,29.5
2025,10,CAR,NO,1,5.5,38.5,22.0
2025,10,CHI,NYG,1,4.5,45.5,25.0
2025,10,CLE,NYJ,0,-1.5,37.5,19.5
2025,10,DEN,LV,1,9.5,42.5,26.0
2025,10,DET,WAS,0,-8.5,49.5,29.0
2025,10,GB,PHI,1,1.5,45.5,23.5
2025,10,HOU,JAX,1,-1.5,37.5,18.0
2025,10,IND,ATL,1,6.5,48.5,27.5
2025,10,JAX,HOU,0,-1.5,37.5,19.5
2025,10,LA,SF,0,-5.5,49.5,27.5
2025,10,LAC,PIT,1,3.0,45.5,24.25
2025,10,LV,DEN,0,9.5,42.5,16.5
2025,10,MIA,BUF,1,-8.5,50.5,21.0
2025,10,MIN,BAL,1,-4.5,48.5,22.0
2025,10,NE,TB,0,2.5,48.5,23.0
2025,10,NO,CAR,0,5.5,38.5,16.5
2025,10,NYG,CHI,0,4.5,45.5,20.5
2025,10,NYJ,CLE,1,-1.5,37.5,18.0
2025,10,PHI,GB,0,1.5,45.5,22.0
2025,10,PIT,LAC,0,3.0,45.5,21.25
2025,10,SEA,ARI,1,7.0,44.5,25.75
2025,10,SF,LA,1,-5.5,49.5,22.0
2025,10,TB,NE,1,2.5,48.5,25.5
2025,10,WAS,DET,1,-8.5,49.5,20.5
2025,11,ARI,SF,1,-3.5,48.5,22.5
2025,11,ATL,CAR,1,4.5,42.5,23.5
2025,11,BAL,CLE,0,-7.5,37.5,22.5
2025,11,BUF,TB,1,6.0,46.5,26.25
2025,11,CAR,ATL,0,4.5,42.5,19.0
2025,11,CHI,MIN,0,3.0,47.5,22.25
2025,11,CIN,PIT,0,5.5,48.5,21.5
2025,11,CLE,BAL,1,-7.5,37.5,15.0
2025,11,DAL,LV,0,-3.5,48.5,26.0
2025,11,DEN,KC,1,-3.5,44.5,20.5
2025,11,DET,PHI,0,2.5,46.5,22.0
2025,11,GB,NYG,0,-7.5,41.5,24.5
2025,11,HOU,TEN,0,-5.5,37.5,21.5
2025,11,JAX,LAC,1,-3.0,43.5,20.25
2025,11,KC,DEN,0,-3.5,44.5,24.0
2025,11,LA,SEA,1,3.0,49.5,26.25
2025,11,LAC,JAX,0,-3.0,43.5,23.25
2025,11,LV,DAL,1,-3.5,48.5,22.5
2025,11,MIA,WAS,1,2.5,47.5,25.0
2025,11,MIN,CHI,1,3.0,47.5,25.25
2025,11,NE,NYJ,1,12.5,43.5,28.0
2025,11,NYG,GB,1,-7.5,41.5,17.0
2025,11,NYJ,NE,0,12.5,43.5,15.5
2025,11,PHI,DET,1,2.5,46.5,24.5
2025,11,PIT,CIN,1,5.5,48.5,27.0
2025,11,SEA,LA,0,3.0,49.5,23.25
2025,11,SF,ARI,0,-3.5,48.5,26.0
2025,11,TB,BUF,0,6.0,46.5,20.25
2025,11,TEN,HOU,1,-5.5,37.5,16.0
2025,11,WAS,MIA,0,2.5,47.5,22.5
2025,12,ARI,JAX,1,-2.5,47.5,22.5
2025,12,ATL,NO,0,1.5,41.5,20.0
2025,12,BAL,NYJ,1,14.0,44.5,29.25
2025,12,BUF,HOU,0,-5.5,43.5,24.5
2025,12,CAR,SF,0,7.5,48.5,20.5
2025,12,CHI,PIT,1,3.0,46.5,24.75
2025,12,CIN,NE,1,-7.5,50.5,21.5
2025,12,CLE,LV,0,3.0,35.5,16.25
2025,12,DAL,PHI,1,-3.0,47.5,22.25
2025,12,DET,NYG,1,14.0,50.5,32.25
2025,12,GB,MIN,1,6.5,41.5,24.0
2025,12,HOU,BUF,1,-5.5,43.5,19.0
2025,12,IND,KC,0,3.5,50.5,23.5
2025,12,JAX,ARI,0,-2.5,47.5,25.0
2025,12,KC,IND,1,3.5,50.5,27.0
2025,12,LA,TB,1,7.0,49.5,28.25
2025,12,LV,CLE,1,3.0,35.5,19.25
2025,12,MIN,GB,0,6.5,41.5,17.5
2025,12,NE,CIN,0,-7.5,50.5,29.0
2025,12,NO,ATL,1,1.5,41.5,21.5
2025,12,NYG,DET,0,14.0,50.5,18.25
2025,12,NYJ,BAL,0,14.0,44.5,15.25
2025,12,PHI,DAL,0,-3.0,47.5,25.25
2025,12,PIT,CHI,0,3.0,46.5,21.75
2025,12,SEA,TEN,0,-12.5,41.5,27.0
2025,12,SF,CAR,1,7.5,48.5,28.0
2025,12,TB,LA,0,7.0,49.5,21.25
2025,12,TEN,SEA,1,-12.5,41.5,14.5
2025,13,ARI,TB,0,4.5,44.5,20.0
2025,13,ATL,NYJ,0,-3.0,38.5,20.75
2025,13,BAL,CIN,1,7.0,52.5,29.75
2025,13,BUF,PIT,0,-3.0,44.5,23.75
2025,13,CAR,LA,1,-10.0,44.5,17.25
2025,13,CHI,PHI,0,7.0,43.5,18.25
2025,13,CIN,BAL,0,7.0,52.5,22.75
2025,13,CLE,SF,1,-5.5,35.5,15.0
2025,13,DAL,KC,1,-3.5,53.5,25.0
2025,13,DEN,WAS,0,-6.5,43.5,25.0
2025,13,DET,GB,1,2.5,48.5,25.5
2025,13,GB,DET,0,2.5,48.5,23.0
2025,13,HOU,IND,0,3.0,44.5,20.75
2025,13,IND,HOU,1,3.0,44.5,23.75
2025,13,JAX,TEN,0,-6.0,42.5,24.25
2025,13,KC,DAL,0,-3.5,53.5,28.5
2025,13,LA,CAR,0,-10.0,44.5,27.25
2025,13,LAC,LV,1,10.0,40.5,25.25
2025,13,LV,LAC,0,10.0,40.5,15.25
2025,13,MIA,NO,1,5.5,41.5,23.5
2025,13,MIN,SEA,0,12.5,42.5,15.0
2025,13,NE,NYG,1,7.0,46.5,26.75
2025,13,NO,MIA,0,5.5,41.5,18.0
2025,13,NYG,NE,0,7.0,46.5,19.75
2025,13,NYJ,ATL,1,-3.0,38.5,17.75
2025,13,PHI,CHI,1,7.0,43.5,25.25
2025,13,PIT,BUF,1,-3.0,44.5,20.75
2025,13,SEA,MIN,1,12.5,42.5,27.5
2025,13,SF,CLE,0,-5.5,35.5,20.5
2025,13,TB,ARI,1,4.5,44.5,24.5
2025,13,TEN,JAX,1,-6.0,42.5,18.25
2025,13,WAS,DEN,1,-6.5,43.5,18.5
2025,14,ARI,LA,1,-9.5,49.5,20.0
2025,14,ATL,SEA,1,-7.0,44.5,18.75
2025,14,BAL,PIT,1,5.5,43.5,24.5
2025,14,BUF,CIN,1,6.0,54.5,30.25
2025,14,CHI,GB,0,6.5,44.5,19.0
2025,14,CIN,BUF,0,6.0,54.5,24.25
2025,14,CLE,TEN,1,4.5,33.5,19.0
2025,14,DAL,DET,0,3.5,55.5,26.0
2025,14,DEN,LV,0,-8.5,40.5,24.5
2025,14,DET,DAL,1,3.5,55.5,29.5
2025,14,GB,CHI,1,6.5,44.5,25.5
2025,14,HOU,KC,0,4.5,41.5,18.5
2025,14,IND,JAX,0,-2.5,44.5,23.5
2025,14,JAX,IND,1,-2.5,44.5,21.0
2025,14,KC,HOU,1,4.5,41.5,23.0
2025,14,LA,ARI,0,-9.5,49.5,29.5
2025,14,LAC,PHI,1,-1.5,41.5,20.0
2025,14,LV,DEN,1,-8.5,40.5,16.0
2025,14,MIA,NYJ,0,-2.5,41.5,22.0
2025,14,MIN,WAS,1,-1.5,43.5,21.0
2025,14,NO,TB,0,7.5,41.5,17.0
2025,14,NYJ,MIA,1,-2.5,41.5,19.5
2025,14,PHI,LAC,0,-1.5,41.5,21.5
2025,14,PIT,BAL,0,5.5,43.5,19.0
2025,14,SEA,ATL,0,-7.0,44.5,25.75
2025,14,TB,NO,1,7.5,41.5,24.5
2025,14,TEN,CLE,0,4.5,33.5,14.5
2025,14,WAS,MIN,0,-1.5,43.5,22.5
2025,15,ARI,HOU,0,10.5,42.5,16.0
2025,15,ATL,TB,0,6.0,43.5,18.75
2025,15,BAL,CIN,0,-2.5,51.5,27.0
2025,15,BUF,NE,0,-2.5,49.5,26.0
2025,15,CAR,NO,0,-2.5,41.5,22.0
2025,15,CHI,CLE,1,7.5,38.5,23.0
2025,15,CIN,BAL,1,-2.5,51.5,24.5
2025,15,CLE,CHI,0,7.5,38.5,15.5
2025,15,DAL,MIN,1,5.5,47.5,26.5
2025,15,DEN,GB,1,-1.5,42.5,20.5
2025,15,DET,LA,0,5.5,54.5,24.5
2025,15,GB,DEN,0,-1.5,42.5,22.0
2025,15,HOU,ARI,1,10.5,42.5,26.5
2025,15,IND,SEA,0,13.5,41.5,14.0
2025,15,JAX,NYJ,1,13.5,40.5,27.0
2025,15,KC,LAC,1,5.5,41.5,23.5
2025,15,LA,DET,1,5.5,54.5,30.0
2025,15,LAC,KC,0,5.5,41.5,18.0
2025,15,LV,PHI,0,12.5,37.5,12.5
2025,15,MIA,PIT,0,3.0,42.5,19.75
2025,15,MIN,DAL,0,5.5,47.5,21.0
2025,15,NE,BUF,1,-2.5,49.5,23.5
2025,15,NO,CAR,1,-2.5,41.5,19.5
2025,15,NYG,WAS,1,2.5,46.5,24.5
2025,15,NYJ,JAX,0,13.5,40.5,13.5
2025,15,PHI,LV,1,12.5,37.5,25.0
2025,15,PIT,MIA,1,3.0,42.5,22.75
2025,15,SEA,IND,1,13.5,41.5,27.5
2025,15,SF,TEN,1,12.5,44.5,28.5
2025,15,TB,ATL,1,6.0,43.5,24.75
2025,15,TEN,SF,0,12.5,44.5,16.0
2025,15,WAS,NYG,0,2.5,46.5,22.0
2025,16,ARI,ATL,1,-2.5,48.5,23.0
2025,16,ATL,ARI,0,-2.5,48.5,25.5
2025,16,BAL,NE,1,3.5,48.5,26.0
2025,16,BUF,CLE,0,-10.5,41.5,26.0
2025,16,CAR,TB,1,-3.0,44.5,20.75
2025,16,CHI,GB,1,1.5,45.5,23.5
2025,16,CIN,MIA,0,-3.5,48.5,26.0
2025,16,CLE,BUF,1,-10.5,41.5,15.5
2025,16,DAL,LAC,1,1.5,50.5,26.0
2025,16,DEN,JAX,1,3.5,46.5,25.0
2025,16,DET,PIT,1,7.5,52.5,30.0
2025,16,GB,CHI,0,1.5,45.5,22.0
2025,16,HOU,LV,1,14.5,39.5,27.0
2025,16,IND,SF,1,-4.5,46.5,21.0
2025,16,JAX,DEN,0,3.5,46.5,21.5
2025,16,KC,TEN,0,-3.5,37.5,20.5
2025,16,LA,SEA,0,1.5,42.5,20.5
2025,16,LAC,DAL,0,1.5,50.5,24.5
2025,16,LV,HOU,0,14.5,39.5,12.5
2025,16,MIA,CIN,1,-3.5,48.5,22.5
2025,16,MIN,NYG,0,-2.5,41.5,22.0
2025,16,NE,BAL,0,3.5,48.5,22.5
2025,16,NO,NYJ,1,6.5,39.5,23.0
2025,16,NYG,MIN,1,-2.5,41.5,19.5
2025,16,NYJ,NO,0,6.5,39.5,16.5
2025,16,PHI,WAS,0,-7.0,43.5,25.25
2025,16,PIT,DET,0,7.5,52.5,22.5
2025,16,SEA,LA,1,1.5,42.5,22.0
2025,16,SF,IND,0,-4.5,46.5,25.5
2025,16,TB,CAR,0,-3.0,44.5,23.75
2025,16,TEN,KC,1,-3.5,37.5,17.0
2025,16,WAS,PHI,1,-7.0,43.5,18.25
2025,17,ARI,CIN,0,7.0,52.5,22.75
2025,17,ATL,LA,1,-7.5,48.5,20.5
2025,17,BAL,GB,0,2.5,38.5,18.0
2025,17,BUF,PHI,1,3.0,45.5,24.25
2025,17,CAR,SEA,1,-6.5,42.5,18.0
2025,17,CHI,SF,0,3.5,51.5,24.0
2025,17,CIN,ARI,1,7.0,52.5,29.75
2025,17,CLE,PIT,1,-4.5,35.5,15.5
2025,17,DAL,WAS,0,-8.5,50.5,29.5
2025,17,DEN,KC,0,-13.5,37.5,25.5
2025,17,DET,MIN,0,-7.0,45.5,26.25
2025,17,GB,BAL,1,2.5,38.5,20.5
2025,17,HOU,LAC,0,1.5,40.5,19.5
2025,17,IND,JAX,1,-3.5,48.5,22.5
2025,17,JAX,IND,0,-3.5,48.5,26.0
2025,17,KC,DEN,1,-13.5,37.5,12.0
2025,17,LA,ATL,0,-7.5,48.5,28.0
2025,17,LAC,HOU,1,1.5,40.5,21.0
2025,17,LV,NYG,1,-3.0,40.5,18.75
2025,17,MIA,TB,1,-5.5,44.5,19.5
2025,17,MIN,DET,1,-7.0,45.5,19.25
2025,17,NE,NYJ,0,-12.5,42.5,27.5
2025,17,NO,TEN,0,-1.5,39.5,20.5
2025,17,NYG,LV,0,-3.0,40.5,21.75
2025,17,NYJ,NE,1,-12.5,42.5,15.0
2025,17,PHI,BUF,0,3.0,45.5,21.25
2025,17,PIT,CLE,0,-4.5,35.5,20.0
2025,17,SEA,CAR,0,-6.5,42.5,24.5
2025,17,SF,CHI,1,3.5,51.5,27.5
2025,17,TB,MIA,0,-5.5,44.5,25.0
2025,17,TEN,NO,1,-1.5,39.5,19.0
2025,17,WAS,DAL,1,-8.5,50.5,21.0
2025,18,ARI,LA,0,14.5,49.5,17.5
2025,18,ATL,NO,1,4.5,43.5,24.0
2025,18,BAL,PIT,0,-4.5,41.5,23.0
2025,18,BUF,NYJ,1,12.5,39.5,26.0
2025,18,CAR,TB,0,3.0,43.5,20.25
2025,18,CHI,DET,1,3.5,51.5,27.5
2025,18,CIN,CLE,1,9.5,47.5,28.5
2025,18,CLE,CIN,0,9.5,47.5,19.0
2025,18,DAL,NYG,0,-3.0,50.5,26.75
2025,18,DEN,LAC,1,14.5,37.5,26.0
2025,18,DET,CHI,0,3.5,51.5,24.0
2025,18,GB,MIN,0,12.5,37.5,12.5
2025,18,HOU,IND,1,9.5,37.5,23.5
2025,18,IND,HOU,0,9.5,37.5,14.0
2025,18,JAX,TEN,1,12.5,46.5,29.5
2025,18,KC,LV,0,-3.5,36.5,20.0
2025,18,LA,ARI,1,14.5,49.5,32.0
2025,18,LAC,DEN,0,14.5,37.5,11.5
2025,18,LV,KC,1,-3.5,36.5,16.5
2025,18,MIA,NE,0,14.0,44.5,15.25
2025,18,MIN,GB,1,12.5,37.5,25.0
2025,18,NE,MIA,1,14.0,44.5,29.25
2025,18,NO,ATL,0,4.5,43.5,19.5
2025,18,NYG,DAL,1,-3.0,50.5,23.75
2025,18,NYJ,BUF,0,12.5,39.5,13.5
2025,18,PHI,WAS,1,3.0,38.5,20.75
2025,18,PIT,BAL,1,-4.5,41.5,18.5
2025,18,SEA,SF,0,-2.5,47.5,25.0
2025,18,SF,SEA,1,-2.5,47.5,22.5
2025,18,TB,CAR,1,3.0,43.5,23.25
2025,18,TEN,JAX,0,12.5,46.5,17.0
2025,18,WAS,PHI,0,3.0,38.5,17.75
2025,19,BUF,JAX,0,1.5,51.5,25.0
2025,19,CAR,LA,1,-10.0,44.5,17.25
2025,19,CHI,GB,1,-2.5,45.5,21.5
2025,19,GB,CHI,0,-2.5,45.5,24.0
2025,19,HOU,PIT,0,-3.0,38.5,20.75
2025,19,JAX,BUF,1,1.5,51.5,26.5
2025,19,LA,CAR,0,-10.0,44.5,27.25
2025,19,LAC,NE,0,3.5,45.5,21.0
2025,19,NE,LAC,1,3.5,45.5,24.5
2025,19,PHI,SF,1,6.0,44.5,25.25
2025,19,PIT,HOU,1,-3.0,38.5,17.75
2025,19,SF,PHI,0,6.0,44.5,19.25
2025,20,BUF,DEN,0,1.5,45.5,22.0
2025,20,CHI,LA,1,-3.5,49.5,23.0
2025,20,DEN,BUF,1,1.5,45.5,23.5
2025,20,HOU,NE,0,3.0,40.5,18.75
2025,20,LA,CHI,0,-3.5,49.5,26.5
2025,20,NE,HOU,1,3.0,40.5,21.75
2025,20,SEA,SF,1,6.5,44.5,25.5
2025,20,SF,SEA,0,6.5,44.5,19.0
2025,21,DEN,NE,1,-3.5,43.5,20.0
2025,21,LA,SEA,0,2.5,45.5,21.5
2025,21,NE,DEN,0,-3.5,43.5,23.5
2025,21,SEA,LA,1,2.5,45.5,24.0
2025,22,NE,SEA,1,-4.5,45.5,20.5
2025,22,SEA,NE,0,-4.5,45.5,25.0
2026,1,ARI,LAC,0,10.5,46.5,18.0
2026,1,ATL,PIT,0,3.0,42.5,19.75
2026,1,BAL,IND,0,-3.5,48.5,26.0
2026,1,BUF,HOU,0,-1.5,44.5,23.0
2026,1,CAR,CHI,1,-2.5,46.5,22.0
2026,1,CHI,CAR,0,-2.5,46.5,24.5
2026,1,CIN,TB,1,3.5,51.5,27.5
2026,1,CLE,JAX,0,7.5,40.5,16.5
2026,1,DAL,NYG,0,-2.5,48.5,25.5
2026,1,DEN,KC,0,3.0,42.5,19.75
2026,1,DET,NO,1,7.0,48.5,27.75
2026,1,GB,MIN,0,-1.5,45.5,23.5
2026,1,HOU,BUF,1,-1.5,44.5,21.5
2026,1,IND,BAL,1,-3.5,48.5,22.5
2026,1,JAX,CLE,1,7.5,40.5,24.0
2026,1,KC,DEN,1,3.0,42.5,22.75
2026,1,LA,SF,1,3.5,48.5,26.0
2026,1,LAC,ARI,1,10.5,46.5,28.5
2026,1,LV,MIA,1,3.5,40.5,22.0
2026,1,MIA,LV,0,3.5,40.5,18.5
2026,1,MIN,GB,1,-1.5,45.5,22.0
2026,1,NE,SEA,0,3.5,44.5,20.5
2026,1,NO,DET,0,7.0,48.5,20.75
2026,1,NYG,DAL,1,-2.5,48.5,23.0
2026,1,NYJ,TEN,0,3.0,38.5,17.75
2026,1,PHI,WAS,1,4.5,47.5,26.0
2026,1,PIT,ATL,1,3.0,42.5,22.75
2026,1,SEA,NE,1,3.5,44.5,24.0
2026,1,SF,LA,0,3.5,48.5,22.5
2026,1,TB,CIN,0,3.5,51.5,24.0
2026,1,TEN,NYJ,1,3.0,38.5,20.75
2026,1,WAS,PHI,0,4.5,47.5,21.5
2026,2,ARI,SEA,1,-10.0,44.5,17.25
2026,2,ATL,CAR,1,1.5,44.5,23.0
2026,2,BAL,NO,1,7.5,46.5,27.0
2026,2,BUF,DET,1,3.0,52.5,27.75
2026,2,CAR,ATL,0,1.5,44.5,21.5
2026,2,CHI,MIN,1,3.5,45.5,24.5
2026,2,CIN,HOU,0,2.5,46.5,22.0
2026,2,CLE,TB,0,5.5,42.5,18.5
2026,2,DAL,WAS,1,4.5,51.5,28.0
2026,2,DEN,JAX,1,2.5,43.5,23.0
2026,2,DET,BUF,0,3.0,52.5,24.75
2026,2,GB,NYJ,0,-5.5,42.5,24.0
2026,2,HOU,CIN,1,2.5,46.5,24.5
2026,2,IND,KC,0,6.5,47.5,20.5
2026,2,JAX,DEN,0,2.5,43.5,20.5
2026,2,KC,IND,1,6.5,47.5,27.0
2026,2,LA,NYG,1,8.5,48.5,28.5
2026,2,LAC,LV,1,8.5,42.5,25.5
2026,2,LV,LAC,0,8.5,42.5,17.0
2026,2,MIA,SF,0,10.5,46.5,18.0
2026,2,MIN,CHI,0,3.5,45.5,21.0
2026,2,NE,PIT,1,4.5,43.5,24.0
2026,2,NO,BAL,0,7.5,46.5,19.5
2026,2,NYG,LA,0,8.5,48.5,20.0
2026,2,NYJ,GB,1,-5.5,42.5,18.5
2026,2,PHI,TEN,0,-4.5,42.5,23.5
2026,2,PIT,NE,0,4.5,43.5,19.5
2026,2,SEA,ARI,0,-10.0,44.5,27.25
2026,2,SF,MIA,1,10.5,46.5,28.5
2026,2,TB,CLE,1,5.5,42.5,24.0
2026,2,TEN,PHI,1,-4.5,42.5,19.0
2026,2,WAS,DAL,0,4.5,51.5,23.5
2026,3,ARI,SF,0,11.5,46.5,17.5
2026,3,ATL,GB,0,7.5,46.5,19.5
2026,3,BAL,DAL,0,-2.5,51.5,27.0
2026,3,BUF,LAC,1,3.0,48.5,25.75
2026,3,CAR,CLE,0,-1.5,39.5,20.5
2026,3,CHI,PHI,1,1.5,46.5,24.0
2026,3,CIN,PIT,0,-1.5,47.5,24.5
2026,3,CLE,CAR,1,-1.5,39.5,19.0
2026,3,DAL,BAL,1,-2.5,51.5,24.5
2026,3,DEN,LA,1,-3.0,45.5,21.25
2026,3,DET,NYJ,1,9.5,45.5,27.5
2026,3,GB,ATL,1,7.5,46.5,27.0
2026,3,HOU,IND,0,-1.5,45.5,23.5
2026,3,IND,HOU,1,-1.5,45.5,22.0
2026,3,JAX,NE,1,1.5,45.5,23.5
2026,3,KC,MIA,0,-7.5,44.5,26.0
2026,3,LA,DEN,0,-3.0,45.5,24.25
2026,3,LAC,BUF,0,3.0,48.5,22.75
2026,3,LV,NO,0,3.5,42.5,19.5
2026,3,MIA,KC,1,-7.5,44.5,18.5
2026,3,MIN,TB,0,1.5,44.5,21.5
2026,3,NE,JAX,0,1.5,45.5,22.0
2026,3,NO,LV,1,3.5,42.5,23.0
2026,3,NYG,TEN,1,3.0,44.5,23.75
2026,3,NYJ,DET,0,9.5,45.5,18.0
2026,3,PHI,CHI,0,1.5,46.5,22.5
2026,3,PIT,CIN,1,-1.5,47.5,23.0
2026,3,SEA,WAS,0,-3.5,46.5,25.0
2026,3,SF,ARI,1,11.5,46.5,29.0
2026,3,TB,MIN,1,1.5,44.5,23.0
2026,3,TEN,NYG,0,3.0,44.5,20.75
2026,3,WAS,SEA,1,-3.5,46.5,21.5
2026,4,CHI,NYJ,1,8.5,45.5,27.0
2026,4,CLE,PIT,1,-2.5,40.5,19.0
2026,4,DAL,HOU,0,2.5,47.5,22.5
2026,4,HOU,DAL,1,2.5,47.5,25.0
2026,4,IND,WAS,0,1.5,50.5,24.5
2026,4,NYJ,CHI,0,8.5,45.5,18.5
2026,4,PIT,CLE,0,-2.5,40.5,21.5
2026,4,WAS,IND,1,1.5,50.5,26.0
